{"level":"info","message":"Executing pipeline: Addition Pipeline"}
{"level":"info","message":"Executing pipeline: Addition Pipeline"}
{"level":"info","message":"Executing pipeline: Addition Pipeline"}
{"level":"info","message":"Executing pipeline: Addition Pipeline"}
{"level":"info","message":"Executing pipeline: Addition Pipeline"}
{"level":"info","message":"Executing pipeline: Addition Pipeline"}
{"level":"info","message":"Executing pipeline: Addition Pipeline"}
{"level":"info","message":"Executing pipeline: Addition Pipeline"}
{"level":"info","message":"pipeline: [object Object]"}
{"level":"info","message":"Executing pipeline: Addition Pipeline"}
{"level":"info","message":"pipeline: {\"id\":\"math-pipeline-001\",\"projectId\":\"math-test-project-001\",\"name\":\"Addition Pipeline\",\"description\":\"Pipeline for adding two numbers\",\"templateId\":\"simple-math-template-001\",\"mode\":\"accumulator\",\"status\":\"active\",\"created\":\"2024-03-20T10:00:00Z\",\"updated\":\"2024-03-20T10:00:00Z\",\"settings\":{\"timeout\":60,\"retryPolicy\":{\"attempts\":3,\"delay\":5}},\"trigger\":{\"type\":\"manual\",\"config\":{\"inputValidation\":true}},\"executions\":[]}"}
{"level":"info","message":"Executing pipeline: Addition Pipeline"}
{"level":"info","message":"pipeline: {\"id\":\"math-pipeline-001\",\"projectId\":\"math-test-project-001\",\"name\":\"Addition Pipeline\",\"description\":\"Pipeline for adding two numbers\",\"templateId\":\"simple-math-template-001\",\"mode\":\"accumulator\",\"status\":\"active\",\"created\":\"2024-03-20T10:00:00Z\",\"updated\":\"2024-03-20T10:00:00Z\",\"settings\":{\"timeout\":60,\"retryPolicy\":{\"attempts\":3,\"delay\":5}},\"trigger\":{\"type\":\"manual\",\"config\":{\"inputValidation\":true}},\"executions\":[]}"}
{"level":"info","message":"Executing pipeline: Addition Pipeline"}
{"level":"info","message":"executionLog: {\"pipelineId\":\"math-pipeline-001\",\"timestamp\":\"2025-02-05T19:11:58.526Z\",\"status\":\"running\"}"}
{"level":"info","message":"pipeline: {\"id\":\"math-pipeline-001\",\"projectId\":\"math-test-project-001\",\"name\":\"Addition Pipeline\",\"description\":\"Pipeline for adding two numbers\",\"templateId\":\"simple-math-template-001\",\"mode\":\"accumulator\",\"status\":\"active\",\"created\":\"2024-03-20T10:00:00Z\",\"updated\":\"2024-03-20T10:00:00Z\",\"settings\":{\"timeout\":60,\"retryPolicy\":{\"attempts\":3,\"delay\":5}},\"trigger\":{\"type\":\"manual\",\"config\":{\"inputValidation\":true}},\"executions\":[]}"}
{"level":"info","message":"Executing pipeline: Addition Pipeline"}
{"level":"info","message":"executionLog: {\"pipelineId\":\"math-pipeline-001\",\"timestamp\":\"2025-02-05T19:12:08.807Z\",\"status\":\"running\"}"}
{"level":"info","message":"pipeline: {\"id\":\"math-pipeline-001\",\"projectId\":\"math-test-project-001\",\"name\":\"summ(a, b) Pipeline\",\"description\":\"Pipeline for adding two numbers\",\"templateId\":\"simple-math-template-001\",\"mode\":\"accumulator\",\"status\":\"active\",\"created\":\"2024-03-20T10:00:00Z\",\"updated\":\"2024-03-20T10:00:00Z\",\"settings\":{\"timeout\":60,\"retryPolicy\":{\"attempts\":3,\"delay\":5}},\"trigger\":{\"type\":\"manual\",\"config\":{\"inputValidation\":true}},\"executions\":[]}"}
{"level":"info","message":"Executing pipeline: summ(a, b) Pipeline"}
{"level":"info","message":"executionLog: {\"pipelineId\":\"math-pipeline-001\",\"timestamp\":\"2025-02-05T19:27:41.586Z\",\"status\":\"running\"}"}
{"level":"info","message":"pipeline: {\"id\":\"math-pipeline-001\",\"projectId\":\"math-test-project-001\",\"name\":\"summ(a, b) Pipeline\",\"description\":\"Pipeline for adding two numbers\",\"templateId\":\"simple-math-template-001\",\"mode\":\"accumulator\",\"status\":\"active\",\"created\":\"2024-03-20T10:00:00Z\",\"updated\":\"2024-03-20T10:00:00Z\",\"settings\":{\"timeout\":60,\"retryPolicy\":{\"attempts\":3,\"delay\":5}},\"trigger\":{\"type\":\"manual\",\"config\":{\"inputValidation\":true}},\"executions\":[]}"}
{"level":"info","message":"Executing pipeline: summ(a, b) Pipeline"}
{"level":"info","message":"executionLog: {\"pipelineId\":\"math-pipeline-001\",\"timestamp\":\"2025-02-05T19:28:00.678Z\",\"status\":\"running\"}"}
{"level":"info","message":"pipeline: {\"id\":\"math-pipeline-001\",\"projectId\":\"math-test-project-001\",\"name\":\"summ(a, b) Pipeline\",\"description\":\"Pipeline for adding two numbers\",\"templateId\":\"simple-math-template-001\",\"mode\":\"accumulator\",\"status\":\"active\",\"created\":\"2024-03-20T10:00:00Z\",\"updated\":\"2024-03-20T10:00:00Z\",\"settings\":{\"timeout\":60,\"retryPolicy\":{\"attempts\":3,\"delay\":5}},\"trigger\":{\"type\":\"manual\",\"config\":{\"inputValidation\":true}},\"executions\":[]}"}
{"level":"info","message":"Executing pipeline: summ(a, b) Pipeline"}
{"level":"info","message":"executionLog: {\"pipelineId\":\"math-pipeline-001\",\"timestamp\":\"2025-02-05T19:29:14.898Z\",\"status\":\"running\"}"}
{"level":"info","message":"pipeline: {\"id\":\"math-pipeline-001\",\"projectId\":\"math-test-project-001\",\"name\":\"summ(a, b) Pipeline\",\"description\":\"Pipeline for adding two numbers\",\"templateId\":\"simple-math-template-001\",\"mode\":\"accumulator\",\"status\":\"active\",\"created\":\"2024-03-20T10:00:00Z\",\"updated\":\"2024-03-20T10:00:00Z\",\"settings\":{\"timeout\":60,\"retryPolicy\":{\"attempts\":3,\"delay\":5}},\"trigger\":{\"type\":\"manual\",\"config\":{\"inputValidation\":true}},\"executions\":[]}"}
{"level":"info","message":"Executing pipeline: summ(a, b) Pipeline"}
{"level":"info","message":"executionLog: {\"pipelineId\":\"math-pipeline-001\",\"timestamp\":\"2025-02-05T19:30:21.610Z\",\"status\":\"running\"}"}
{"level":"info","message":"pipeline: {\"id\":\"math-pipeline-001\",\"projectId\":\"math-test-project-001\",\"name\":\"summ(a, b) Pipeline\",\"description\":\"Pipeline for adding two numbers\",\"templateId\":\"simple-math-template-001\",\"mode\":\"accumulator\",\"status\":\"active\",\"created\":\"2024-03-20T10:00:00Z\",\"updated\":\"2024-03-20T10:00:00Z\",\"settings\":{\"timeout\":60,\"retryPolicy\":{\"attempts\":3,\"delay\":5}},\"trigger\":{\"type\":\"manual\",\"config\":{\"inputValidation\":true}},\"executions\":[]}"}
{"level":"info","message":"Executing pipeline: summ(a, b) Pipeline"}
{"level":"info","message":"executionLog: {\"pipelineId\":\"math-pipeline-001\",\"timestamp\":\"2025-02-05T19:31:47.686Z\",\"status\":\"running\"}"}
{"level":"info","message":"pipeline: {\"id\":\"math-pipeline-001\",\"projectId\":\"math-test-project-001\",\"name\":\"summ(a, b) Pipeline\",\"description\":\"Pipeline for adding two numbers\",\"templateId\":\"simple-math-template-001\",\"mode\":\"accumulator\",\"status\":\"active\",\"created\":\"2024-03-20T10:00:00Z\",\"updated\":\"2024-03-20T10:00:00Z\",\"settings\":{\"timeout\":60,\"retryPolicy\":{\"attempts\":3,\"delay\":5}},\"trigger\":{\"type\":\"manual\",\"config\":{\"inputValidation\":true}},\"executions\":[]}"}
{"level":"info","message":"Executing pipeline: summ(a, b) Pipeline"}
{"level":"info","message":"executionLog: {\"pipelineId\":\"math-pipeline-001\",\"timestamp\":\"2025-02-05T19:31:58.570Z\",\"status\":\"running\"}"}
{"level":"info","message":"pipeline: {\"id\":\"math-pipeline-001\",\"projectId\":\"math-test-project-001\",\"name\":\"summ(a, b) Pipeline\",\"description\":\"Pipeline for adding two numbers\",\"templateId\":\"simple-math-template-001\",\"mode\":\"accumulator\",\"status\":\"active\",\"created\":\"2024-03-20T10:00:00Z\",\"updated\":\"2024-03-20T10:00:00Z\",\"settings\":{\"timeout\":60,\"retryPolicy\":{\"attempts\":3,\"delay\":5}},\"trigger\":{\"type\":\"manual\",\"config\":{\"inputValidation\":true}},\"executions\":[]}"}
{"level":"info","message":"Executing pipeline: summ(a, b) Pipeline"}
{"level":"info","message":"executionLog: {\"pipelineId\":\"math-pipeline-001\",\"timestamp\":\"2025-02-05T19:32:07.401Z\",\"status\":\"running\"}"}
{"level":"info","message":"pipeline: {\"id\":\"math-pipeline-001\",\"projectId\":\"math-test-project-001\",\"name\":\"summ(a, b) Pipeline\",\"description\":\"Pipeline for adding two numbers\",\"templateId\":\"simple-math-template-001\",\"mode\":\"accumulator\",\"status\":\"active\",\"created\":\"2024-03-20T10:00:00Z\",\"updated\":\"2024-03-20T10:00:00Z\",\"settings\":{\"timeout\":60,\"retryPolicy\":{\"attempts\":3,\"delay\":5}},\"trigger\":{\"type\":\"manual\",\"config\":{\"inputValidation\":true}},\"executions\":[]}"}
{"level":"info","message":"Executing pipeline: summ(a, b) Pipeline"}
{"level":"info","message":"executionLog: {\"pipelineId\":\"math-pipeline-001\",\"timestamp\":\"2025-02-05T19:32:30.614Z\",\"status\":\"running\"}"}
{"level":"info","message":"pipeline: {\"id\":\"math-pipeline-001\",\"projectId\":\"math-test-project-001\",\"name\":\"summ(a, b) Pipeline\",\"description\":\"Pipeline for adding two numbers\",\"templateId\":\"simple-math-template-001\",\"mode\":\"accumulator\",\"status\":\"active\",\"created\":\"2024-03-20T10:00:00Z\",\"updated\":\"2024-03-20T10:00:00Z\",\"settings\":{\"timeout\":60,\"retryPolicy\":{\"attempts\":3,\"delay\":5}},\"trigger\":{\"type\":\"manual\",\"config\":{\"inputValidation\":true}},\"executions\":[]}"}
{"level":"info","message":"Executing pipeline: summ(a, b) Pipeline"}
{"level":"info","message":"executionLog: {\"pipelineId\":\"math-pipeline-001\",\"timestamp\":\"2025-02-05T19:41:48.674Z\",\"status\":\"running\"}"}
{"level":"info","message":"pipeline: {\"id\":\"math-pipeline-001\",\"projectId\":\"math-test-project-001\",\"name\":\"summ(a, b) Pipeline\",\"description\":\"Pipeline for adding two numbers\",\"templateId\":\"simple-math-template-001\",\"mode\":\"accumulator\",\"status\":\"active\",\"created\":\"2024-03-20T10:00:00Z\",\"updated\":\"2024-03-20T10:00:00Z\",\"settings\":{\"timeout\":60,\"retryPolicy\":{\"attempts\":3,\"delay\":5}},\"trigger\":{\"type\":\"manual\",\"config\":{\"inputValidation\":true}},\"executions\":[]}"}
{"level":"info","message":"Executing pipeline: summ(a, b) Pipeline"}
{"level":"info","message":"executionLog: {\"pipelineId\":\"math-pipeline-001\",\"timestamp\":\"2025-02-05T19:42:25.908Z\",\"status\":\"running\"}"}
{"level":"info","message":"pipeline: {\"id\":\"math-pipeline-001\",\"projectId\":\"math-test-project-001\",\"name\":\"summ(a, b) Pipeline\",\"description\":\"Pipeline for adding two numbers\",\"templateId\":\"simple-math-template-001\",\"mode\":\"accumulator\",\"status\":\"active\",\"created\":\"2024-03-20T10:00:00Z\",\"updated\":\"2024-03-20T10:00:00Z\",\"settings\":{\"timeout\":60,\"retryPolicy\":{\"attempts\":3,\"delay\":5}},\"trigger\":{\"type\":\"manual\",\"config\":{\"inputValidation\":true}},\"executions\":[]}"}
{"level":"info","message":"Executing pipeline: summ(a, b) Pipeline"}
{"level":"info","message":"executionLog: {\"pipelineId\":\"math-pipeline-001\",\"timestamp\":\"2025-02-05T19:43:01.280Z\",\"status\":\"running\"}"}
{"level":"info","message":"pipeline: {\"id\":\"math-pipeline-001\",\"projectId\":\"math-test-project-001\",\"name\":\"summ(a, b) Pipeline\",\"description\":\"Pipeline for adding two numbers\",\"templateId\":\"simple-math-template-001\",\"mode\":\"accumulator\",\"status\":\"active\",\"created\":\"2024-03-20T10:00:00Z\",\"updated\":\"2024-03-20T10:00:00Z\",\"settings\":{\"timeout\":60,\"retryPolicy\":{\"attempts\":3,\"delay\":5}},\"trigger\":{\"type\":\"manual\",\"config\":{\"inputValidation\":true}},\"executions\":[]}"}
{"level":"info","message":"Executing pipeline: summ(a, b) Pipeline"}
{"level":"info","message":"executionLog: {\"pipelineId\":\"math-pipeline-001\",\"timestamp\":\"2025-02-05T19:43:41.172Z\",\"status\":\"running\"}"}
{"level":"info","message":"pipeline: {\"id\":\"math-pipeline-001\",\"projectId\":\"math-test-project-001\",\"name\":\"summ(a, b) Pipeline\",\"description\":\"Pipeline for adding two numbers\",\"templateId\":\"simple-math-template-001\",\"mode\":\"accumulator\",\"status\":\"active\",\"created\":\"2024-03-20T10:00:00Z\",\"updated\":\"2024-03-20T10:00:00Z\",\"settings\":{\"timeout\":60,\"retryPolicy\":{\"attempts\":3,\"delay\":5}},\"trigger\":{\"type\":\"manual\",\"config\":{\"inputValidation\":true}},\"executions\":[]}"}
{"level":"info","message":"Executing pipeline: summ(a, b) Pipeline"}
{"level":"info","message":"executionLog: {\"pipelineId\":\"math-pipeline-001\",\"timestamp\":\"2025-02-05T19:43:59.011Z\",\"status\":\"running\"}"}
{"level":"info","message":"pipeline: {\"id\":\"math-pipeline-001\",\"projectId\":\"math-test-project-001\",\"name\":\"summ(a, b) Pipeline\",\"description\":\"Pipeline for adding two numbers\",\"templateId\":\"simple-math-template-001\",\"mode\":\"accumulator\",\"status\":\"active\",\"created\":\"2024-03-20T10:00:00Z\",\"updated\":\"2024-03-20T10:00:00Z\",\"settings\":{\"timeout\":60,\"retryPolicy\":{\"attempts\":3,\"delay\":5}},\"trigger\":{\"type\":\"manual\",\"config\":{\"inputValidation\":true}},\"executions\":[]}"}
{"level":"info","message":"Executing pipeline: summ(a, b) Pipeline"}
{"level":"info","message":"executionLog: {\"pipelineId\":\"math-pipeline-001\",\"timestamp\":\"2025-02-05T19:44:03.565Z\",\"status\":\"running\"}"}
{"level":"info","message":"pipeline: {\"id\":\"math-pipeline-001\",\"projectId\":\"math-test-project-001\",\"name\":\"summ(a, b) Pipeline\",\"description\":\"Pipeline for adding two numbers\",\"templateId\":\"simple-math-template-001\",\"mode\":\"accumulator\",\"status\":\"active\",\"created\":\"2024-03-20T10:00:00Z\",\"updated\":\"2024-03-20T10:00:00Z\",\"settings\":{\"timeout\":60,\"retryPolicy\":{\"attempts\":3,\"delay\":5}},\"trigger\":{\"type\":\"manual\",\"config\":{\"inputValidation\":true}},\"executions\":[]}"}
{"level":"info","message":"Executing pipeline: summ(a, b) Pipeline"}
{"level":"info","message":"executionLog: {\"pipelineId\":\"math-pipeline-001\",\"timestamp\":\"2025-02-05T19:44:09.531Z\",\"status\":\"running\"}"}
{"level":"info","message":"pipeline: {\"id\":\"math-pipeline-001\",\"projectId\":\"math-test-project-001\",\"name\":\"summ(a, b) Pipeline\",\"description\":\"Pipeline for adding two numbers\",\"templateId\":\"simple-math-template-001\",\"mode\":\"accumulator\",\"status\":\"active\",\"created\":\"2024-03-20T10:00:00Z\",\"updated\":\"2024-03-20T10:00:00Z\",\"settings\":{\"timeout\":60,\"retryPolicy\":{\"attempts\":3,\"delay\":5}},\"trigger\":{\"type\":\"manual\",\"config\":{\"inputValidation\":true}},\"executions\":[]}"}
{"level":"info","message":"Executing pipeline: summ(a, b) Pipeline"}
{"level":"info","message":"executionLog: {\"pipelineId\":\"math-pipeline-001\",\"timestamp\":\"2025-02-05T19:45:03.069Z\",\"status\":\"running\"}"}
{"level":"info","message":"pipeline: {\"id\":\"math-pipeline-001\",\"projectId\":\"math-test-project-001\",\"name\":\"summ(a, b) Pipeline\",\"description\":\"Pipeline for adding two numbers\",\"templateId\":\"simple-math-template-001\",\"mode\":\"accumulator\",\"status\":\"active\",\"created\":\"2024-03-20T10:00:00Z\",\"updated\":\"2024-03-20T10:00:00Z\",\"settings\":{\"timeout\":60,\"retryPolicy\":{\"attempts\":3,\"delay\":5}},\"trigger\":{\"type\":\"manual\",\"config\":{\"inputValidation\":true}},\"executions\":[]}"}
{"level":"info","message":"Executing pipeline: summ(a, b) Pipeline"}
{"level":"info","message":"executionLog: {\"pipelineId\":\"math-pipeline-001\",\"timestamp\":\"2025-02-05T19:45:08.075Z\",\"status\":\"running\"}"}
{"level":"info","message":"pipeline: {\"id\":\"math-pipeline-001\",\"projectId\":\"math-test-project-001\",\"name\":\"summ(a, b) Pipeline\",\"description\":\"Pipeline for adding two numbers\",\"templateId\":\"simple-math-template-001\",\"mode\":\"accumulator\",\"status\":\"active\",\"created\":\"2024-03-20T10:00:00Z\",\"updated\":\"2024-03-20T10:00:00Z\",\"settings\":{\"timeout\":60,\"retryPolicy\":{\"attempts\":3,\"delay\":5}},\"trigger\":{\"type\":\"manual\",\"config\":{\"inputValidation\":true}},\"executions\":[]}"}
{"level":"info","message":"Executing pipeline: summ(a, b) Pipeline"}
{"level":"info","message":"executionLog: {\"pipelineId\":\"math-pipeline-001\",\"timestamp\":\"2025-02-05T19:45:10.140Z\",\"status\":\"running\"}"}
{"level":"info","message":"pipeline: {\"id\":\"math-pipeline-001\",\"projectId\":\"math-test-project-001\",\"name\":\"summ(a, b) Pipeline\",\"description\":\"Pipeline for adding two numbers\",\"templateId\":\"simple-math-template-001\",\"mode\":\"accumulator\",\"status\":\"active\",\"created\":\"2024-03-20T10:00:00Z\",\"updated\":\"2024-03-20T10:00:00Z\",\"settings\":{\"timeout\":60,\"retryPolicy\":{\"attempts\":3,\"delay\":5}},\"trigger\":{\"type\":\"manual\",\"config\":{\"inputValidation\":true}},\"executions\":[]}"}
{"level":"info","message":"Executing pipeline: summ(a, b) Pipeline"}
{"level":"info","message":"executionLog: {\"pipelineId\":\"math-pipeline-001\",\"timestamp\":\"2025-02-05T19:45:46.946Z\",\"status\":\"running\"}"}
{"level":"info","message":"pipeline: {\"id\":\"math-pipeline-001\",\"projectId\":\"math-test-project-001\",\"name\":\"summ(a, b) Pipeline\",\"description\":\"Pipeline for adding two numbers\",\"templateId\":\"simple-math-template-001\",\"mode\":\"accumulator\",\"status\":\"active\",\"created\":\"2024-03-20T10:00:00Z\",\"updated\":\"2024-03-20T10:00:00Z\",\"settings\":{\"timeout\":60,\"retryPolicy\":{\"attempts\":3,\"delay\":5}},\"trigger\":{\"type\":\"manual\",\"config\":{\"inputValidation\":true}},\"executions\":[]}"}
{"level":"info","message":"Executing pipeline: summ(a, b) Pipeline"}
{"level":"info","message":"executionLog: {\"pipelineId\":\"math-pipeline-001\",\"timestamp\":\"2025-02-05T19:46:52.096Z\",\"status\":\"running\"}"}
{"level":"info","message":"template: [object Object]"}
{"level":"info","message":"pipeline: {\"id\":\"math-pipeline-001\",\"projectId\":\"math-test-project-001\",\"name\":\"summ(a, b) Pipeline\",\"description\":\"Pipeline for adding two numbers\",\"templateId\":\"simple-math-template-001\",\"mode\":\"accumulator\",\"status\":\"active\",\"created\":\"2024-03-20T10:00:00Z\",\"updated\":\"2024-03-20T10:00:00Z\",\"settings\":{\"timeout\":60,\"retryPolicy\":{\"attempts\":3,\"delay\":5}},\"trigger\":{\"type\":\"manual\",\"config\":{\"inputValidation\":true}},\"executions\":[]}"}
{"level":"info","message":"Executing pipeline: summ(a, b) Pipeline"}
{"level":"info","message":"executionLog: {\"pipelineId\":\"math-pipeline-001\",\"timestamp\":\"2025-02-05T19:47:14.841Z\",\"status\":\"running\"}"}
{"level":"info","message":"template: {\"id\":\"simple-math-template-001\",\"name\":\"Simple Addition Template\",\"description\":\"Template for adding two numbers\",\"version\":\"1.0.0\",\"nodes\":[{\"id\":\"input-1\",\"type\":\"input\",\"config\":{\"name\":\"firstNumber\",\"dataType\":\"number\",\"required\":true},\"position\":{\"x\":100,\"y\":100}},{\"id\":\"input-2\",\"type\":\"input\",\"config\":{\"name\":\"secondNumber\",\"dataType\":\"number\",\"required\":true},\"position\":{\"x\":100,\"y\":200}},{\"id\":\"transform-plus\",\"type\":\"transform\",\"config\":{\"operation\":\"math\",\"method\":\"add\"},\"position\":{\"x\":300,\"y\":150}},{\"id\":\"return-result\",\"type\":\"return\",\"config\":{\"name\":\"sum\",\"dataType\":\"number\"},\"position\":{\"x\":500,\"y\":150}}],\"connections\":[{\"id\":\"conn-1\",\"sourceNodeId\":\"input-1\",\"targetNodeId\":\"transform-plus\",\"sourcePort\":\"output\",\"targetPort\":\"input1\"},{\"id\":\"conn-2\",\"sourceNodeId\":\"input-2\",\"targetNodeId\":\"transform-plus\",\"sourcePort\":\"output\",\"targetPort\":\"input2\"},{\"id\":\"conn-3\",\"sourceNodeId\":\"transform-plus\",\"targetNodeId\":\"return-result\",\"sourcePort\":\"output\",\"targetPort\":\"input\"}],\"validation\":{\"isValid\":true,\"errors\":[]}}"}
{"level":"info","message":"pipeline: {\"id\":\"math-pipeline-001\",\"projectId\":\"math-test-project-001\",\"name\":\"summ(a, b) Pipeline\",\"description\":\"Pipeline for adding two numbers\",\"templateId\":\"simple-math-template-001\",\"mode\":\"accumulator\",\"status\":\"active\",\"created\":\"2024-03-20T10:00:00Z\",\"updated\":\"2024-03-20T10:00:00Z\",\"settings\":{\"timeout\":60,\"retryPolicy\":{\"attempts\":3,\"delay\":5}},\"trigger\":{\"type\":\"manual\",\"config\":{\"inputValidation\":true}},\"executions\":[]}"}
{"level":"info","message":"Executing pipeline: summ(a, b) Pipeline"}
{"level":"info","message":"executionLog: {\"pipelineId\":\"math-pipeline-001\",\"timestamp\":\"2025-02-05T19:47:56.064Z\",\"status\":\"running\"}"}
{"level":"info","message":"template: {\"id\":\"simple-math-template-001\",\"name\":\"Simple Addition Template\",\"description\":\"Template for adding two numbers\",\"version\":\"1.0.0\",\"nodes\":[{\"id\":\"input-1\",\"type\":\"input\",\"config\":{\"name\":\"firstNumber\",\"dataType\":\"number\",\"required\":true},\"position\":{\"x\":100,\"y\":100}},{\"id\":\"input-2\",\"type\":\"input\",\"config\":{\"name\":\"secondNumber\",\"dataType\":\"number\",\"required\":true},\"position\":{\"x\":100,\"y\":200}},{\"id\":\"transform-plus\",\"type\":\"transform\",\"config\":{\"operation\":\"math\",\"method\":\"add\"},\"position\":{\"x\":300,\"y\":150}},{\"id\":\"return-result\",\"type\":\"return\",\"config\":{\"name\":\"sum\",\"dataType\":\"number\"},\"position\":{\"x\":500,\"y\":150}}],\"connections\":[{\"id\":\"conn-1\",\"sourceNodeId\":\"input-1\",\"targetNodeId\":\"transform-plus\",\"sourcePort\":\"output\",\"targetPort\":\"input1\"},{\"id\":\"conn-2\",\"sourceNodeId\":\"input-2\",\"targetNodeId\":\"transform-plus\",\"sourcePort\":\"output\",\"targetPort\":\"input2\"},{\"id\":\"conn-3\",\"sourceNodeId\":\"transform-plus\",\"targetNodeId\":\"return-result\",\"sourcePort\":\"output\",\"targetPort\":\"input\"}],\"validation\":{\"isValid\":true,\"errors\":[]}}"}
{"level":"info","message":"pipeline: {\"id\":\"math-pipeline-001\",\"projectId\":\"math-test-project-001\",\"name\":\"summ(a, b) Pipeline\",\"description\":\"Pipeline for adding two numbers\",\"templateId\":\"simple-math-template-001\",\"mode\":\"accumulator\",\"status\":\"active\",\"created\":\"2024-03-20T10:00:00Z\",\"updated\":\"2024-03-20T10:00:00Z\",\"settings\":{\"timeout\":60,\"retryPolicy\":{\"attempts\":3,\"delay\":5}},\"trigger\":{\"type\":\"manual\",\"config\":{\"inputValidation\":true}},\"executions\":[]}"}
{"level":"info","message":"Executing pipeline: summ(a, b) Pipeline"}
{"level":"info","message":"executionLog: {\"pipelineId\":\"math-pipeline-001\",\"timestamp\":\"2025-02-05T19:48:01.690Z\",\"status\":\"running\"}"}
{"level":"info","message":"template: {\"id\":\"simple-math-template-001\",\"name\":\"Simple Addition Template\",\"description\":\"Template for adding two numbers\",\"version\":\"1.0.0\",\"nodes\":[{\"id\":\"input-1\",\"type\":\"input\",\"config\":{\"name\":\"firstNumber\",\"dataType\":\"number\",\"required\":true},\"position\":{\"x\":100,\"y\":100}},{\"id\":\"input-2\",\"type\":\"input\",\"config\":{\"name\":\"secondNumber\",\"dataType\":\"number\",\"required\":true},\"position\":{\"x\":100,\"y\":200}},{\"id\":\"transform-plus\",\"type\":\"transform\",\"config\":{\"operation\":\"math\",\"method\":\"add\"},\"position\":{\"x\":300,\"y\":150}},{\"id\":\"return-result\",\"type\":\"return\",\"config\":{\"name\":\"sum\",\"dataType\":\"number\"},\"position\":{\"x\":500,\"y\":150}}],\"connections\":[{\"id\":\"conn-1\",\"sourceNodeId\":\"input-1\",\"targetNodeId\":\"transform-plus\",\"sourcePort\":\"output\",\"targetPort\":\"input1\"},{\"id\":\"conn-2\",\"sourceNodeId\":\"input-2\",\"targetNodeId\":\"transform-plus\",\"sourcePort\":\"output\",\"targetPort\":\"input2\"},{\"id\":\"conn-3\",\"sourceNodeId\":\"transform-plus\",\"targetNodeId\":\"return-result\",\"sourcePort\":\"output\",\"targetPort\":\"input\"}],\"validation\":{\"isValid\":true,\"errors\":[]}}"}
{"level":"error","message":"Error executing node input-1: Required input \"firstNumber\" not provided"}
{"level":"error","message":"Error executing node input-2: Required input \"secondNumber\" not provided"}
{"level":"info","message":"Node transform-plus executed successfully."}
{"level":"info","message":"pipeline: {\"id\":\"math-pipeline-001\",\"projectId\":\"math-test-project-001\",\"name\":\"summ(a, b) Pipeline\",\"description\":\"Pipeline for adding two numbers\",\"templateId\":\"simple-math-template-001\",\"mode\":\"accumulator\",\"status\":\"active\",\"created\":\"2024-03-20T10:00:00Z\",\"updated\":\"2024-03-20T10:00:00Z\",\"settings\":{\"timeout\":60,\"retryPolicy\":{\"attempts\":3,\"delay\":5}},\"trigger\":{\"type\":\"manual\",\"config\":{\"inputValidation\":true}},\"executions\":[]}"}
{"level":"info","message":"Executing pipeline: summ(a, b) Pipeline"}
{"level":"info","message":"executionLog: {\"pipelineId\":\"math-pipeline-001\",\"timestamp\":\"2025-02-05T19:48:41.100Z\",\"status\":\"running\"}"}
{"level":"info","message":"template: {\"id\":\"simple-math-template-001\",\"name\":\"Simple Addition Template\",\"description\":\"Template for adding two numbers\",\"version\":\"1.0.0\",\"nodes\":[{\"id\":\"input-1\",\"type\":\"input\",\"config\":{\"name\":\"firstNumber\",\"dataType\":\"number\",\"required\":true},\"position\":{\"x\":100,\"y\":100}},{\"id\":\"input-2\",\"type\":\"input\",\"config\":{\"name\":\"secondNumber\",\"dataType\":\"number\",\"required\":true},\"position\":{\"x\":100,\"y\":200}},{\"id\":\"transform-plus\",\"type\":\"transform\",\"config\":{\"operation\":\"math\",\"method\":\"add\"},\"position\":{\"x\":300,\"y\":150}},{\"id\":\"return-result\",\"type\":\"return\",\"config\":{\"name\":\"sum\",\"dataType\":\"number\"},\"position\":{\"x\":500,\"y\":150}}],\"connections\":[{\"id\":\"conn-1\",\"sourceNodeId\":\"input-1\",\"targetNodeId\":\"transform-plus\",\"sourcePort\":\"output\",\"targetPort\":\"input1\"},{\"id\":\"conn-2\",\"sourceNodeId\":\"input-2\",\"targetNodeId\":\"transform-plus\",\"sourcePort\":\"output\",\"targetPort\":\"input2\"},{\"id\":\"conn-3\",\"sourceNodeId\":\"transform-plus\",\"targetNodeId\":\"return-result\",\"sourcePort\":\"output\",\"targetPort\":\"input\"}],\"validation\":{\"isValid\":true,\"errors\":[]}}"}
{"level":"error","message":"Error executing node input-1: Required input \"firstNumber\" not provided"}
{"level":"error","message":"Error executing node input-2: Required input \"secondNumber\" not provided"}
{"level":"info","message":"Node transform-plus executed successfully."}
{"level":"info","message":"pipeline: {\"id\":\"math-pipeline-001\",\"projectId\":\"math-test-project-001\",\"name\":\"summ(a, b) Pipeline\",\"description\":\"Pipeline for adding two numbers\",\"templateId\":\"simple-math-template-001\",\"mode\":\"accumulator\",\"status\":\"active\",\"created\":\"2024-03-20T10:00:00Z\",\"updated\":\"2024-03-20T10:00:00Z\",\"settings\":{\"timeout\":60,\"retryPolicy\":{\"attempts\":3,\"delay\":5}},\"trigger\":{\"type\":\"manual\",\"config\":{\"inputValidation\":true}},\"executions\":[]}"}
{"level":"info","message":"[InputNode] inputs: {}"}
{"level":"info","message":"[InputNode] inputs: {}"}
{"level":"info","message":"Executing pipeline: summ(a, b) Pipeline"}
{"level":"info","message":"executionLog: {\"pipelineId\":\"math-pipeline-001\",\"timestamp\":\"2025-02-05T19:57:51.886Z\",\"status\":\"running\"}"}
{"level":"info","message":"template: {\"id\":\"simple-math-template-001\",\"name\":\"Simple Addition Template\",\"description\":\"Template for adding two numbers\",\"version\":\"1.0.0\",\"nodes\":[{\"id\":\"input-1\",\"type\":\"input\",\"config\":{\"name\":\"firstNumber\",\"dataType\":\"number\",\"required\":true},\"position\":{\"x\":100,\"y\":100}},{\"id\":\"input-2\",\"type\":\"input\",\"config\":{\"name\":\"secondNumber\",\"dataType\":\"number\",\"required\":true},\"position\":{\"x\":100,\"y\":200}},{\"id\":\"transform-plus\",\"type\":\"transform\",\"config\":{\"operation\":\"math\",\"method\":\"add\"},\"position\":{\"x\":300,\"y\":150}},{\"id\":\"return-result\",\"type\":\"return\",\"config\":{\"name\":\"sum\",\"dataType\":\"number\"},\"position\":{\"x\":500,\"y\":150}}],\"connections\":[{\"id\":\"conn-1\",\"sourceNodeId\":\"input-1\",\"targetNodeId\":\"transform-plus\",\"sourcePort\":\"output\",\"targetPort\":\"input1\"},{\"id\":\"conn-2\",\"sourceNodeId\":\"input-2\",\"targetNodeId\":\"transform-plus\",\"sourcePort\":\"output\",\"targetPort\":\"input2\"},{\"id\":\"conn-3\",\"sourceNodeId\":\"transform-plus\",\"targetNodeId\":\"return-result\",\"sourcePort\":\"output\",\"targetPort\":\"input\"}],\"validation\":{\"isValid\":true,\"errors\":[]}}"}
{"level":"error","message":"Error executing node input-1: Required input \"firstNumber\" not provided"}
{"level":"error","message":"Error executing node input-2: Required input \"secondNumber\" not provided"}
{"level":"info","message":"Node transform-plus executed successfully."}
{"level":"info","message":"pipeline: {\"id\":\"math-pipeline-001\",\"projectId\":\"math-test-project-001\",\"name\":\"summ(a, b) Pipeline\",\"description\":\"Pipeline for adding two numbers\",\"templateId\":\"simple-math-template-001\",\"mode\":\"accumulator\",\"status\":\"active\",\"created\":\"2024-03-20T10:00:00Z\",\"updated\":\"2024-03-20T10:00:00Z\",\"settings\":{\"timeout\":60,\"retryPolicy\":{\"attempts\":3,\"delay\":5}},\"trigger\":{\"type\":\"manual\",\"config\":{\"inputValidation\":true}},\"executions\":[]}"}
{"level":"info","message":"[InputNode] inputs: {}"}
{"level":"info","message":"[InputNode] inputs: {}"}
{"level":"info","message":"Executing pipeline: summ(a, b) Pipeline"}
{"level":"info","message":"executionLog: {\"pipelineId\":\"math-pipeline-001\",\"timestamp\":\"2025-02-05T20:00:38.399Z\",\"status\":\"running\"}"}
{"level":"info","message":"template: {\"id\":\"simple-math-template-001\",\"name\":\"Simple Addition Template\",\"description\":\"Template for adding two numbers\",\"version\":\"1.0.0\",\"nodes\":[{\"id\":\"input-1\",\"type\":\"input\",\"config\":{\"name\":\"firstNumber\",\"dataType\":\"number\",\"required\":true},\"position\":{\"x\":100,\"y\":100}},{\"id\":\"input-2\",\"type\":\"input\",\"config\":{\"name\":\"secondNumber\",\"dataType\":\"number\",\"required\":true},\"position\":{\"x\":100,\"y\":200}},{\"id\":\"transform-plus\",\"type\":\"transform\",\"config\":{\"operation\":\"math\",\"method\":\"add\"},\"position\":{\"x\":300,\"y\":150}},{\"id\":\"return-result\",\"type\":\"return\",\"config\":{\"name\":\"sum\",\"dataType\":\"number\"},\"position\":{\"x\":500,\"y\":150}}],\"connections\":[{\"id\":\"conn-1\",\"sourceNodeId\":\"input-1\",\"targetNodeId\":\"transform-plus\",\"sourcePort\":\"output\",\"targetPort\":\"input1\"},{\"id\":\"conn-2\",\"sourceNodeId\":\"input-2\",\"targetNodeId\":\"transform-plus\",\"sourcePort\":\"output\",\"targetPort\":\"input2\"},{\"id\":\"conn-3\",\"sourceNodeId\":\"transform-plus\",\"targetNodeId\":\"return-result\",\"sourcePort\":\"output\",\"targetPort\":\"input\"}],\"validation\":{\"isValid\":true,\"errors\":[]}}"}
{"level":"info","message":"nodes: [{\"id\":\"input-1\",\"type\":\"input\",\"config\":{\"name\":\"firstNumber\",\"dataType\":\"number\",\"required\":true},\"position\":{\"x\":100,\"y\":100}},{\"id\":\"input-2\",\"type\":\"input\",\"config\":{\"name\":\"secondNumber\",\"dataType\":\"number\",\"required\":true},\"position\":{\"x\":100,\"y\":200}},{\"id\":\"transform-plus\",\"type\":\"transform\",\"config\":{\"operation\":\"math\",\"method\":\"add\"},\"position\":{\"x\":300,\"y\":150}},{\"id\":\"return-result\",\"type\":\"return\",\"config\":{\"name\":\"sum\",\"dataType\":\"number\"},\"position\":{\"x\":500,\"y\":150}}]"}
{"level":"error","message":"Error executing node input-1: Required input \"firstNumber\" not provided"}
{"level":"error","message":"Error executing node input-2: Required input \"secondNumber\" not provided"}
{"level":"info","message":"Node transform-plus executed successfully."}
{"level":"info","message":"pipeline: {\"id\":\"math-pipeline-001\",\"projectId\":\"math-test-project-001\",\"name\":\"summ(a, b) Pipeline\",\"description\":\"Pipeline for adding two numbers\",\"templateId\":\"simple-math-template-001\",\"mode\":\"accumulator\",\"status\":\"active\",\"created\":\"2024-03-20T10:00:00Z\",\"updated\":\"2024-03-20T10:00:00Z\",\"settings\":{\"timeout\":60,\"retryPolicy\":{\"attempts\":3,\"delay\":5}},\"trigger\":{\"type\":\"manual\",\"config\":{\"inputValidation\":true}},\"executions\":[]}"}
{"level":"info","message":"[InputNode] inputs: {}"}
{"level":"info","message":"[InputNode] inputs: {}"}
{"level":"info","message":"Executing pipeline: summ(a, b) Pipeline"}
{"level":"info","message":"executionLog: {\"pipelineId\":\"math-pipeline-001\",\"timestamp\":\"2025-02-05T20:01:16.770Z\",\"status\":\"running\"}"}
{"level":"info","message":"template: {\"id\":\"simple-math-template-001\",\"name\":\"Simple Addition Template\",\"description\":\"Template for adding two numbers\",\"version\":\"1.0.0\",\"nodes\":[{\"id\":\"input-1\",\"type\":\"input\",\"config\":{\"name\":\"firstNumber\",\"dataType\":\"number\",\"required\":true},\"position\":{\"x\":100,\"y\":100}},{\"id\":\"input-2\",\"type\":\"input\",\"config\":{\"name\":\"secondNumber\",\"dataType\":\"number\",\"required\":true},\"position\":{\"x\":100,\"y\":200}},{\"id\":\"transform-plus\",\"type\":\"transform\",\"config\":{\"operation\":\"math\",\"method\":\"add\"},\"position\":{\"x\":300,\"y\":150}},{\"id\":\"return-result\",\"type\":\"return\",\"config\":{\"name\":\"sum\",\"dataType\":\"number\"},\"position\":{\"x\":500,\"y\":150}}],\"connections\":[{\"id\":\"conn-1\",\"sourceNodeId\":\"input-1\",\"targetNodeId\":\"transform-plus\",\"sourcePort\":\"output\",\"targetPort\":\"input1\"},{\"id\":\"conn-2\",\"sourceNodeId\":\"input-2\",\"targetNodeId\":\"transform-plus\",\"sourcePort\":\"output\",\"targetPort\":\"input2\"},{\"id\":\"conn-3\",\"sourceNodeId\":\"transform-plus\",\"targetNodeId\":\"return-result\",\"sourcePort\":\"output\",\"targetPort\":\"input\"}],\"validation\":{\"isValid\":true,\"errors\":[]}}"}
{"level":"info","message":"nodes: [{\"id\":\"input-1\",\"type\":\"input\",\"config\":{\"name\":\"firstNumber\",\"dataType\":\"number\",\"required\":true},\"position\":{\"x\":100,\"y\":100}},{\"id\":\"input-2\",\"type\":\"input\",\"config\":{\"name\":\"secondNumber\",\"dataType\":\"number\",\"required\":true},\"position\":{\"x\":100,\"y\":200}},{\"id\":\"transform-plus\",\"type\":\"transform\",\"config\":{\"operation\":\"math\",\"method\":\"add\"},\"position\":{\"x\":300,\"y\":150}},{\"id\":\"return-result\",\"type\":\"return\",\"config\":{\"name\":\"sum\",\"dataType\":\"number\"},\"position\":{\"x\":500,\"y\":150}}]"}
{"level":"info","message":"nodeInputs: {}"}
{"level":"info","message":"nodeInputs: {}"}
{"level":"info","message":"nodeInputs: {}"}
{"level":"info","message":"nodeInputs: {}"}
{"level":"error","message":"Error executing node input-1: Required input \"firstNumber\" not provided"}
{"level":"error","message":"Error executing node input-2: Required input \"secondNumber\" not provided"}
{"level":"info","message":"Node transform-plus executed successfully."}
{"level":"info","message":"pipeline: {\"id\":\"math-pipeline-001\",\"projectId\":\"math-test-project-001\",\"name\":\"summ(a, b) Pipeline\",\"description\":\"Pipeline for adding two numbers\",\"templateId\":\"simple-math-template-001\",\"mode\":\"accumulator\",\"status\":\"active\",\"created\":\"2024-03-20T10:00:00Z\",\"updated\":\"2024-03-20T10:00:00Z\",\"settings\":{\"timeout\":60,\"retryPolicy\":{\"attempts\":3,\"delay\":5}},\"trigger\":{\"type\":\"manual\",\"config\":{\"inputValidation\":true}},\"executions\":[]}"}
{"level":"info","message":"[InputNode] inputs: {}"}
{"level":"info","message":"[InputNode] inputs: {}"}
{"level":"info","message":"Executing pipeline: summ(a, b) Pipeline"}
{"level":"info","message":"executionLog: {\"pipelineId\":\"math-pipeline-001\",\"timestamp\":\"2025-02-05T20:01:20.451Z\",\"status\":\"running\"}"}
{"level":"info","message":"template: {\"id\":\"simple-math-template-001\",\"name\":\"Simple Addition Template\",\"description\":\"Template for adding two numbers\",\"version\":\"1.0.0\",\"nodes\":[{\"id\":\"input-1\",\"type\":\"input\",\"config\":{\"name\":\"firstNumber\",\"dataType\":\"number\",\"required\":true},\"position\":{\"x\":100,\"y\":100}},{\"id\":\"input-2\",\"type\":\"input\",\"config\":{\"name\":\"secondNumber\",\"dataType\":\"number\",\"required\":true},\"position\":{\"x\":100,\"y\":200}},{\"id\":\"transform-plus\",\"type\":\"transform\",\"config\":{\"operation\":\"math\",\"method\":\"add\"},\"position\":{\"x\":300,\"y\":150}},{\"id\":\"return-result\",\"type\":\"return\",\"config\":{\"name\":\"sum\",\"dataType\":\"number\"},\"position\":{\"x\":500,\"y\":150}}],\"connections\":[{\"id\":\"conn-1\",\"sourceNodeId\":\"input-1\",\"targetNodeId\":\"transform-plus\",\"sourcePort\":\"output\",\"targetPort\":\"input1\"},{\"id\":\"conn-2\",\"sourceNodeId\":\"input-2\",\"targetNodeId\":\"transform-plus\",\"sourcePort\":\"output\",\"targetPort\":\"input2\"},{\"id\":\"conn-3\",\"sourceNodeId\":\"transform-plus\",\"targetNodeId\":\"return-result\",\"sourcePort\":\"output\",\"targetPort\":\"input\"}],\"validation\":{\"isValid\":true,\"errors\":[]}}"}
{"level":"info","message":"nodes: [{\"id\":\"input-1\",\"type\":\"input\",\"config\":{\"name\":\"firstNumber\",\"dataType\":\"number\",\"required\":true},\"position\":{\"x\":100,\"y\":100}},{\"id\":\"input-2\",\"type\":\"input\",\"config\":{\"name\":\"secondNumber\",\"dataType\":\"number\",\"required\":true},\"position\":{\"x\":100,\"y\":200}},{\"id\":\"transform-plus\",\"type\":\"transform\",\"config\":{\"operation\":\"math\",\"method\":\"add\"},\"position\":{\"x\":300,\"y\":150}},{\"id\":\"return-result\",\"type\":\"return\",\"config\":{\"name\":\"sum\",\"dataType\":\"number\"},\"position\":{\"x\":500,\"y\":150}}]"}
{"level":"info","message":"nodeInputs: {}"}
{"level":"info","message":"nodeInputs: {}"}
{"level":"info","message":"nodeInputs: {}"}
{"level":"info","message":"nodeInputs: {}"}
{"level":"error","message":"Error executing node input-1: Required input \"firstNumber\" not provided"}
{"level":"error","message":"Error executing node input-2: Required input \"secondNumber\" not provided"}
{"level":"info","message":"Node transform-plus executed successfully."}
{"level":"info","message":"pipeline: {\"id\":\"math-pipeline-001\",\"projectId\":\"math-test-project-001\",\"name\":\"summ(a, b) Pipeline\",\"description\":\"Pipeline for adding two numbers\",\"templateId\":\"simple-math-template-001\",\"mode\":\"accumulator\",\"status\":\"active\",\"created\":\"2024-03-20T10:00:00Z\",\"updated\":\"2024-03-20T10:00:00Z\",\"settings\":{\"timeout\":60,\"retryPolicy\":{\"attempts\":3,\"delay\":5}},\"trigger\":{\"type\":\"manual\",\"config\":{\"inputValidation\":true}},\"executions\":[]}"}
{"level":"info","message":"[InputNode] inputs: {}"}
{"level":"info","message":"[InputNode] inputs: {}"}
{"level":"info","message":"Executing pipeline: summ(a, b) Pipeline"}
{"level":"info","message":"executionLog: {\"pipelineId\":\"math-pipeline-001\",\"timestamp\":\"2025-02-05T20:04:27.618Z\",\"status\":\"running\"}"}
{"level":"info","message":"template: {\"id\":\"simple-math-template-001\",\"name\":\"Simple Addition Template\",\"description\":\"Template for adding two numbers\",\"version\":\"1.0.0\",\"nodes\":[{\"id\":\"input-1\",\"type\":\"input\",\"config\":{\"name\":\"firstNumber\",\"dataType\":\"number\",\"required\":true},\"position\":{\"x\":100,\"y\":100}},{\"id\":\"input-2\",\"type\":\"input\",\"config\":{\"name\":\"secondNumber\",\"dataType\":\"number\",\"required\":true},\"position\":{\"x\":100,\"y\":200}},{\"id\":\"transform-plus\",\"type\":\"transform\",\"config\":{\"operation\":\"math\",\"method\":\"add\"},\"position\":{\"x\":300,\"y\":150}},{\"id\":\"return-result\",\"type\":\"return\",\"config\":{\"name\":\"sum\",\"dataType\":\"number\"},\"position\":{\"x\":500,\"y\":150}}],\"connections\":[{\"id\":\"conn-1\",\"sourceNodeId\":\"input-1\",\"targetNodeId\":\"transform-plus\",\"sourcePort\":\"output\",\"targetPort\":\"input1\"},{\"id\":\"conn-2\",\"sourceNodeId\":\"input-2\",\"targetNodeId\":\"transform-plus\",\"sourcePort\":\"output\",\"targetPort\":\"input2\"},{\"id\":\"conn-3\",\"sourceNodeId\":\"transform-plus\",\"targetNodeId\":\"return-result\",\"sourcePort\":\"output\",\"targetPort\":\"input\"}],\"validation\":{\"isValid\":true,\"errors\":[]}}"}
{"level":"info","message":"nodes: [{\"id\":\"input-1\",\"type\":\"input\",\"config\":{\"name\":\"firstNumber\",\"dataType\":\"number\",\"required\":true},\"position\":{\"x\":100,\"y\":100}},{\"id\":\"input-2\",\"type\":\"input\",\"config\":{\"name\":\"secondNumber\",\"dataType\":\"number\",\"required\":true},\"position\":{\"x\":100,\"y\":200}},{\"id\":\"transform-plus\",\"type\":\"transform\",\"config\":{\"operation\":\"math\",\"method\":\"add\"},\"position\":{\"x\":300,\"y\":150}},{\"id\":\"return-result\",\"type\":\"return\",\"config\":{\"name\":\"sum\",\"dataType\":\"number\"},\"position\":{\"x\":500,\"y\":150}}]"}
{"level":"info","message":"[collectNodeInputs]: input-1, [object Object],[object Object],[object Object]"}
{"level":"info","message":"nodeInputs: {}"}
{"level":"info","message":"[collectNodeInputs]: input-2, [object Object],[object Object],[object Object]"}
{"level":"info","message":"nodeInputs: {}"}
{"level":"info","message":"[collectNodeInputs]: transform-plus, [object Object],[object Object],[object Object]"}
{"level":"info","message":"nodeInputs: {}"}
{"level":"info","message":"[collectNodeInputs]: return-result, [object Object],[object Object],[object Object]"}
{"level":"info","message":"nodeInputs: {}"}
{"level":"error","message":"Error executing node input-1: Required input \"firstNumber\" not provided"}
{"level":"error","message":"Error executing node input-2: Required input \"secondNumber\" not provided"}
{"level":"info","message":"Node transform-plus executed successfully."}
{"level":"info","message":"pipeline: {\"id\":\"math-pipeline-001\",\"projectId\":\"math-test-project-001\",\"name\":\"summ(a, b) Pipeline\",\"description\":\"Pipeline for adding two numbers\",\"templateId\":\"simple-math-template-001\",\"mode\":\"accumulator\",\"status\":\"active\",\"created\":\"2024-03-20T10:00:00Z\",\"updated\":\"2024-03-20T10:00:00Z\",\"settings\":{\"timeout\":60,\"retryPolicy\":{\"attempts\":3,\"delay\":5}},\"trigger\":{\"type\":\"manual\",\"config\":{\"inputValidation\":true}},\"executions\":[]}"}
{"level":"info","message":"[InputNode] inputs: {}"}
{"level":"info","message":"[InputNode] inputs: {}"}
{"level":"info","message":"Executing pipeline: summ(a, b) Pipeline"}
{"level":"info","message":"executionLog: {\"pipelineId\":\"math-pipeline-001\",\"timestamp\":\"2025-02-05T20:04:41.182Z\",\"status\":\"running\"}"}
{"level":"info","message":"template: {\"id\":\"simple-math-template-001\",\"name\":\"Simple Addition Template\",\"description\":\"Template for adding two numbers\",\"version\":\"1.0.0\",\"nodes\":[{\"id\":\"input-1\",\"type\":\"input\",\"config\":{\"name\":\"firstNumber\",\"dataType\":\"number\",\"required\":true},\"position\":{\"x\":100,\"y\":100}},{\"id\":\"input-2\",\"type\":\"input\",\"config\":{\"name\":\"secondNumber\",\"dataType\":\"number\",\"required\":true},\"position\":{\"x\":100,\"y\":200}},{\"id\":\"transform-plus\",\"type\":\"transform\",\"config\":{\"operation\":\"math\",\"method\":\"add\"},\"position\":{\"x\":300,\"y\":150}},{\"id\":\"return-result\",\"type\":\"return\",\"config\":{\"name\":\"sum\",\"dataType\":\"number\"},\"position\":{\"x\":500,\"y\":150}}],\"connections\":[{\"id\":\"conn-1\",\"sourceNodeId\":\"input-1\",\"targetNodeId\":\"transform-plus\",\"sourcePort\":\"output\",\"targetPort\":\"input1\"},{\"id\":\"conn-2\",\"sourceNodeId\":\"input-2\",\"targetNodeId\":\"transform-plus\",\"sourcePort\":\"output\",\"targetPort\":\"input2\"},{\"id\":\"conn-3\",\"sourceNodeId\":\"transform-plus\",\"targetNodeId\":\"return-result\",\"sourcePort\":\"output\",\"targetPort\":\"input\"}],\"validation\":{\"isValid\":true,\"errors\":[]}}"}
{"level":"info","message":"nodes: [{\"id\":\"input-1\",\"type\":\"input\",\"config\":{\"name\":\"firstNumber\",\"dataType\":\"number\",\"required\":true},\"position\":{\"x\":100,\"y\":100}},{\"id\":\"input-2\",\"type\":\"input\",\"config\":{\"name\":\"secondNumber\",\"dataType\":\"number\",\"required\":true},\"position\":{\"x\":100,\"y\":200}},{\"id\":\"transform-plus\",\"type\":\"transform\",\"config\":{\"operation\":\"math\",\"method\":\"add\"},\"position\":{\"x\":300,\"y\":150}},{\"id\":\"return-result\",\"type\":\"return\",\"config\":{\"name\":\"sum\",\"dataType\":\"number\"},\"position\":{\"x\":500,\"y\":150}}]"}
{"level":"info","message":"[collectNodeInputs]: input-1, [{\"id\":\"conn-1\",\"sourceNodeId\":\"input-1\",\"targetNodeId\":\"transform-plus\",\"sourcePort\":\"output\",\"targetPort\":\"input1\"},{\"id\":\"conn-2\",\"sourceNodeId\":\"input-2\",\"targetNodeId\":\"transform-plus\",\"sourcePort\":\"output\",\"targetPort\":\"input2\"},{\"id\":\"conn-3\",\"sourceNodeId\":\"transform-plus\",\"targetNodeId\":\"return-result\",\"sourcePort\":\"output\",\"targetPort\":\"input\"}]"}
{"level":"info","message":"nodeInputs: {}"}
{"level":"info","message":"[collectNodeInputs]: input-2, [{\"id\":\"conn-1\",\"sourceNodeId\":\"input-1\",\"targetNodeId\":\"transform-plus\",\"sourcePort\":\"output\",\"targetPort\":\"input1\"},{\"id\":\"conn-2\",\"sourceNodeId\":\"input-2\",\"targetNodeId\":\"transform-plus\",\"sourcePort\":\"output\",\"targetPort\":\"input2\"},{\"id\":\"conn-3\",\"sourceNodeId\":\"transform-plus\",\"targetNodeId\":\"return-result\",\"sourcePort\":\"output\",\"targetPort\":\"input\"}]"}
{"level":"info","message":"nodeInputs: {}"}
{"level":"info","message":"[collectNodeInputs]: transform-plus, [{\"id\":\"conn-1\",\"sourceNodeId\":\"input-1\",\"targetNodeId\":\"transform-plus\",\"sourcePort\":\"output\",\"targetPort\":\"input1\"},{\"id\":\"conn-2\",\"sourceNodeId\":\"input-2\",\"targetNodeId\":\"transform-plus\",\"sourcePort\":\"output\",\"targetPort\":\"input2\"},{\"id\":\"conn-3\",\"sourceNodeId\":\"transform-plus\",\"targetNodeId\":\"return-result\",\"sourcePort\":\"output\",\"targetPort\":\"input\"}]"}
{"level":"info","message":"nodeInputs: {}"}
{"level":"info","message":"[collectNodeInputs]: return-result, [{\"id\":\"conn-1\",\"sourceNodeId\":\"input-1\",\"targetNodeId\":\"transform-plus\",\"sourcePort\":\"output\",\"targetPort\":\"input1\"},{\"id\":\"conn-2\",\"sourceNodeId\":\"input-2\",\"targetNodeId\":\"transform-plus\",\"sourcePort\":\"output\",\"targetPort\":\"input2\"},{\"id\":\"conn-3\",\"sourceNodeId\":\"transform-plus\",\"targetNodeId\":\"return-result\",\"sourcePort\":\"output\",\"targetPort\":\"input\"}]"}
{"level":"info","message":"nodeInputs: {}"}
{"level":"error","message":"Error executing node input-1: Required input \"firstNumber\" not provided"}
{"level":"error","message":"Error executing node input-2: Required input \"secondNumber\" not provided"}
{"level":"info","message":"Node transform-plus executed successfully."}
{"level":"info","message":"pipeline: {\"id\":\"math-pipeline-001\",\"projectId\":\"math-test-project-001\",\"name\":\"summ(a, b) Pipeline\",\"description\":\"Pipeline for adding two numbers\",\"templateId\":\"simple-math-template-001\",\"mode\":\"accumulator\",\"status\":\"active\",\"created\":\"2024-03-20T10:00:00Z\",\"updated\":\"2024-03-20T10:00:00Z\",\"settings\":{\"timeout\":60,\"retryPolicy\":{\"attempts\":3,\"delay\":5}},\"trigger\":{\"type\":\"manual\",\"config\":{\"inputValidation\":true}},\"executions\":[]}"}
{"level":"info","message":"[InputNode] inputs: {}"}
{"level":"info","message":"[InputNode] inputs: {}"}
{"level":"info","message":"Executing pipeline: summ(a, b) Pipeline"}
{"level":"info","message":"executionLog: {\"pipelineId\":\"math-pipeline-001\",\"timestamp\":\"2025-02-05T20:08:03.744Z\",\"status\":\"running\"}"}
{"level":"info","message":"template: {\"id\":\"simple-math-template-001\",\"name\":\"Simple Addition Template\",\"description\":\"Template for adding two numbers\",\"version\":\"1.0.0\",\"nodes\":[{\"id\":\"input-1\",\"type\":\"input\",\"config\":{\"name\":\"firstNumber\",\"dataType\":\"number\",\"required\":true},\"position\":{\"x\":100,\"y\":100}},{\"id\":\"input-2\",\"type\":\"input\",\"config\":{\"name\":\"secondNumber\",\"dataType\":\"number\",\"required\":true},\"position\":{\"x\":100,\"y\":200}},{\"id\":\"transform-plus\",\"type\":\"transform\",\"config\":{\"operation\":\"math\",\"method\":\"add\"},\"position\":{\"x\":300,\"y\":150}},{\"id\":\"return-result\",\"type\":\"return\",\"config\":{\"name\":\"sum\",\"dataType\":\"number\"},\"position\":{\"x\":500,\"y\":150}}],\"connections\":[{\"id\":\"conn-1\",\"sourceNodeId\":\"input-1\",\"targetNodeId\":\"transform-plus\",\"sourcePort\":\"output\",\"targetPort\":\"input1\"},{\"id\":\"conn-2\",\"sourceNodeId\":\"input-2\",\"targetNodeId\":\"transform-plus\",\"sourcePort\":\"output\",\"targetPort\":\"input2\"},{\"id\":\"conn-3\",\"sourceNodeId\":\"transform-plus\",\"targetNodeId\":\"return-result\",\"sourcePort\":\"output\",\"targetPort\":\"input\"}],\"validation\":{\"isValid\":true,\"errors\":[]}}"}
{"level":"info","message":"nodes: [{\"id\":\"input-1\",\"type\":\"input\",\"config\":{\"name\":\"firstNumber\",\"dataType\":\"number\",\"required\":true},\"position\":{\"x\":100,\"y\":100}},{\"id\":\"input-2\",\"type\":\"input\",\"config\":{\"name\":\"secondNumber\",\"dataType\":\"number\",\"required\":true},\"position\":{\"x\":100,\"y\":200}},{\"id\":\"transform-plus\",\"type\":\"transform\",\"config\":{\"operation\":\"math\",\"method\":\"add\"},\"position\":{\"x\":300,\"y\":150}},{\"id\":\"return-result\",\"type\":\"return\",\"config\":{\"name\":\"sum\",\"dataType\":\"number\"},\"position\":{\"x\":500,\"y\":150}}]"}
{"level":"info","message":"[collectNodeInputs]: input-1, [{\"id\":\"conn-1\",\"sourceNodeId\":\"input-1\",\"targetNodeId\":\"transform-plus\",\"sourcePort\":\"output\",\"targetPort\":\"input1\"},{\"id\":\"conn-2\",\"sourceNodeId\":\"input-2\",\"targetNodeId\":\"transform-plus\",\"sourcePort\":\"output\",\"targetPort\":\"input2\"},{\"id\":\"conn-3\",\"sourceNodeId\":\"transform-plus\",\"targetNodeId\":\"return-result\",\"sourcePort\":\"output\",\"targetPort\":\"input\"}]"}
{"level":"info","message":"[collectNodeInputs]: [object Object]"}
{"level":"info","message":"nodeInputs: {}"}
{"level":"info","message":"[collectNodeInputs]: input-2, [{\"id\":\"conn-1\",\"sourceNodeId\":\"input-1\",\"targetNodeId\":\"transform-plus\",\"sourcePort\":\"output\",\"targetPort\":\"input1\"},{\"id\":\"conn-2\",\"sourceNodeId\":\"input-2\",\"targetNodeId\":\"transform-plus\",\"sourcePort\":\"output\",\"targetPort\":\"input2\"},{\"id\":\"conn-3\",\"sourceNodeId\":\"transform-plus\",\"targetNodeId\":\"return-result\",\"sourcePort\":\"output\",\"targetPort\":\"input\"}]"}
{"level":"info","message":"[collectNodeInputs]: [object Object]"}
{"level":"info","message":"nodeInputs: {}"}
{"level":"info","message":"[collectNodeInputs]: transform-plus, [{\"id\":\"conn-1\",\"sourceNodeId\":\"input-1\",\"targetNodeId\":\"transform-plus\",\"sourcePort\":\"output\",\"targetPort\":\"input1\"},{\"id\":\"conn-2\",\"sourceNodeId\":\"input-2\",\"targetNodeId\":\"transform-plus\",\"sourcePort\":\"output\",\"targetPort\":\"input2\"},{\"id\":\"conn-3\",\"sourceNodeId\":\"transform-plus\",\"targetNodeId\":\"return-result\",\"sourcePort\":\"output\",\"targetPort\":\"input\"}]"}
{"level":"info","message":"[collectNodeInputs]: [object Object]"}
{"level":"info","message":"nodeInputs: {}"}
{"level":"info","message":"[collectNodeInputs]: return-result, [{\"id\":\"conn-1\",\"sourceNodeId\":\"input-1\",\"targetNodeId\":\"transform-plus\",\"sourcePort\":\"output\",\"targetPort\":\"input1\"},{\"id\":\"conn-2\",\"sourceNodeId\":\"input-2\",\"targetNodeId\":\"transform-plus\",\"sourcePort\":\"output\",\"targetPort\":\"input2\"},{\"id\":\"conn-3\",\"sourceNodeId\":\"transform-plus\",\"targetNodeId\":\"return-result\",\"sourcePort\":\"output\",\"targetPort\":\"input\"}]"}
{"level":"info","message":"[collectNodeInputs]: [object Object]"}
{"level":"info","message":"nodeInputs: {}"}
{"level":"error","message":"Error executing node input-1: Required input \"firstNumber\" not provided"}
{"level":"error","message":"Error executing node input-2: Required input \"secondNumber\" not provided"}
{"level":"info","message":"Node transform-plus executed successfully."}
{"level":"info","message":"pipeline: {\"id\":\"math-pipeline-001\",\"projectId\":\"math-test-project-001\",\"name\":\"summ(a, b) Pipeline\",\"description\":\"Pipeline for adding two numbers\",\"templateId\":\"simple-math-template-001\",\"mode\":\"accumulator\",\"status\":\"active\",\"created\":\"2024-03-20T10:00:00Z\",\"updated\":\"2024-03-20T10:00:00Z\",\"settings\":{\"timeout\":60,\"retryPolicy\":{\"attempts\":3,\"delay\":5}},\"trigger\":{\"type\":\"manual\",\"config\":{\"inputValidation\":true}},\"executions\":[]}"}
{"level":"info","message":"[InputNode] inputs: {}"}
{"level":"info","message":"[InputNode] inputs: {}"}
{"level":"info","message":"Executing pipeline: summ(a, b) Pipeline"}
{"level":"info","message":"executionLog: {\"pipelineId\":\"math-pipeline-001\",\"timestamp\":\"2025-02-05T20:11:40.599Z\",\"status\":\"running\"}"}
{"level":"info","message":"template: {\"id\":\"simple-math-template-001\",\"name\":\"Simple Addition Template\",\"description\":\"Template for adding two numbers\",\"version\":\"1.0.0\",\"nodes\":[{\"id\":\"input-1\",\"type\":\"input\",\"config\":{\"name\":\"firstNumber\",\"dataType\":\"number\",\"required\":true},\"position\":{\"x\":100,\"y\":100}},{\"id\":\"input-2\",\"type\":\"input\",\"config\":{\"name\":\"secondNumber\",\"dataType\":\"number\",\"required\":true},\"position\":{\"x\":100,\"y\":200}},{\"id\":\"transform-plus\",\"type\":\"transform\",\"config\":{\"operation\":\"math\",\"method\":\"add\"},\"position\":{\"x\":300,\"y\":150}},{\"id\":\"return-result\",\"type\":\"return\",\"config\":{\"name\":\"sum\",\"dataType\":\"number\"},\"position\":{\"x\":500,\"y\":150}}],\"connections\":[{\"id\":\"conn-1\",\"sourceNodeId\":\"input-1\",\"targetNodeId\":\"transform-plus\",\"sourcePort\":\"output\",\"targetPort\":\"input1\"},{\"id\":\"conn-2\",\"sourceNodeId\":\"input-2\",\"targetNodeId\":\"transform-plus\",\"sourcePort\":\"output\",\"targetPort\":\"input2\"},{\"id\":\"conn-3\",\"sourceNodeId\":\"transform-plus\",\"targetNodeId\":\"return-result\",\"sourcePort\":\"output\",\"targetPort\":\"input\"}],\"validation\":{\"isValid\":true,\"errors\":[]}}"}
{"level":"info","message":"nodes: [{\"id\":\"input-1\",\"type\":\"input\",\"config\":{\"name\":\"firstNumber\",\"dataType\":\"number\",\"required\":true},\"position\":{\"x\":100,\"y\":100}},{\"id\":\"input-2\",\"type\":\"input\",\"config\":{\"name\":\"secondNumber\",\"dataType\":\"number\",\"required\":true},\"position\":{\"x\":100,\"y\":200}},{\"id\":\"transform-plus\",\"type\":\"transform\",\"config\":{\"operation\":\"math\",\"method\":\"add\"},\"position\":{\"x\":300,\"y\":150}},{\"id\":\"return-result\",\"type\":\"return\",\"config\":{\"name\":\"sum\",\"dataType\":\"number\"},\"position\":{\"x\":500,\"y\":150}}]"}
{"level":"info","message":"[collectNodeInputs]: input-1, [{\"id\":\"conn-1\",\"sourceNodeId\":\"input-1\",\"targetNodeId\":\"transform-plus\",\"sourcePort\":\"output\",\"targetPort\":\"input1\"},{\"id\":\"conn-2\",\"sourceNodeId\":\"input-2\",\"targetNodeId\":\"transform-plus\",\"sourcePort\":\"output\",\"targetPort\":\"input2\"},{\"id\":\"conn-3\",\"sourceNodeId\":\"transform-plus\",\"targetNodeId\":\"return-result\",\"sourcePort\":\"output\",\"targetPort\":\"input\"}]"}
{"level":"info","message":"[collectNodeInputs]: {}"}
{"level":"info","message":"nodeInputs: {}"}
{"level":"info","message":"[collectNodeInputs]: input-2, [{\"id\":\"conn-1\",\"sourceNodeId\":\"input-1\",\"targetNodeId\":\"transform-plus\",\"sourcePort\":\"output\",\"targetPort\":\"input1\"},{\"id\":\"conn-2\",\"sourceNodeId\":\"input-2\",\"targetNodeId\":\"transform-plus\",\"sourcePort\":\"output\",\"targetPort\":\"input2\"},{\"id\":\"conn-3\",\"sourceNodeId\":\"transform-plus\",\"targetNodeId\":\"return-result\",\"sourcePort\":\"output\",\"targetPort\":\"input\"}]"}
{"level":"info","message":"[collectNodeInputs]: {}"}
{"level":"info","message":"nodeInputs: {}"}
{"level":"info","message":"[collectNodeInputs]: transform-plus, [{\"id\":\"conn-1\",\"sourceNodeId\":\"input-1\",\"targetNodeId\":\"transform-plus\",\"sourcePort\":\"output\",\"targetPort\":\"input1\"},{\"id\":\"conn-2\",\"sourceNodeId\":\"input-2\",\"targetNodeId\":\"transform-plus\",\"sourcePort\":\"output\",\"targetPort\":\"input2\"},{\"id\":\"conn-3\",\"sourceNodeId\":\"transform-plus\",\"targetNodeId\":\"return-result\",\"sourcePort\":\"output\",\"targetPort\":\"input\"}]"}
{"level":"info","message":"[collectNodeInputs]: {}"}
{"level":"info","message":"nodeInputs: {}"}
{"level":"info","message":"[collectNodeInputs]: return-result, [{\"id\":\"conn-1\",\"sourceNodeId\":\"input-1\",\"targetNodeId\":\"transform-plus\",\"sourcePort\":\"output\",\"targetPort\":\"input1\"},{\"id\":\"conn-2\",\"sourceNodeId\":\"input-2\",\"targetNodeId\":\"transform-plus\",\"sourcePort\":\"output\",\"targetPort\":\"input2\"},{\"id\":\"conn-3\",\"sourceNodeId\":\"transform-plus\",\"targetNodeId\":\"return-result\",\"sourcePort\":\"output\",\"targetPort\":\"input\"}]"}
{"level":"info","message":"[collectNodeInputs]: {}"}
{"level":"info","message":"nodeInputs: {}"}
{"level":"error","message":"Error executing node input-1: Required input \"firstNumber\" not provided"}
{"level":"error","message":"Error executing node input-2: Required input \"secondNumber\" not provided"}
{"level":"info","message":"Node transform-plus executed successfully."}
{"level":"info","message":"pipeline: {\"id\":\"math-pipeline-001\",\"projectId\":\"math-test-project-001\",\"name\":\"summ(a, b) Pipeline\",\"description\":\"Pipeline for adding two numbers\",\"templateId\":\"simple-math-template-001\",\"mode\":\"accumulator\",\"status\":\"active\",\"created\":\"2024-03-20T10:00:00Z\",\"updated\":\"2024-03-20T10:00:00Z\",\"settings\":{\"timeout\":60,\"retryPolicy\":{\"attempts\":3,\"delay\":5}},\"trigger\":{\"type\":\"manual\",\"config\":{\"inputValidation\":true}},\"executions\":[]}"}
{"level":"info","message":"[InputNode] inputs: {}"}
{"level":"info","message":"[InputNode] inputs: {}"}
{"level":"info","message":"Executing pipeline: summ(a, b) Pipeline"}
{"level":"info","message":"executionLog: {\"pipelineId\":\"math-pipeline-001\",\"timestamp\":\"2025-02-05T20:12:01.560Z\",\"status\":\"running\"}"}
{"level":"info","message":"template: {\"id\":\"simple-math-template-001\",\"name\":\"Simple Addition Template\",\"description\":\"Template for adding two numbers\",\"version\":\"1.0.0\",\"nodes\":[{\"id\":\"input-1\",\"type\":\"input\",\"config\":{\"name\":\"firstNumber\",\"dataType\":\"number\",\"required\":true},\"position\":{\"x\":100,\"y\":100}},{\"id\":\"input-2\",\"type\":\"input\",\"config\":{\"name\":\"secondNumber\",\"dataType\":\"number\",\"required\":true},\"position\":{\"x\":100,\"y\":200}},{\"id\":\"transform-plus\",\"type\":\"transform\",\"config\":{\"operation\":\"math\",\"method\":\"add\"},\"position\":{\"x\":300,\"y\":150}},{\"id\":\"return-result\",\"type\":\"return\",\"config\":{\"name\":\"sum\",\"dataType\":\"number\"},\"position\":{\"x\":500,\"y\":150}}],\"connections\":[{\"id\":\"conn-1\",\"sourceNodeId\":\"input-1\",\"targetNodeId\":\"transform-plus\",\"sourcePort\":\"output\",\"targetPort\":\"input1\"},{\"id\":\"conn-2\",\"sourceNodeId\":\"input-2\",\"targetNodeId\":\"transform-plus\",\"sourcePort\":\"output\",\"targetPort\":\"input2\"},{\"id\":\"conn-3\",\"sourceNodeId\":\"transform-plus\",\"targetNodeId\":\"return-result\",\"sourcePort\":\"output\",\"targetPort\":\"input\"}],\"validation\":{\"isValid\":true,\"errors\":[]}}"}
{"level":"info","message":"nodes: [{\"id\":\"input-1\",\"type\":\"input\",\"config\":{\"name\":\"firstNumber\",\"dataType\":\"number\",\"required\":true},\"position\":{\"x\":100,\"y\":100}},{\"id\":\"input-2\",\"type\":\"input\",\"config\":{\"name\":\"secondNumber\",\"dataType\":\"number\",\"required\":true},\"position\":{\"x\":100,\"y\":200}},{\"id\":\"transform-plus\",\"type\":\"transform\",\"config\":{\"operation\":\"math\",\"method\":\"add\"},\"position\":{\"x\":300,\"y\":150}},{\"id\":\"return-result\",\"type\":\"return\",\"config\":{\"name\":\"sum\",\"dataType\":\"number\"},\"position\":{\"x\":500,\"y\":150}}]"}
{"level":"info","message":"[collectNodeInputs][0]: input-1, [{\"id\":\"conn-1\",\"sourceNodeId\":\"input-1\",\"targetNodeId\":\"transform-plus\",\"sourcePort\":\"output\",\"targetPort\":\"input1\"},{\"id\":\"conn-2\",\"sourceNodeId\":\"input-2\",\"targetNodeId\":\"transform-plus\",\"sourcePort\":\"output\",\"targetPort\":\"input2\"},{\"id\":\"conn-3\",\"sourceNodeId\":\"transform-plus\",\"targetNodeId\":\"return-result\",\"sourcePort\":\"output\",\"targetPort\":\"input\"}]"}
{"level":"info","message":"[collectNodeInputs][1]: {}"}
{"level":"info","message":"nodeInputs: {}"}
{"level":"info","message":"[collectNodeInputs][0]: input-2, [{\"id\":\"conn-1\",\"sourceNodeId\":\"input-1\",\"targetNodeId\":\"transform-plus\",\"sourcePort\":\"output\",\"targetPort\":\"input1\"},{\"id\":\"conn-2\",\"sourceNodeId\":\"input-2\",\"targetNodeId\":\"transform-plus\",\"sourcePort\":\"output\",\"targetPort\":\"input2\"},{\"id\":\"conn-3\",\"sourceNodeId\":\"transform-plus\",\"targetNodeId\":\"return-result\",\"sourcePort\":\"output\",\"targetPort\":\"input\"}]"}
{"level":"info","message":"[collectNodeInputs][1]: {}"}
{"level":"info","message":"nodeInputs: {}"}
{"level":"info","message":"[collectNodeInputs][0]: transform-plus, [{\"id\":\"conn-1\",\"sourceNodeId\":\"input-1\",\"targetNodeId\":\"transform-plus\",\"sourcePort\":\"output\",\"targetPort\":\"input1\"},{\"id\":\"conn-2\",\"sourceNodeId\":\"input-2\",\"targetNodeId\":\"transform-plus\",\"sourcePort\":\"output\",\"targetPort\":\"input2\"},{\"id\":\"conn-3\",\"sourceNodeId\":\"transform-plus\",\"targetNodeId\":\"return-result\",\"sourcePort\":\"output\",\"targetPort\":\"input\"}]"}
{"level":"info","message":"[collectNodeInputs][1]: {}"}
{"level":"info","message":"nodeInputs: {}"}
{"level":"info","message":"[collectNodeInputs][0]: return-result, [{\"id\":\"conn-1\",\"sourceNodeId\":\"input-1\",\"targetNodeId\":\"transform-plus\",\"sourcePort\":\"output\",\"targetPort\":\"input1\"},{\"id\":\"conn-2\",\"sourceNodeId\":\"input-2\",\"targetNodeId\":\"transform-plus\",\"sourcePort\":\"output\",\"targetPort\":\"input2\"},{\"id\":\"conn-3\",\"sourceNodeId\":\"transform-plus\",\"targetNodeId\":\"return-result\",\"sourcePort\":\"output\",\"targetPort\":\"input\"}]"}
{"level":"info","message":"[collectNodeInputs][1]: {}"}
{"level":"info","message":"nodeInputs: {}"}
{"level":"error","message":"Error executing node input-1: Required input \"firstNumber\" not provided"}
{"level":"error","message":"Error executing node input-2: Required input \"secondNumber\" not provided"}
{"level":"info","message":"Node transform-plus executed successfully."}
{"level":"info","message":"pipeline: {\"id\":\"math-pipeline-001\",\"projectId\":\"math-test-project-001\",\"name\":\"summ(a, b) Pipeline\",\"description\":\"Pipeline for adding two numbers\",\"templateId\":\"simple-math-template-001\",\"mode\":\"accumulator\",\"status\":\"active\",\"created\":\"2024-03-20T10:00:00Z\",\"updated\":\"2024-03-20T10:00:00Z\",\"settings\":{\"timeout\":60,\"retryPolicy\":{\"attempts\":3,\"delay\":5}},\"trigger\":{\"type\":\"manual\",\"config\":{\"inputValidation\":true}},\"executions\":[]}"}
{"level":"info","message":"[InputNode] inputs: {}"}
{"level":"info","message":"[InputNode] inputs: {}"}
{"level":"info","message":"Executing pipeline: summ(a, b) Pipeline"}
{"level":"info","message":"executionLog: {\"pipelineId\":\"math-pipeline-001\",\"timestamp\":\"2025-02-05T20:12:40.696Z\",\"status\":\"running\"}"}
{"level":"info","message":"template: {\"id\":\"simple-math-template-001\",\"name\":\"Simple Addition Template\",\"description\":\"Template for adding two numbers\",\"version\":\"1.0.0\",\"nodes\":[{\"id\":\"input-1\",\"type\":\"input\",\"config\":{\"name\":\"firstNumber\",\"dataType\":\"number\",\"required\":true},\"position\":{\"x\":100,\"y\":100}},{\"id\":\"input-2\",\"type\":\"input\",\"config\":{\"name\":\"secondNumber\",\"dataType\":\"number\",\"required\":true},\"position\":{\"x\":100,\"y\":200}},{\"id\":\"transform-plus\",\"type\":\"transform\",\"config\":{\"operation\":\"math\",\"method\":\"add\"},\"position\":{\"x\":300,\"y\":150}},{\"id\":\"return-result\",\"type\":\"return\",\"config\":{\"name\":\"sum\",\"dataType\":\"number\"},\"position\":{\"x\":500,\"y\":150}}],\"connections\":[{\"id\":\"conn-1\",\"sourceNodeId\":\"input-1\",\"targetNodeId\":\"transform-plus\",\"sourcePort\":\"output\",\"targetPort\":\"input1\"},{\"id\":\"conn-2\",\"sourceNodeId\":\"input-2\",\"targetNodeId\":\"transform-plus\",\"sourcePort\":\"output\",\"targetPort\":\"input2\"},{\"id\":\"conn-3\",\"sourceNodeId\":\"transform-plus\",\"targetNodeId\":\"return-result\",\"sourcePort\":\"output\",\"targetPort\":\"input\"}],\"validation\":{\"isValid\":true,\"errors\":[]}}"}
{"level":"info","message":"nodes: [{\"id\":\"input-1\",\"type\":\"input\",\"config\":{\"name\":\"firstNumber\",\"dataType\":\"number\",\"required\":true},\"position\":{\"x\":100,\"y\":100}},{\"id\":\"input-2\",\"type\":\"input\",\"config\":{\"name\":\"secondNumber\",\"dataType\":\"number\",\"required\":true},\"position\":{\"x\":100,\"y\":200}},{\"id\":\"transform-plus\",\"type\":\"transform\",\"config\":{\"operation\":\"math\",\"method\":\"add\"},\"position\":{\"x\":300,\"y\":150}},{\"id\":\"return-result\",\"type\":\"return\",\"config\":{\"name\":\"sum\",\"dataType\":\"number\"},\"position\":{\"x\":500,\"y\":150}}]"}
{"level":"info","message":"[collectNodeInputs][0]: input-1, [{\"id\":\"conn-1\",\"sourceNodeId\":\"input-1\",\"targetNodeId\":\"transform-plus\",\"sourcePort\":\"output\",\"targetPort\":\"input1\"},{\"id\":\"conn-2\",\"sourceNodeId\":\"input-2\",\"targetNodeId\":\"transform-plus\",\"sourcePort\":\"output\",\"targetPort\":\"input2\"},{\"id\":\"conn-3\",\"sourceNodeId\":\"transform-plus\",\"targetNodeId\":\"return-result\",\"sourcePort\":\"output\",\"targetPort\":\"input\"}]"}
{"level":"info","message":"[collectNodeInputs][2]: {}"}
{"level":"info","message":"nodeInputs: {}"}
{"level":"info","message":"[collectNodeInputs][0]: input-2, [{\"id\":\"conn-1\",\"sourceNodeId\":\"input-1\",\"targetNodeId\":\"transform-plus\",\"sourcePort\":\"output\",\"targetPort\":\"input1\"},{\"id\":\"conn-2\",\"sourceNodeId\":\"input-2\",\"targetNodeId\":\"transform-plus\",\"sourcePort\":\"output\",\"targetPort\":\"input2\"},{\"id\":\"conn-3\",\"sourceNodeId\":\"transform-plus\",\"targetNodeId\":\"return-result\",\"sourcePort\":\"output\",\"targetPort\":\"input\"}]"}
{"level":"info","message":"[collectNodeInputs][2]: {}"}
{"level":"info","message":"nodeInputs: {}"}
{"level":"info","message":"[collectNodeInputs][0]: transform-plus, [{\"id\":\"conn-1\",\"sourceNodeId\":\"input-1\",\"targetNodeId\":\"transform-plus\",\"sourcePort\":\"output\",\"targetPort\":\"input1\"},{\"id\":\"conn-2\",\"sourceNodeId\":\"input-2\",\"targetNodeId\":\"transform-plus\",\"sourcePort\":\"output\",\"targetPort\":\"input2\"},{\"id\":\"conn-3\",\"sourceNodeId\":\"transform-plus\",\"targetNodeId\":\"return-result\",\"sourcePort\":\"output\",\"targetPort\":\"input\"}]"}
{"level":"info","message":"[collectNodeInputs][1] conn.targetPort: input1"}
{"level":"info","message":"[collectNodeInputs][1] conn.targetPort: input2"}
{"level":"info","message":"[collectNodeInputs][2]: {}"}
{"level":"info","message":"nodeInputs: {}"}
{"level":"info","message":"[collectNodeInputs][0]: return-result, [{\"id\":\"conn-1\",\"sourceNodeId\":\"input-1\",\"targetNodeId\":\"transform-plus\",\"sourcePort\":\"output\",\"targetPort\":\"input1\"},{\"id\":\"conn-2\",\"sourceNodeId\":\"input-2\",\"targetNodeId\":\"transform-plus\",\"sourcePort\":\"output\",\"targetPort\":\"input2\"},{\"id\":\"conn-3\",\"sourceNodeId\":\"transform-plus\",\"targetNodeId\":\"return-result\",\"sourcePort\":\"output\",\"targetPort\":\"input\"}]"}
{"level":"info","message":"[collectNodeInputs][1] conn.targetPort: input"}
{"level":"info","message":"[collectNodeInputs][2]: {}"}
{"level":"info","message":"nodeInputs: {}"}
{"level":"error","message":"Error executing node input-1: Required input \"firstNumber\" not provided"}
{"level":"error","message":"Error executing node input-2: Required input \"secondNumber\" not provided"}
{"level":"info","message":"Node transform-plus executed successfully."}
{"level":"info","message":"pipeline: {\"id\":\"math-pipeline-001\",\"projectId\":\"math-test-project-001\",\"name\":\"summ(a, b) Pipeline\",\"description\":\"Pipeline for adding two numbers\",\"templateId\":\"simple-math-template-001\",\"mode\":\"accumulator\",\"status\":\"active\",\"created\":\"2024-03-20T10:00:00Z\",\"updated\":\"2024-03-20T10:00:00Z\",\"settings\":{\"timeout\":60,\"retryPolicy\":{\"attempts\":3,\"delay\":5}},\"trigger\":{\"type\":\"manual\",\"config\":{\"inputValidation\":true}},\"executions\":[]}"}
{"level":"info","message":"[InputNode] inputs: {}"}
{"level":"info","message":"[InputNode] inputs: {}"}
{"level":"info","message":"Executing pipeline: summ(a, b) Pipeline"}
{"level":"info","message":"executionLog: {\"pipelineId\":\"math-pipeline-001\",\"timestamp\":\"2025-02-05T20:13:36.349Z\",\"status\":\"running\"}"}
{"level":"info","message":"template: {\"id\":\"simple-math-template-001\",\"name\":\"Simple Addition Template\",\"description\":\"Template for adding two numbers\",\"version\":\"1.0.0\",\"nodes\":[{\"id\":\"input-1\",\"type\":\"input\",\"config\":{\"name\":\"firstNumber\",\"dataType\":\"number\",\"required\":true},\"position\":{\"x\":100,\"y\":100}},{\"id\":\"input-2\",\"type\":\"input\",\"config\":{\"name\":\"secondNumber\",\"dataType\":\"number\",\"required\":true},\"position\":{\"x\":100,\"y\":200}},{\"id\":\"transform-plus\",\"type\":\"transform\",\"config\":{\"operation\":\"math\",\"method\":\"add\"},\"position\":{\"x\":300,\"y\":150}},{\"id\":\"return-result\",\"type\":\"return\",\"config\":{\"name\":\"sum\",\"dataType\":\"number\"},\"position\":{\"x\":500,\"y\":150}}],\"connections\":[{\"id\":\"conn-1\",\"sourceNodeId\":\"input-1\",\"targetNodeId\":\"transform-plus\",\"sourcePort\":\"output\",\"targetPort\":\"input1\"},{\"id\":\"conn-2\",\"sourceNodeId\":\"input-2\",\"targetNodeId\":\"transform-plus\",\"sourcePort\":\"output\",\"targetPort\":\"input2\"},{\"id\":\"conn-3\",\"sourceNodeId\":\"transform-plus\",\"targetNodeId\":\"return-result\",\"sourcePort\":\"output\",\"targetPort\":\"input\"}],\"validation\":{\"isValid\":true,\"errors\":[]}}"}
{"level":"info","message":"nodes: [{\"id\":\"input-1\",\"type\":\"input\",\"config\":{\"name\":\"firstNumber\",\"dataType\":\"number\",\"required\":true},\"position\":{\"x\":100,\"y\":100}},{\"id\":\"input-2\",\"type\":\"input\",\"config\":{\"name\":\"secondNumber\",\"dataType\":\"number\",\"required\":true},\"position\":{\"x\":100,\"y\":200}},{\"id\":\"transform-plus\",\"type\":\"transform\",\"config\":{\"operation\":\"math\",\"method\":\"add\"},\"position\":{\"x\":300,\"y\":150}},{\"id\":\"return-result\",\"type\":\"return\",\"config\":{\"name\":\"sum\",\"dataType\":\"number\"},\"position\":{\"x\":500,\"y\":150}}]"}
{"level":"info","message":"[collectNodeInputs][0]: input-1, [{\"id\":\"conn-1\",\"sourceNodeId\":\"input-1\",\"targetNodeId\":\"transform-plus\",\"sourcePort\":\"output\",\"targetPort\":\"input1\"},{\"id\":\"conn-2\",\"sourceNodeId\":\"input-2\",\"targetNodeId\":\"transform-plus\",\"sourcePort\":\"output\",\"targetPort\":\"input2\"},{\"id\":\"conn-3\",\"sourceNodeId\":\"transform-plus\",\"targetNodeId\":\"return-result\",\"sourcePort\":\"output\",\"targetPort\":\"input\"}]"}
{"level":"info","message":"[collectNodeInputs][2]: {}"}
{"level":"info","message":"nodeInputs: {}"}
{"level":"info","message":"[collectNodeInputs][0]: input-2, [{\"id\":\"conn-1\",\"sourceNodeId\":\"input-1\",\"targetNodeId\":\"transform-plus\",\"sourcePort\":\"output\",\"targetPort\":\"input1\"},{\"id\":\"conn-2\",\"sourceNodeId\":\"input-2\",\"targetNodeId\":\"transform-plus\",\"sourcePort\":\"output\",\"targetPort\":\"input2\"},{\"id\":\"conn-3\",\"sourceNodeId\":\"transform-plus\",\"targetNodeId\":\"return-result\",\"sourcePort\":\"output\",\"targetPort\":\"input\"}]"}
{"level":"info","message":"[collectNodeInputs][2]: {}"}
{"level":"info","message":"nodeInputs: {}"}
{"level":"info","message":"[collectNodeInputs][0]: transform-plus, [{\"id\":\"conn-1\",\"sourceNodeId\":\"input-1\",\"targetNodeId\":\"transform-plus\",\"sourcePort\":\"output\",\"targetPort\":\"input1\"},{\"id\":\"conn-2\",\"sourceNodeId\":\"input-2\",\"targetNodeId\":\"transform-plus\",\"sourcePort\":\"output\",\"targetPort\":\"input2\"},{\"id\":\"conn-3\",\"sourceNodeId\":\"transform-plus\",\"targetNodeId\":\"return-result\",\"sourcePort\":\"output\",\"targetPort\":\"input\"}]"}
{"level":"info","message":"[collectNodeInputs][1] conn.targetPort: input1"}
{"level":"info","message":"[collectNodeInputs][1] conn.targetPort: input2"}
{"level":"info","message":"[collectNodeInputs][2]: {}"}
{"level":"info","message":"nodeInputs: {}"}
{"level":"info","message":"[collectNodeInputs][0]: return-result, [{\"id\":\"conn-1\",\"sourceNodeId\":\"input-1\",\"targetNodeId\":\"transform-plus\",\"sourcePort\":\"output\",\"targetPort\":\"input1\"},{\"id\":\"conn-2\",\"sourceNodeId\":\"input-2\",\"targetNodeId\":\"transform-plus\",\"sourcePort\":\"output\",\"targetPort\":\"input2\"},{\"id\":\"conn-3\",\"sourceNodeId\":\"transform-plus\",\"targetNodeId\":\"return-result\",\"sourcePort\":\"output\",\"targetPort\":\"input\"}]"}
{"level":"info","message":"[collectNodeInputs][1] conn.targetPort: input"}
{"level":"info","message":"[collectNodeInputs][2]: {}"}
{"level":"info","message":"nodeInputs: {}"}
{"level":"error","message":"Error executing node input-1: Required input \"firstNumber\" not provided"}
{"level":"error","message":"Error executing node input-2: Required input \"secondNumber\" not provided"}
{"level":"info","message":"Node transform-plus executed successfully."}
{"level":"info","message":"pipeline: {\"id\":\"math-pipeline-001\",\"projectId\":\"math-test-project-001\",\"name\":\"summ(a, b) Pipeline\",\"description\":\"Pipeline for adding two numbers\",\"templateId\":\"simple-math-template-001\",\"mode\":\"accumulator\",\"status\":\"active\",\"created\":\"2024-03-20T10:00:00Z\",\"updated\":\"2024-03-20T10:00:00Z\",\"settings\":{\"timeout\":60,\"retryPolicy\":{\"attempts\":3,\"delay\":5}},\"trigger\":{\"type\":\"manual\",\"config\":{\"inputValidation\":true}},\"executions\":[]}"}
{"level":"info","message":"[InputNode] inputs: {}"}
{"level":"info","message":"[InputNode] inputs: {}"}
{"level":"info","message":"Executing pipeline: summ(a, b) Pipeline"}
{"level":"info","message":"executionLog: {\"pipelineId\":\"math-pipeline-001\",\"timestamp\":\"2025-02-05T20:23:18.917Z\",\"status\":\"running\"}"}
{"level":"info","message":"template: {\"id\":\"simple-math-template-001\",\"name\":\"Simple Addition Template\",\"description\":\"Template for adding two numbers\",\"version\":\"1.0.0\",\"nodes\":[{\"id\":\"input-1\",\"type\":\"input\",\"config\":{\"name\":\"firstNumber\",\"dataType\":\"number\",\"required\":true},\"position\":{\"x\":100,\"y\":100}},{\"id\":\"input-2\",\"type\":\"input\",\"config\":{\"name\":\"secondNumber\",\"dataType\":\"number\",\"required\":true},\"position\":{\"x\":100,\"y\":200}},{\"id\":\"transform-plus\",\"type\":\"transform\",\"config\":{\"operation\":\"math\",\"method\":\"add\"},\"position\":{\"x\":300,\"y\":150}},{\"id\":\"return-result\",\"type\":\"return\",\"config\":{\"name\":\"sum\",\"dataType\":\"number\"},\"position\":{\"x\":500,\"y\":150}}],\"connections\":[{\"id\":\"conn-1\",\"sourceNodeId\":\"input-1\",\"targetNodeId\":\"transform-plus\",\"sourcePort\":\"output\",\"targetPort\":\"input1\"},{\"id\":\"conn-2\",\"sourceNodeId\":\"input-2\",\"targetNodeId\":\"transform-plus\",\"sourcePort\":\"output\",\"targetPort\":\"input2\"},{\"id\":\"conn-3\",\"sourceNodeId\":\"transform-plus\",\"targetNodeId\":\"return-result\",\"sourcePort\":\"output\",\"targetPort\":\"input\"}],\"validation\":{\"isValid\":true,\"errors\":[]}}"}
{"level":"info","message":"nodes: [{\"id\":\"input-1\",\"type\":\"input\",\"config\":{\"name\":\"firstNumber\",\"dataType\":\"number\",\"required\":true},\"position\":{\"x\":100,\"y\":100}},{\"id\":\"input-2\",\"type\":\"input\",\"config\":{\"name\":\"secondNumber\",\"dataType\":\"number\",\"required\":true},\"position\":{\"x\":100,\"y\":200}},{\"id\":\"transform-plus\",\"type\":\"transform\",\"config\":{\"operation\":\"math\",\"method\":\"add\"},\"position\":{\"x\":300,\"y\":150}},{\"id\":\"return-result\",\"type\":\"return\",\"config\":{\"name\":\"sum\",\"dataType\":\"number\"},\"position\":{\"x\":500,\"y\":150}}]"}
{"level":"info","message":"node: {\"id\":\"input-1\",\"type\":\"input\",\"config\":{\"name\":\"firstNumber\",\"dataType\":\"number\",\"required\":true},\"position\":{\"x\":100,\"y\":100}}"}
{"level":"info","message":"[collectNodeInputs][0]: input-1, [{\"id\":\"conn-1\",\"sourceNodeId\":\"input-1\",\"targetNodeId\":\"transform-plus\",\"sourcePort\":\"output\",\"targetPort\":\"input1\"},{\"id\":\"conn-2\",\"sourceNodeId\":\"input-2\",\"targetNodeId\":\"transform-plus\",\"sourcePort\":\"output\",\"targetPort\":\"input2\"},{\"id\":\"conn-3\",\"sourceNodeId\":\"transform-plus\",\"targetNodeId\":\"return-result\",\"sourcePort\":\"output\",\"targetPort\":\"input\"}]"}
{"level":"info","message":"[collectNodeInputs][2]: {}"}
{"level":"info","message":"nodeInputs: {}"}
{"level":"info","message":"node: {\"id\":\"input-2\",\"type\":\"input\",\"config\":{\"name\":\"secondNumber\",\"dataType\":\"number\",\"required\":true},\"position\":{\"x\":100,\"y\":200}}"}
{"level":"info","message":"[collectNodeInputs][0]: input-2, [{\"id\":\"conn-1\",\"sourceNodeId\":\"input-1\",\"targetNodeId\":\"transform-plus\",\"sourcePort\":\"output\",\"targetPort\":\"input1\"},{\"id\":\"conn-2\",\"sourceNodeId\":\"input-2\",\"targetNodeId\":\"transform-plus\",\"sourcePort\":\"output\",\"targetPort\":\"input2\"},{\"id\":\"conn-3\",\"sourceNodeId\":\"transform-plus\",\"targetNodeId\":\"return-result\",\"sourcePort\":\"output\",\"targetPort\":\"input\"}]"}
{"level":"info","message":"[collectNodeInputs][2]: {}"}
{"level":"info","message":"nodeInputs: {}"}
{"level":"info","message":"node: {\"id\":\"transform-plus\",\"type\":\"transform\",\"config\":{\"operation\":\"math\",\"method\":\"add\"},\"position\":{\"x\":300,\"y\":150}}"}
{"level":"info","message":"[collectNodeInputs][0]: transform-plus, [{\"id\":\"conn-1\",\"sourceNodeId\":\"input-1\",\"targetNodeId\":\"transform-plus\",\"sourcePort\":\"output\",\"targetPort\":\"input1\"},{\"id\":\"conn-2\",\"sourceNodeId\":\"input-2\",\"targetNodeId\":\"transform-plus\",\"sourcePort\":\"output\",\"targetPort\":\"input2\"},{\"id\":\"conn-3\",\"sourceNodeId\":\"transform-plus\",\"targetNodeId\":\"return-result\",\"sourcePort\":\"output\",\"targetPort\":\"input\"}]"}
{"level":"info","message":"[collectNodeInputs][1] conn.targetPort: input1"}
{"level":"info","message":"[collectNodeInputs][1] conn.targetPort: input2"}
{"level":"info","message":"[collectNodeInputs][2]: {}"}
{"level":"info","message":"nodeInputs: {}"}
{"level":"info","message":"node: {\"id\":\"return-result\",\"type\":\"return\",\"config\":{\"name\":\"sum\",\"dataType\":\"number\"},\"position\":{\"x\":500,\"y\":150}}"}
{"level":"info","message":"[collectNodeInputs][0]: return-result, [{\"id\":\"conn-1\",\"sourceNodeId\":\"input-1\",\"targetNodeId\":\"transform-plus\",\"sourcePort\":\"output\",\"targetPort\":\"input1\"},{\"id\":\"conn-2\",\"sourceNodeId\":\"input-2\",\"targetNodeId\":\"transform-plus\",\"sourcePort\":\"output\",\"targetPort\":\"input2\"},{\"id\":\"conn-3\",\"sourceNodeId\":\"transform-plus\",\"targetNodeId\":\"return-result\",\"sourcePort\":\"output\",\"targetPort\":\"input\"}]"}
{"level":"info","message":"[collectNodeInputs][1] conn.targetPort: input"}
{"level":"info","message":"[collectNodeInputs][2]: {}"}
{"level":"info","message":"nodeInputs: {}"}
{"level":"error","message":"Error executing node input-1: Required input \"firstNumber\" not provided"}
{"level":"error","message":"Error executing node input-2: Required input \"secondNumber\" not provided"}
{"level":"info","message":"Node transform-plus executed successfully."}
{"level":"info","message":"pipeline: {\"id\":\"math-pipeline-001\",\"projectId\":\"math-test-project-001\",\"name\":\"summ(a, b) Pipeline\",\"description\":\"Pipeline for adding two numbers\",\"templateId\":\"simple-math-template-001\",\"mode\":\"accumulator\",\"status\":\"active\",\"created\":\"2024-03-20T10:00:00Z\",\"updated\":\"2024-03-20T10:00:00Z\",\"settings\":{\"timeout\":60,\"retryPolicy\":{\"attempts\":3,\"delay\":5}},\"trigger\":{\"type\":\"manual\",\"config\":{\"inputValidation\":true}},\"executions\":[]}"}
{"level":"info","message":"[InputNode] inputs: {}"}
{"level":"info","message":"[InputNode] inputs: {}"}
{"level":"info","message":"Executing pipeline: summ(a, b) Pipeline"}
{"level":"info","message":"executionLog: {\"pipelineId\":\"math-pipeline-001\",\"timestamp\":\"2025-02-05T20:23:22.823Z\",\"status\":\"running\"}"}
{"level":"info","message":"template: {\"id\":\"simple-math-template-001\",\"name\":\"Simple Addition Template\",\"description\":\"Template for adding two numbers\",\"version\":\"1.0.0\",\"nodes\":[{\"id\":\"input-1\",\"type\":\"input\",\"config\":{\"name\":\"firstNumber\",\"dataType\":\"number\",\"required\":true},\"position\":{\"x\":100,\"y\":100}},{\"id\":\"input-2\",\"type\":\"input\",\"config\":{\"name\":\"secondNumber\",\"dataType\":\"number\",\"required\":true},\"position\":{\"x\":100,\"y\":200}},{\"id\":\"transform-plus\",\"type\":\"transform\",\"config\":{\"operation\":\"math\",\"method\":\"add\"},\"position\":{\"x\":300,\"y\":150}},{\"id\":\"return-result\",\"type\":\"return\",\"config\":{\"name\":\"sum\",\"dataType\":\"number\"},\"position\":{\"x\":500,\"y\":150}}],\"connections\":[{\"id\":\"conn-1\",\"sourceNodeId\":\"input-1\",\"targetNodeId\":\"transform-plus\",\"sourcePort\":\"output\",\"targetPort\":\"input1\"},{\"id\":\"conn-2\",\"sourceNodeId\":\"input-2\",\"targetNodeId\":\"transform-plus\",\"sourcePort\":\"output\",\"targetPort\":\"input2\"},{\"id\":\"conn-3\",\"sourceNodeId\":\"transform-plus\",\"targetNodeId\":\"return-result\",\"sourcePort\":\"output\",\"targetPort\":\"input\"}],\"validation\":{\"isValid\":true,\"errors\":[]}}"}
{"level":"info","message":"nodes: [{\"id\":\"input-1\",\"type\":\"input\",\"config\":{\"name\":\"firstNumber\",\"dataType\":\"number\",\"required\":true},\"position\":{\"x\":100,\"y\":100}},{\"id\":\"input-2\",\"type\":\"input\",\"config\":{\"name\":\"secondNumber\",\"dataType\":\"number\",\"required\":true},\"position\":{\"x\":100,\"y\":200}},{\"id\":\"transform-plus\",\"type\":\"transform\",\"config\":{\"operation\":\"math\",\"method\":\"add\"},\"position\":{\"x\":300,\"y\":150}},{\"id\":\"return-result\",\"type\":\"return\",\"config\":{\"name\":\"sum\",\"dataType\":\"number\"},\"position\":{\"x\":500,\"y\":150}}]"}
{"level":"info","message":"node: {\"id\":\"input-1\",\"type\":\"input\",\"config\":{\"name\":\"firstNumber\",\"dataType\":\"number\",\"required\":true},\"position\":{\"x\":100,\"y\":100}}"}
{"level":"info","message":"[collectNodeInputs][0]: input-1, [{\"id\":\"conn-1\",\"sourceNodeId\":\"input-1\",\"targetNodeId\":\"transform-plus\",\"sourcePort\":\"output\",\"targetPort\":\"input1\"},{\"id\":\"conn-2\",\"sourceNodeId\":\"input-2\",\"targetNodeId\":\"transform-plus\",\"sourcePort\":\"output\",\"targetPort\":\"input2\"},{\"id\":\"conn-3\",\"sourceNodeId\":\"transform-plus\",\"targetNodeId\":\"return-result\",\"sourcePort\":\"output\",\"targetPort\":\"input\"}]"}
{"level":"info","message":"[collectNodeInputs][2]: {}"}
{"level":"info","message":"nodeInputs: {}"}
{"level":"info","message":"node: {\"id\":\"input-2\",\"type\":\"input\",\"config\":{\"name\":\"secondNumber\",\"dataType\":\"number\",\"required\":true},\"position\":{\"x\":100,\"y\":200}}"}
{"level":"info","message":"[collectNodeInputs][0]: input-2, [{\"id\":\"conn-1\",\"sourceNodeId\":\"input-1\",\"targetNodeId\":\"transform-plus\",\"sourcePort\":\"output\",\"targetPort\":\"input1\"},{\"id\":\"conn-2\",\"sourceNodeId\":\"input-2\",\"targetNodeId\":\"transform-plus\",\"sourcePort\":\"output\",\"targetPort\":\"input2\"},{\"id\":\"conn-3\",\"sourceNodeId\":\"transform-plus\",\"targetNodeId\":\"return-result\",\"sourcePort\":\"output\",\"targetPort\":\"input\"}]"}
{"level":"info","message":"[collectNodeInputs][2]: {}"}
{"level":"info","message":"nodeInputs: {}"}
{"level":"info","message":"node: {\"id\":\"transform-plus\",\"type\":\"transform\",\"config\":{\"operation\":\"math\",\"method\":\"add\"},\"position\":{\"x\":300,\"y\":150}}"}
{"level":"info","message":"[collectNodeInputs][0]: transform-plus, [{\"id\":\"conn-1\",\"sourceNodeId\":\"input-1\",\"targetNodeId\":\"transform-plus\",\"sourcePort\":\"output\",\"targetPort\":\"input1\"},{\"id\":\"conn-2\",\"sourceNodeId\":\"input-2\",\"targetNodeId\":\"transform-plus\",\"sourcePort\":\"output\",\"targetPort\":\"input2\"},{\"id\":\"conn-3\",\"sourceNodeId\":\"transform-plus\",\"targetNodeId\":\"return-result\",\"sourcePort\":\"output\",\"targetPort\":\"input\"}]"}
{"level":"info","message":"[collectNodeInputs][1] conn.targetPort: input1"}
{"level":"info","message":"[collectNodeInputs][1] conn.targetPort: input2"}
{"level":"info","message":"[collectNodeInputs][2]: {}"}
{"level":"info","message":"nodeInputs: {}"}
{"level":"info","message":"node: {\"id\":\"return-result\",\"type\":\"return\",\"config\":{\"name\":\"sum\",\"dataType\":\"number\"},\"position\":{\"x\":500,\"y\":150}}"}
{"level":"info","message":"[collectNodeInputs][0]: return-result, [{\"id\":\"conn-1\",\"sourceNodeId\":\"input-1\",\"targetNodeId\":\"transform-plus\",\"sourcePort\":\"output\",\"targetPort\":\"input1\"},{\"id\":\"conn-2\",\"sourceNodeId\":\"input-2\",\"targetNodeId\":\"transform-plus\",\"sourcePort\":\"output\",\"targetPort\":\"input2\"},{\"id\":\"conn-3\",\"sourceNodeId\":\"transform-plus\",\"targetNodeId\":\"return-result\",\"sourcePort\":\"output\",\"targetPort\":\"input\"}]"}
{"level":"info","message":"[collectNodeInputs][1] conn.targetPort: input"}
{"level":"info","message":"[collectNodeInputs][2]: {}"}
{"level":"info","message":"nodeInputs: {}"}
{"level":"error","message":"Error executing node input-1: Required input \"firstNumber\" not provided"}
{"level":"error","message":"Error executing node input-2: Required input \"secondNumber\" not provided"}
{"level":"info","message":"Node transform-plus executed successfully."}
{"level":"info","message":"pipeline: {\"id\":\"math-pipeline-001\",\"projectId\":\"math-test-project-001\",\"name\":\"summ(a, b) Pipeline\",\"description\":\"Pipeline for adding two numbers\",\"templateId\":\"simple-math-template-001\",\"mode\":\"accumulator\",\"status\":\"active\",\"created\":\"2024-03-20T10:00:00Z\",\"updated\":\"2024-03-20T10:00:00Z\",\"settings\":{\"timeout\":60,\"retryPolicy\":{\"attempts\":3,\"delay\":5}},\"trigger\":{\"type\":\"manual\",\"config\":{\"inputValidation\":true}},\"executions\":[]}"}
{"level":"info","message":"[InputNode] inputs: {}"}
{"level":"info","message":"[InputNode] inputs: {}"}
{"level":"info","message":"Executing pipeline: summ(a, b) Pipeline"}
{"level":"info","message":"executionLog: {\"pipelineId\":\"math-pipeline-001\",\"timestamp\":\"2025-02-05T20:24:33.946Z\",\"status\":\"running\"}"}
{"level":"info","message":"template: {\"id\":\"simple-math-template-001\",\"name\":\"Simple Addition Template\",\"description\":\"Template for adding two numbers\",\"version\":\"1.0.0\",\"nodes\":[{\"id\":\"input-1\",\"type\":\"input\",\"config\":{\"name\":\"firstNumber\",\"dataType\":\"number\",\"required\":true},\"position\":{\"x\":100,\"y\":100}},{\"id\":\"input-2\",\"type\":\"input\",\"config\":{\"name\":\"secondNumber\",\"dataType\":\"number\",\"required\":true},\"position\":{\"x\":100,\"y\":200}},{\"id\":\"transform-plus\",\"type\":\"transform\",\"config\":{\"operation\":\"math\",\"method\":\"add\"},\"position\":{\"x\":300,\"y\":150}},{\"id\":\"return-result\",\"type\":\"return\",\"config\":{\"name\":\"sum\",\"dataType\":\"number\"},\"position\":{\"x\":500,\"y\":150}}],\"connections\":[{\"id\":\"conn-1\",\"sourceNodeId\":\"input-1\",\"targetNodeId\":\"transform-plus\",\"sourcePort\":\"output\",\"targetPort\":\"input1\"},{\"id\":\"conn-2\",\"sourceNodeId\":\"input-2\",\"targetNodeId\":\"transform-plus\",\"sourcePort\":\"output\",\"targetPort\":\"input2\"},{\"id\":\"conn-3\",\"sourceNodeId\":\"transform-plus\",\"targetNodeId\":\"return-result\",\"sourcePort\":\"output\",\"targetPort\":\"input\"}],\"validation\":{\"isValid\":true,\"errors\":[]}}"}
{"level":"info","message":"nodes: [{\"id\":\"input-1\",\"type\":\"input\",\"config\":{\"name\":\"firstNumber\",\"dataType\":\"number\",\"required\":true},\"position\":{\"x\":100,\"y\":100}},{\"id\":\"input-2\",\"type\":\"input\",\"config\":{\"name\":\"secondNumber\",\"dataType\":\"number\",\"required\":true},\"position\":{\"x\":100,\"y\":200}},{\"id\":\"transform-plus\",\"type\":\"transform\",\"config\":{\"operation\":\"math\",\"method\":\"add\"},\"position\":{\"x\":300,\"y\":150}},{\"id\":\"return-result\",\"type\":\"return\",\"config\":{\"name\":\"sum\",\"dataType\":\"number\"},\"position\":{\"x\":500,\"y\":150}}]"}
{"level":"info","message":"node: {\"id\":\"input-1\",\"type\":\"input\",\"config\":{\"name\":\"firstNumber\",\"dataType\":\"number\",\"required\":true},\"position\":{\"x\":100,\"y\":100}}"}
{"level":"info","message":"[collectNodeInputs][0]: input-1, [{\"id\":\"conn-1\",\"sourceNodeId\":\"input-1\",\"targetNodeId\":\"transform-plus\",\"sourcePort\":\"output\",\"targetPort\":\"input1\"},{\"id\":\"conn-2\",\"sourceNodeId\":\"input-2\",\"targetNodeId\":\"transform-plus\",\"sourcePort\":\"output\",\"targetPort\":\"input2\"},{\"id\":\"conn-3\",\"sourceNodeId\":\"transform-plus\",\"targetNodeId\":\"return-result\",\"sourcePort\":\"output\",\"targetPort\":\"input\"}]"}
{"level":"info","message":"[collectNodeInputs][2]: {}"}
{"level":"info","message":"nodeInputs: {}"}
{"level":"info","message":"node: {\"id\":\"input-2\",\"type\":\"input\",\"config\":{\"name\":\"secondNumber\",\"dataType\":\"number\",\"required\":true},\"position\":{\"x\":100,\"y\":200}}"}
{"level":"info","message":"[collectNodeInputs][0]: input-2, [{\"id\":\"conn-1\",\"sourceNodeId\":\"input-1\",\"targetNodeId\":\"transform-plus\",\"sourcePort\":\"output\",\"targetPort\":\"input1\"},{\"id\":\"conn-2\",\"sourceNodeId\":\"input-2\",\"targetNodeId\":\"transform-plus\",\"sourcePort\":\"output\",\"targetPort\":\"input2\"},{\"id\":\"conn-3\",\"sourceNodeId\":\"transform-plus\",\"targetNodeId\":\"return-result\",\"sourcePort\":\"output\",\"targetPort\":\"input\"}]"}
{"level":"info","message":"[collectNodeInputs][2]: {}"}
{"level":"info","message":"nodeInputs: {}"}
{"level":"info","message":"node: {\"id\":\"transform-plus\",\"type\":\"transform\",\"config\":{\"operation\":\"math\",\"method\":\"add\"},\"position\":{\"x\":300,\"y\":150}}"}
{"level":"info","message":"[collectNodeInputs][0]: transform-plus, [{\"id\":\"conn-1\",\"sourceNodeId\":\"input-1\",\"targetNodeId\":\"transform-plus\",\"sourcePort\":\"output\",\"targetPort\":\"input1\"},{\"id\":\"conn-2\",\"sourceNodeId\":\"input-2\",\"targetNodeId\":\"transform-plus\",\"sourcePort\":\"output\",\"targetPort\":\"input2\"},{\"id\":\"conn-3\",\"sourceNodeId\":\"transform-plus\",\"targetNodeId\":\"return-result\",\"sourcePort\":\"output\",\"targetPort\":\"input\"}]"}
{"level":"info","message":"[collectNodeInputs][1] conn.targetPort: input1"}
{"level":"info","message":"[collectNodeInputs][1] conn.targetPort: input2"}
{"level":"info","message":"[collectNodeInputs][2]: {}"}
{"level":"info","message":"nodeInputs: {}"}
{"level":"info","message":"node: {\"id\":\"return-result\",\"type\":\"return\",\"config\":{\"name\":\"sum\",\"dataType\":\"number\"},\"position\":{\"x\":500,\"y\":150}}"}
{"level":"info","message":"[collectNodeInputs][0]: return-result, [{\"id\":\"conn-1\",\"sourceNodeId\":\"input-1\",\"targetNodeId\":\"transform-plus\",\"sourcePort\":\"output\",\"targetPort\":\"input1\"},{\"id\":\"conn-2\",\"sourceNodeId\":\"input-2\",\"targetNodeId\":\"transform-plus\",\"sourcePort\":\"output\",\"targetPort\":\"input2\"},{\"id\":\"conn-3\",\"sourceNodeId\":\"transform-plus\",\"targetNodeId\":\"return-result\",\"sourcePort\":\"output\",\"targetPort\":\"input\"}]"}
{"level":"info","message":"[collectNodeInputs][1] conn.targetPort: input"}
{"level":"info","message":"[collectNodeInputs][2]: {}"}
{"level":"info","message":"nodeInputs: {}"}
{"level":"error","message":"Error executing node input-1: Required input \"firstNumber\" not provided"}
{"level":"error","message":"Error executing node input-2: Required input \"secondNumber\" not provided"}
{"level":"info","message":"Node transform-plus executed successfully."}
{"level":"info","message":"pipeline: {\"id\":\"math-pipeline-001\",\"projectId\":\"math-test-project-001\",\"name\":\"summ(a, b) Pipeline\",\"description\":\"Pipeline for adding two numbers\",\"templateId\":\"simple-math-template-001\",\"mode\":\"accumulator\",\"status\":\"active\",\"created\":\"2024-03-20T10:00:00Z\",\"updated\":\"2024-03-20T10:00:00Z\",\"settings\":{\"timeout\":60,\"retryPolicy\":{\"attempts\":3,\"delay\":5}},\"trigger\":{\"type\":\"manual\",\"config\":{\"inputValidation\":true}},\"executions\":[]}"}
{"level":"info","message":"[InputNode] inputs: {}"}
{"level":"info","message":"[InputNode] inputs: {}"}
{"level":"info","message":"Executing pipeline: summ(a, b) Pipeline"}
{"level":"info","message":"executionLog: {\"pipelineId\":\"math-pipeline-001\",\"timestamp\":\"2025-02-05T20:26:26.505Z\",\"status\":\"running\"}"}
{"level":"info","message":"template: {\"id\":\"simple-math-template-001\",\"name\":\"Simple Addition Template\",\"description\":\"Template for adding two numbers\",\"version\":\"1.0.0\",\"nodes\":[{\"id\":\"input-1\",\"type\":\"input\",\"config\":{\"name\":\"firstNumber\",\"dataType\":\"number\",\"required\":true},\"position\":{\"x\":100,\"y\":100}},{\"id\":\"input-2\",\"type\":\"input\",\"config\":{\"name\":\"secondNumber\",\"dataType\":\"number\",\"required\":true},\"position\":{\"x\":100,\"y\":200}},{\"id\":\"transform-plus\",\"type\":\"transform\",\"config\":{\"operation\":\"math\",\"method\":\"add\"},\"position\":{\"x\":300,\"y\":150}},{\"id\":\"return-result\",\"type\":\"return\",\"config\":{\"name\":\"sum\",\"dataType\":\"number\"},\"position\":{\"x\":500,\"y\":150}}],\"connections\":[{\"id\":\"conn-1\",\"sourceNodeId\":\"input-1\",\"targetNodeId\":\"transform-plus\",\"sourcePort\":\"output\",\"targetPort\":\"input1\"},{\"id\":\"conn-2\",\"sourceNodeId\":\"input-2\",\"targetNodeId\":\"transform-plus\",\"sourcePort\":\"output\",\"targetPort\":\"input2\"},{\"id\":\"conn-3\",\"sourceNodeId\":\"transform-plus\",\"targetNodeId\":\"return-result\",\"sourcePort\":\"output\",\"targetPort\":\"input\"}],\"validation\":{\"isValid\":true,\"errors\":[]}}"}
{"level":"info","message":"nodes: [{\"id\":\"input-1\",\"type\":\"input\",\"config\":{\"name\":\"firstNumber\",\"dataType\":\"number\",\"required\":true},\"position\":{\"x\":100,\"y\":100}},{\"id\":\"input-2\",\"type\":\"input\",\"config\":{\"name\":\"secondNumber\",\"dataType\":\"number\",\"required\":true},\"position\":{\"x\":100,\"y\":200}},{\"id\":\"transform-plus\",\"type\":\"transform\",\"config\":{\"operation\":\"math\",\"method\":\"add\"},\"position\":{\"x\":300,\"y\":150}},{\"id\":\"return-result\",\"type\":\"return\",\"config\":{\"name\":\"sum\",\"dataType\":\"number\"},\"position\":{\"x\":500,\"y\":150}}]"}
{"level":"info","message":"node: {\"id\":\"input-1\",\"type\":\"input\",\"config\":{\"name\":\"firstNumber\",\"dataType\":\"number\",\"required\":true},\"position\":{\"x\":100,\"y\":100}}"}
{"level":"info","message":"[collectNodeInputs][0]: input-1, [{\"id\":\"conn-1\",\"sourceNodeId\":\"input-1\",\"targetNodeId\":\"transform-plus\",\"sourcePort\":\"output\",\"targetPort\":\"input1\"},{\"id\":\"conn-2\",\"sourceNodeId\":\"input-2\",\"targetNodeId\":\"transform-plus\",\"sourcePort\":\"output\",\"targetPort\":\"input2\"},{\"id\":\"conn-3\",\"sourceNodeId\":\"transform-plus\",\"targetNodeId\":\"return-result\",\"sourcePort\":\"output\",\"targetPort\":\"input\"}]"}
{"level":"info","message":"[collectNodeInputs][2]: {}"}
{"level":"info","message":"nodeInputs: {}"}
{"level":"info","message":"node: {\"id\":\"input-2\",\"type\":\"input\",\"config\":{\"name\":\"secondNumber\",\"dataType\":\"number\",\"required\":true},\"position\":{\"x\":100,\"y\":200}}"}
{"level":"info","message":"[collectNodeInputs][0]: input-2, [{\"id\":\"conn-1\",\"sourceNodeId\":\"input-1\",\"targetNodeId\":\"transform-plus\",\"sourcePort\":\"output\",\"targetPort\":\"input1\"},{\"id\":\"conn-2\",\"sourceNodeId\":\"input-2\",\"targetNodeId\":\"transform-plus\",\"sourcePort\":\"output\",\"targetPort\":\"input2\"},{\"id\":\"conn-3\",\"sourceNodeId\":\"transform-plus\",\"targetNodeId\":\"return-result\",\"sourcePort\":\"output\",\"targetPort\":\"input\"}]"}
{"level":"info","message":"[collectNodeInputs][2]: {}"}
{"level":"info","message":"nodeInputs: {}"}
{"level":"info","message":"node: {\"id\":\"transform-plus\",\"type\":\"transform\",\"config\":{\"operation\":\"math\",\"method\":\"add\"},\"position\":{\"x\":300,\"y\":150}}"}
{"level":"info","message":"[collectNodeInputs][0]: transform-plus, [{\"id\":\"conn-1\",\"sourceNodeId\":\"input-1\",\"targetNodeId\":\"transform-plus\",\"sourcePort\":\"output\",\"targetPort\":\"input1\"},{\"id\":\"conn-2\",\"sourceNodeId\":\"input-2\",\"targetNodeId\":\"transform-plus\",\"sourcePort\":\"output\",\"targetPort\":\"input2\"},{\"id\":\"conn-3\",\"sourceNodeId\":\"transform-plus\",\"targetNodeId\":\"return-result\",\"sourcePort\":\"output\",\"targetPort\":\"input\"}]"}
{"level":"info","message":"[collectNodeInputs][1] conn.targetPort: input1"}
{"level":"info","message":"[collectNodeInputs][1] conn.targetPort: input2"}
{"level":"info","message":"[collectNodeInputs][2]: {\"input1\":null,\"input2\":null}"}
{"level":"info","message":"nodeInputs: {\"input1\":null,\"input2\":null}"}
{"level":"info","message":"node: {\"id\":\"return-result\",\"type\":\"return\",\"config\":{\"name\":\"sum\",\"dataType\":\"number\"},\"position\":{\"x\":500,\"y\":150}}"}
{"level":"info","message":"[collectNodeInputs][0]: return-result, [{\"id\":\"conn-1\",\"sourceNodeId\":\"input-1\",\"targetNodeId\":\"transform-plus\",\"sourcePort\":\"output\",\"targetPort\":\"input1\"},{\"id\":\"conn-2\",\"sourceNodeId\":\"input-2\",\"targetNodeId\":\"transform-plus\",\"sourcePort\":\"output\",\"targetPort\":\"input2\"},{\"id\":\"conn-3\",\"sourceNodeId\":\"transform-plus\",\"targetNodeId\":\"return-result\",\"sourcePort\":\"output\",\"targetPort\":\"input\"}]"}
{"level":"info","message":"[collectNodeInputs][1] conn.targetPort: input"}
{"level":"info","message":"[collectNodeInputs][2]: {\"input\":null}"}
{"level":"info","message":"nodeInputs: {\"input\":null}"}
{"level":"error","message":"Error executing node input-1: Required input \"firstNumber\" not provided"}
{"level":"error","message":"Error executing node input-2: Required input \"secondNumber\" not provided"}
{"level":"info","message":"Node transform-plus executed successfully."}
{"level":"info","message":"pipeline: {\"id\":\"math-pipeline-001\",\"projectId\":\"math-test-project-001\",\"name\":\"summ(a, b) Pipeline\",\"description\":\"Pipeline for adding two numbers\",\"templateId\":\"simple-math-template-001\",\"mode\":\"accumulator\",\"status\":\"active\",\"created\":\"2024-03-20T10:00:00Z\",\"updated\":\"2024-03-20T10:00:00Z\",\"settings\":{\"timeout\":60,\"retryPolicy\":{\"attempts\":3,\"delay\":5}},\"trigger\":{\"type\":\"manual\",\"config\":{\"inputValidation\":true}},\"executions\":[]}"}
{"level":"info","message":"[InputNode] inputs: {}"}
{"level":"info","message":"[InputNode] inputs: {}"}
{"level":"info","message":"Executing pipeline: summ(a, b) Pipeline"}
{"level":"info","message":"executionLog: {\"pipelineId\":\"math-pipeline-001\",\"timestamp\":\"2025-02-05T20:26:28.997Z\",\"status\":\"running\"}"}
{"level":"info","message":"template: {\"id\":\"simple-math-template-001\",\"name\":\"Simple Addition Template\",\"description\":\"Template for adding two numbers\",\"version\":\"1.0.0\",\"nodes\":[{\"id\":\"input-1\",\"type\":\"input\",\"config\":{\"name\":\"firstNumber\",\"dataType\":\"number\",\"required\":true},\"position\":{\"x\":100,\"y\":100}},{\"id\":\"input-2\",\"type\":\"input\",\"config\":{\"name\":\"secondNumber\",\"dataType\":\"number\",\"required\":true},\"position\":{\"x\":100,\"y\":200}},{\"id\":\"transform-plus\",\"type\":\"transform\",\"config\":{\"operation\":\"math\",\"method\":\"add\"},\"position\":{\"x\":300,\"y\":150}},{\"id\":\"return-result\",\"type\":\"return\",\"config\":{\"name\":\"sum\",\"dataType\":\"number\"},\"position\":{\"x\":500,\"y\":150}}],\"connections\":[{\"id\":\"conn-1\",\"sourceNodeId\":\"input-1\",\"targetNodeId\":\"transform-plus\",\"sourcePort\":\"output\",\"targetPort\":\"input1\"},{\"id\":\"conn-2\",\"sourceNodeId\":\"input-2\",\"targetNodeId\":\"transform-plus\",\"sourcePort\":\"output\",\"targetPort\":\"input2\"},{\"id\":\"conn-3\",\"sourceNodeId\":\"transform-plus\",\"targetNodeId\":\"return-result\",\"sourcePort\":\"output\",\"targetPort\":\"input\"}],\"validation\":{\"isValid\":true,\"errors\":[]}}"}
{"level":"info","message":"nodes: [{\"id\":\"input-1\",\"type\":\"input\",\"config\":{\"name\":\"firstNumber\",\"dataType\":\"number\",\"required\":true},\"position\":{\"x\":100,\"y\":100}},{\"id\":\"input-2\",\"type\":\"input\",\"config\":{\"name\":\"secondNumber\",\"dataType\":\"number\",\"required\":true},\"position\":{\"x\":100,\"y\":200}},{\"id\":\"transform-plus\",\"type\":\"transform\",\"config\":{\"operation\":\"math\",\"method\":\"add\"},\"position\":{\"x\":300,\"y\":150}},{\"id\":\"return-result\",\"type\":\"return\",\"config\":{\"name\":\"sum\",\"dataType\":\"number\"},\"position\":{\"x\":500,\"y\":150}}]"}
{"level":"info","message":"node: {\"id\":\"input-1\",\"type\":\"input\",\"config\":{\"name\":\"firstNumber\",\"dataType\":\"number\",\"required\":true},\"position\":{\"x\":100,\"y\":100}}"}
{"level":"info","message":"[collectNodeInputs][0]: input-1, [{\"id\":\"conn-1\",\"sourceNodeId\":\"input-1\",\"targetNodeId\":\"transform-plus\",\"sourcePort\":\"output\",\"targetPort\":\"input1\"},{\"id\":\"conn-2\",\"sourceNodeId\":\"input-2\",\"targetNodeId\":\"transform-plus\",\"sourcePort\":\"output\",\"targetPort\":\"input2\"},{\"id\":\"conn-3\",\"sourceNodeId\":\"transform-plus\",\"targetNodeId\":\"return-result\",\"sourcePort\":\"output\",\"targetPort\":\"input\"}]"}
{"level":"info","message":"[collectNodeInputs][2]: {}"}
{"level":"info","message":"nodeInputs: {}"}
{"level":"info","message":"node: {\"id\":\"input-2\",\"type\":\"input\",\"config\":{\"name\":\"secondNumber\",\"dataType\":\"number\",\"required\":true},\"position\":{\"x\":100,\"y\":200}}"}
{"level":"info","message":"[collectNodeInputs][0]: input-2, [{\"id\":\"conn-1\",\"sourceNodeId\":\"input-1\",\"targetNodeId\":\"transform-plus\",\"sourcePort\":\"output\",\"targetPort\":\"input1\"},{\"id\":\"conn-2\",\"sourceNodeId\":\"input-2\",\"targetNodeId\":\"transform-plus\",\"sourcePort\":\"output\",\"targetPort\":\"input2\"},{\"id\":\"conn-3\",\"sourceNodeId\":\"transform-plus\",\"targetNodeId\":\"return-result\",\"sourcePort\":\"output\",\"targetPort\":\"input\"}]"}
{"level":"info","message":"[collectNodeInputs][2]: {}"}
{"level":"info","message":"nodeInputs: {}"}
{"level":"info","message":"node: {\"id\":\"transform-plus\",\"type\":\"transform\",\"config\":{\"operation\":\"math\",\"method\":\"add\"},\"position\":{\"x\":300,\"y\":150}}"}
{"level":"info","message":"[collectNodeInputs][0]: transform-plus, [{\"id\":\"conn-1\",\"sourceNodeId\":\"input-1\",\"targetNodeId\":\"transform-plus\",\"sourcePort\":\"output\",\"targetPort\":\"input1\"},{\"id\":\"conn-2\",\"sourceNodeId\":\"input-2\",\"targetNodeId\":\"transform-plus\",\"sourcePort\":\"output\",\"targetPort\":\"input2\"},{\"id\":\"conn-3\",\"sourceNodeId\":\"transform-plus\",\"targetNodeId\":\"return-result\",\"sourcePort\":\"output\",\"targetPort\":\"input\"}]"}
{"level":"info","message":"[collectNodeInputs][1] conn.targetPort: input1"}
{"level":"info","message":"[collectNodeInputs][1] conn.targetPort: input2"}
{"level":"info","message":"[collectNodeInputs][2]: {\"input1\":null,\"input2\":null}"}
{"level":"info","message":"nodeInputs: {\"input1\":null,\"input2\":null}"}
{"level":"info","message":"node: {\"id\":\"return-result\",\"type\":\"return\",\"config\":{\"name\":\"sum\",\"dataType\":\"number\"},\"position\":{\"x\":500,\"y\":150}}"}
{"level":"info","message":"[collectNodeInputs][0]: return-result, [{\"id\":\"conn-1\",\"sourceNodeId\":\"input-1\",\"targetNodeId\":\"transform-plus\",\"sourcePort\":\"output\",\"targetPort\":\"input1\"},{\"id\":\"conn-2\",\"sourceNodeId\":\"input-2\",\"targetNodeId\":\"transform-plus\",\"sourcePort\":\"output\",\"targetPort\":\"input2\"},{\"id\":\"conn-3\",\"sourceNodeId\":\"transform-plus\",\"targetNodeId\":\"return-result\",\"sourcePort\":\"output\",\"targetPort\":\"input\"}]"}
{"level":"info","message":"[collectNodeInputs][1] conn.targetPort: input"}
{"level":"info","message":"[collectNodeInputs][2]: {\"input\":null}"}
{"level":"info","message":"nodeInputs: {\"input\":null}"}
{"level":"error","message":"Error executing node input-1: Required input \"firstNumber\" not provided"}
{"level":"error","message":"Error executing node input-2: Required input \"secondNumber\" not provided"}
{"level":"info","message":"Node transform-plus executed successfully."}
{"level":"info","message":"pipeline: {\"id\":\"math-pipeline-001\",\"projectId\":\"math-test-project-001\",\"name\":\"summ(a, b) Pipeline\",\"description\":\"Pipeline for adding two numbers\",\"templateId\":\"simple-math-template-001\",\"mode\":\"accumulator\",\"status\":\"active\",\"created\":\"2024-03-20T10:00:00Z\",\"updated\":\"2024-03-20T10:00:00Z\",\"settings\":{\"timeout\":60,\"retryPolicy\":{\"attempts\":3,\"delay\":5}},\"trigger\":{\"type\":\"manual\",\"config\":{\"inputValidation\":true}},\"executions\":[]}"}
{"level":"info","message":"[InputNode] inputs: {}"}
{"level":"info","message":"[InputNode] inputs: {}"}
{"level":"info","message":"Executing pipeline: summ(a, b) Pipeline"}
{"level":"info","message":"executionLog: {\"pipelineId\":\"math-pipeline-001\",\"timestamp\":\"2025-02-05T20:28:58.248Z\",\"status\":\"running\"}"}
{"level":"info","message":"template: {\"id\":\"simple-math-template-001\",\"name\":\"Simple Addition Template\",\"description\":\"Template for adding two numbers\",\"version\":\"1.0.0\",\"nodes\":[{\"id\":\"input-1\",\"type\":\"input\",\"config\":{\"name\":\"firstNumber\",\"dataType\":\"number\",\"required\":true},\"position\":{\"x\":100,\"y\":100}},{\"id\":\"input-2\",\"type\":\"input\",\"config\":{\"name\":\"secondNumber\",\"dataType\":\"number\",\"required\":true},\"position\":{\"x\":100,\"y\":200}},{\"id\":\"transform-plus\",\"type\":\"transform\",\"config\":{\"operation\":\"math\",\"method\":\"add\"},\"position\":{\"x\":300,\"y\":150}},{\"id\":\"return-result\",\"type\":\"return\",\"config\":{\"name\":\"sum\",\"dataType\":\"number\"},\"position\":{\"x\":500,\"y\":150}}],\"connections\":[{\"id\":\"conn-1\",\"sourceNodeId\":\"input-1\",\"targetNodeId\":\"transform-plus\",\"sourcePort\":\"output\",\"targetPort\":\"input1\"},{\"id\":\"conn-2\",\"sourceNodeId\":\"input-2\",\"targetNodeId\":\"transform-plus\",\"sourcePort\":\"output\",\"targetPort\":\"input2\"},{\"id\":\"conn-3\",\"sourceNodeId\":\"transform-plus\",\"targetNodeId\":\"return-result\",\"sourcePort\":\"output\",\"targetPort\":\"input\"}],\"validation\":{\"isValid\":true,\"errors\":[]}}"}
{"level":"info","message":"nodes: [{\"id\":\"input-1\",\"type\":\"input\",\"config\":{\"name\":\"firstNumber\",\"dataType\":\"number\",\"required\":true},\"position\":{\"x\":100,\"y\":100}},{\"id\":\"input-2\",\"type\":\"input\",\"config\":{\"name\":\"secondNumber\",\"dataType\":\"number\",\"required\":true},\"position\":{\"x\":100,\"y\":200}},{\"id\":\"transform-plus\",\"type\":\"transform\",\"config\":{\"operation\":\"math\",\"method\":\"add\"},\"position\":{\"x\":300,\"y\":150}},{\"id\":\"return-result\",\"type\":\"return\",\"config\":{\"name\":\"sum\",\"dataType\":\"number\"},\"position\":{\"x\":500,\"y\":150}}]"}
{"level":"info","message":"node: {\"id\":\"input-1\",\"type\":\"input\",\"config\":{\"name\":\"firstNumber\",\"dataType\":\"number\",\"required\":true},\"position\":{\"x\":100,\"y\":100}}"}
{"level":"info","message":"[collectNodeInputs][0]: input-1, [{\"id\":\"conn-1\",\"sourceNodeId\":\"input-1\",\"targetNodeId\":\"transform-plus\",\"sourcePort\":\"output\",\"targetPort\":\"input1\"},{\"id\":\"conn-2\",\"sourceNodeId\":\"input-2\",\"targetNodeId\":\"transform-plus\",\"sourcePort\":\"output\",\"targetPort\":\"input2\"},{\"id\":\"conn-3\",\"sourceNodeId\":\"transform-plus\",\"targetNodeId\":\"return-result\",\"sourcePort\":\"output\",\"targetPort\":\"input\"}]"}
{"level":"info","message":"[collectNodeInputs][2]: {}"}
{"level":"info","message":"nodeInputs: {}"}
{"level":"info","message":"node: {\"id\":\"input-2\",\"type\":\"input\",\"config\":{\"name\":\"secondNumber\",\"dataType\":\"number\",\"required\":true},\"position\":{\"x\":100,\"y\":200}}"}
{"level":"info","message":"[collectNodeInputs][0]: input-2, [{\"id\":\"conn-1\",\"sourceNodeId\":\"input-1\",\"targetNodeId\":\"transform-plus\",\"sourcePort\":\"output\",\"targetPort\":\"input1\"},{\"id\":\"conn-2\",\"sourceNodeId\":\"input-2\",\"targetNodeId\":\"transform-plus\",\"sourcePort\":\"output\",\"targetPort\":\"input2\"},{\"id\":\"conn-3\",\"sourceNodeId\":\"transform-plus\",\"targetNodeId\":\"return-result\",\"sourcePort\":\"output\",\"targetPort\":\"input\"}]"}
{"level":"info","message":"[collectNodeInputs][2]: {}"}
{"level":"info","message":"nodeInputs: {}"}
{"level":"info","message":"node: {\"id\":\"transform-plus\",\"type\":\"transform\",\"config\":{\"operation\":\"math\",\"method\":\"add\"},\"position\":{\"x\":300,\"y\":150}}"}
{"level":"info","message":"[collectNodeInputs][0]: transform-plus, [{\"id\":\"conn-1\",\"sourceNodeId\":\"input-1\",\"targetNodeId\":\"transform-plus\",\"sourcePort\":\"output\",\"targetPort\":\"input1\"},{\"id\":\"conn-2\",\"sourceNodeId\":\"input-2\",\"targetNodeId\":\"transform-plus\",\"sourcePort\":\"output\",\"targetPort\":\"input2\"},{\"id\":\"conn-3\",\"sourceNodeId\":\"transform-plus\",\"targetNodeId\":\"return-result\",\"sourcePort\":\"output\",\"targetPort\":\"input\"}]"}
{"level":"info","message":"[collectNodeInputs][1] conn.targetPort: input1"}
{"level":"info","message":"[collectNodeInputs][1] conn.targetPort: input2"}
{"level":"info","message":"[collectNodeInputs][2]: {\"input1\":null,\"input2\":null}"}
{"level":"info","message":"nodeInputs: {\"input1\":null,\"input2\":null}"}
{"level":"info","message":"node: {\"id\":\"return-result\",\"type\":\"return\",\"config\":{\"name\":\"sum\",\"dataType\":\"number\"},\"position\":{\"x\":500,\"y\":150}}"}
{"level":"info","message":"[collectNodeInputs][0]: return-result, [{\"id\":\"conn-1\",\"sourceNodeId\":\"input-1\",\"targetNodeId\":\"transform-plus\",\"sourcePort\":\"output\",\"targetPort\":\"input1\"},{\"id\":\"conn-2\",\"sourceNodeId\":\"input-2\",\"targetNodeId\":\"transform-plus\",\"sourcePort\":\"output\",\"targetPort\":\"input2\"},{\"id\":\"conn-3\",\"sourceNodeId\":\"transform-plus\",\"targetNodeId\":\"return-result\",\"sourcePort\":\"output\",\"targetPort\":\"input\"}]"}
{"level":"info","message":"[collectNodeInputs][1] conn.targetPort: input"}
{"level":"info","message":"[collectNodeInputs][2]: {\"input\":null}"}
{"level":"info","message":"nodeInputs: {\"input\":null}"}
{"level":"error","message":"Error executing node input-1: Required input \"firstNumber\" not provided"}
{"level":"error","message":"Error executing node input-2: Required input \"secondNumber\" not provided"}
{"level":"info","message":"Node transform-plus executed successfully."}
{"level":"info","message":"pipeline: {\"id\":\"math-pipeline-001\",\"projectId\":\"math-test-project-001\",\"name\":\"summ(a, b) Pipeline\",\"description\":\"Pipeline for adding two numbers\",\"templateId\":\"simple-math-template-001\",\"mode\":\"accumulator\",\"status\":\"active\",\"created\":\"2024-03-20T10:00:00Z\",\"updated\":\"2024-03-20T10:00:00Z\",\"settings\":{\"timeout\":60,\"retryPolicy\":{\"attempts\":3,\"delay\":5}},\"trigger\":{\"type\":\"manual\",\"config\":{\"inputValidation\":true}},\"executions\":[]}"}
{"level":"info","message":"[InputNode][execute] inputs: {}"}
{"level":"info","message":"[InputNode][execute] inputs: {}"}
{"level":"info","message":"Executing pipeline: summ(a, b) Pipeline"}
{"level":"info","message":"executionLog: {\"pipelineId\":\"math-pipeline-001\",\"timestamp\":\"2025-02-05T20:30:17.992Z\",\"status\":\"running\"}"}
{"level":"info","message":"template: {\"id\":\"simple-math-template-001\",\"name\":\"Simple Addition Template\",\"description\":\"Template for adding two numbers\",\"version\":\"1.0.0\",\"nodes\":[{\"id\":\"input-1\",\"type\":\"input\",\"config\":{\"name\":\"firstNumber\",\"dataType\":\"number\",\"required\":true},\"position\":{\"x\":100,\"y\":100}},{\"id\":\"input-2\",\"type\":\"input\",\"config\":{\"name\":\"secondNumber\",\"dataType\":\"number\",\"required\":true},\"position\":{\"x\":100,\"y\":200}},{\"id\":\"transform-plus\",\"type\":\"transform\",\"config\":{\"operation\":\"math\",\"method\":\"add\"},\"position\":{\"x\":300,\"y\":150}},{\"id\":\"return-result\",\"type\":\"return\",\"config\":{\"name\":\"sum\",\"dataType\":\"number\"},\"position\":{\"x\":500,\"y\":150}}],\"connections\":[{\"id\":\"conn-1\",\"sourceNodeId\":\"input-1\",\"targetNodeId\":\"transform-plus\",\"sourcePort\":\"output\",\"targetPort\":\"input1\"},{\"id\":\"conn-2\",\"sourceNodeId\":\"input-2\",\"targetNodeId\":\"transform-plus\",\"sourcePort\":\"output\",\"targetPort\":\"input2\"},{\"id\":\"conn-3\",\"sourceNodeId\":\"transform-plus\",\"targetNodeId\":\"return-result\",\"sourcePort\":\"output\",\"targetPort\":\"input\"}],\"validation\":{\"isValid\":true,\"errors\":[]}}"}
{"level":"info","message":"nodes: [{\"id\":\"input-1\",\"type\":\"input\",\"config\":{\"name\":\"firstNumber\",\"dataType\":\"number\",\"required\":true},\"position\":{\"x\":100,\"y\":100}},{\"id\":\"input-2\",\"type\":\"input\",\"config\":{\"name\":\"secondNumber\",\"dataType\":\"number\",\"required\":true},\"position\":{\"x\":100,\"y\":200}},{\"id\":\"transform-plus\",\"type\":\"transform\",\"config\":{\"operation\":\"math\",\"method\":\"add\"},\"position\":{\"x\":300,\"y\":150}},{\"id\":\"return-result\",\"type\":\"return\",\"config\":{\"name\":\"sum\",\"dataType\":\"number\"},\"position\":{\"x\":500,\"y\":150}}]"}
{"level":"info","message":"node: {\"id\":\"input-1\",\"type\":\"input\",\"config\":{\"name\":\"firstNumber\",\"dataType\":\"number\",\"required\":true},\"position\":{\"x\":100,\"y\":100}}"}
{"level":"info","message":"[collectNodeInputs][0]: input-1, [{\"id\":\"conn-1\",\"sourceNodeId\":\"input-1\",\"targetNodeId\":\"transform-plus\",\"sourcePort\":\"output\",\"targetPort\":\"input1\"},{\"id\":\"conn-2\",\"sourceNodeId\":\"input-2\",\"targetNodeId\":\"transform-plus\",\"sourcePort\":\"output\",\"targetPort\":\"input2\"},{\"id\":\"conn-3\",\"sourceNodeId\":\"transform-plus\",\"targetNodeId\":\"return-result\",\"sourcePort\":\"output\",\"targetPort\":\"input\"}]"}
{"level":"info","message":"[collectNodeInputs][2]: {}"}
{"level":"info","message":"nodeInputs: {}"}
{"level":"info","message":"node: {\"id\":\"input-2\",\"type\":\"input\",\"config\":{\"name\":\"secondNumber\",\"dataType\":\"number\",\"required\":true},\"position\":{\"x\":100,\"y\":200}}"}
{"level":"info","message":"[collectNodeInputs][0]: input-2, [{\"id\":\"conn-1\",\"sourceNodeId\":\"input-1\",\"targetNodeId\":\"transform-plus\",\"sourcePort\":\"output\",\"targetPort\":\"input1\"},{\"id\":\"conn-2\",\"sourceNodeId\":\"input-2\",\"targetNodeId\":\"transform-plus\",\"sourcePort\":\"output\",\"targetPort\":\"input2\"},{\"id\":\"conn-3\",\"sourceNodeId\":\"transform-plus\",\"targetNodeId\":\"return-result\",\"sourcePort\":\"output\",\"targetPort\":\"input\"}]"}
{"level":"info","message":"[collectNodeInputs][2]: {}"}
{"level":"info","message":"nodeInputs: {}"}
{"level":"info","message":"node: {\"id\":\"transform-plus\",\"type\":\"transform\",\"config\":{\"operation\":\"math\",\"method\":\"add\"},\"position\":{\"x\":300,\"y\":150}}"}
{"level":"info","message":"[collectNodeInputs][0]: transform-plus, [{\"id\":\"conn-1\",\"sourceNodeId\":\"input-1\",\"targetNodeId\":\"transform-plus\",\"sourcePort\":\"output\",\"targetPort\":\"input1\"},{\"id\":\"conn-2\",\"sourceNodeId\":\"input-2\",\"targetNodeId\":\"transform-plus\",\"sourcePort\":\"output\",\"targetPort\":\"input2\"},{\"id\":\"conn-3\",\"sourceNodeId\":\"transform-plus\",\"targetNodeId\":\"return-result\",\"sourcePort\":\"output\",\"targetPort\":\"input\"}]"}
{"level":"info","message":"[collectNodeInputs][1] conn.targetPort: input1"}
{"level":"info","message":"[collectNodeInputs][1] conn.targetPort: input2"}
{"level":"info","message":"[collectNodeInputs][2]: {\"input1\":null,\"input2\":null}"}
{"level":"info","message":"nodeInputs: {\"input1\":null,\"input2\":null}"}
{"level":"info","message":"node: {\"id\":\"return-result\",\"type\":\"return\",\"config\":{\"name\":\"sum\",\"dataType\":\"number\"},\"position\":{\"x\":500,\"y\":150}}"}
{"level":"info","message":"[collectNodeInputs][0]: return-result, [{\"id\":\"conn-1\",\"sourceNodeId\":\"input-1\",\"targetNodeId\":\"transform-plus\",\"sourcePort\":\"output\",\"targetPort\":\"input1\"},{\"id\":\"conn-2\",\"sourceNodeId\":\"input-2\",\"targetNodeId\":\"transform-plus\",\"sourcePort\":\"output\",\"targetPort\":\"input2\"},{\"id\":\"conn-3\",\"sourceNodeId\":\"transform-plus\",\"targetNodeId\":\"return-result\",\"sourcePort\":\"output\",\"targetPort\":\"input\"}]"}
{"level":"info","message":"[collectNodeInputs][1] conn.targetPort: input"}
{"level":"info","message":"[collectNodeInputs][2]: {\"input\":null}"}
{"level":"info","message":"nodeInputs: {\"input\":null}"}
{"level":"error","message":"Error executing node input-1: Required input \"firstNumber\" not provided"}
{"level":"error","message":"Error executing node input-2: Required input \"secondNumber\" not provided"}
{"level":"info","message":"Node transform-plus executed successfully."}
{"level":"info","message":"[InputNode][execute] inputName: firstNumber"}
{"level":"info","message":"[InputNode][execute] inputName: secondNumber"}
{"level":"info","message":"pipeline: {\"id\":\"math-pipeline-001\",\"projectId\":\"math-test-project-001\",\"name\":\"summ(a, b) Pipeline\",\"description\":\"Pipeline for adding two numbers\",\"templateId\":\"simple-math-template-001\",\"mode\":\"accumulator\",\"status\":\"active\",\"created\":\"2024-03-20T10:00:00Z\",\"updated\":\"2024-03-20T10:00:00Z\",\"settings\":{\"timeout\":60,\"retryPolicy\":{\"attempts\":3,\"delay\":5}},\"trigger\":{\"type\":\"manual\",\"config\":{\"inputValidation\":true}},\"executions\":[]}"}
{"level":"info","message":"[InputNode][execute] inputs: {}"}
{"level":"info","message":"[InputNode][execute] inputs: {}"}
{"level":"info","message":"Executing pipeline: summ(a, b) Pipeline"}
{"level":"info","message":"executionLog: {\"pipelineId\":\"math-pipeline-001\",\"timestamp\":\"2025-02-05T20:30:23.874Z\",\"status\":\"running\"}"}
{"level":"info","message":"template: {\"id\":\"simple-math-template-001\",\"name\":\"Simple Addition Template\",\"description\":\"Template for adding two numbers\",\"version\":\"1.0.0\",\"nodes\":[{\"id\":\"input-1\",\"type\":\"input\",\"config\":{\"name\":\"firstNumber\",\"dataType\":\"number\",\"required\":true},\"position\":{\"x\":100,\"y\":100}},{\"id\":\"input-2\",\"type\":\"input\",\"config\":{\"name\":\"secondNumber\",\"dataType\":\"number\",\"required\":true},\"position\":{\"x\":100,\"y\":200}},{\"id\":\"transform-plus\",\"type\":\"transform\",\"config\":{\"operation\":\"math\",\"method\":\"add\"},\"position\":{\"x\":300,\"y\":150}},{\"id\":\"return-result\",\"type\":\"return\",\"config\":{\"name\":\"sum\",\"dataType\":\"number\"},\"position\":{\"x\":500,\"y\":150}}],\"connections\":[{\"id\":\"conn-1\",\"sourceNodeId\":\"input-1\",\"targetNodeId\":\"transform-plus\",\"sourcePort\":\"output\",\"targetPort\":\"input1\"},{\"id\":\"conn-2\",\"sourceNodeId\":\"input-2\",\"targetNodeId\":\"transform-plus\",\"sourcePort\":\"output\",\"targetPort\":\"input2\"},{\"id\":\"conn-3\",\"sourceNodeId\":\"transform-plus\",\"targetNodeId\":\"return-result\",\"sourcePort\":\"output\",\"targetPort\":\"input\"}],\"validation\":{\"isValid\":true,\"errors\":[]}}"}
{"level":"info","message":"nodes: [{\"id\":\"input-1\",\"type\":\"input\",\"config\":{\"name\":\"firstNumber\",\"dataType\":\"number\",\"required\":true},\"position\":{\"x\":100,\"y\":100}},{\"id\":\"input-2\",\"type\":\"input\",\"config\":{\"name\":\"secondNumber\",\"dataType\":\"number\",\"required\":true},\"position\":{\"x\":100,\"y\":200}},{\"id\":\"transform-plus\",\"type\":\"transform\",\"config\":{\"operation\":\"math\",\"method\":\"add\"},\"position\":{\"x\":300,\"y\":150}},{\"id\":\"return-result\",\"type\":\"return\",\"config\":{\"name\":\"sum\",\"dataType\":\"number\"},\"position\":{\"x\":500,\"y\":150}}]"}
{"level":"info","message":"node: {\"id\":\"input-1\",\"type\":\"input\",\"config\":{\"name\":\"firstNumber\",\"dataType\":\"number\",\"required\":true},\"position\":{\"x\":100,\"y\":100}}"}
{"level":"info","message":"[collectNodeInputs][0]: input-1, [{\"id\":\"conn-1\",\"sourceNodeId\":\"input-1\",\"targetNodeId\":\"transform-plus\",\"sourcePort\":\"output\",\"targetPort\":\"input1\"},{\"id\":\"conn-2\",\"sourceNodeId\":\"input-2\",\"targetNodeId\":\"transform-plus\",\"sourcePort\":\"output\",\"targetPort\":\"input2\"},{\"id\":\"conn-3\",\"sourceNodeId\":\"transform-plus\",\"targetNodeId\":\"return-result\",\"sourcePort\":\"output\",\"targetPort\":\"input\"}]"}
{"level":"info","message":"[collectNodeInputs][2]: {}"}
{"level":"info","message":"nodeInputs: {}"}
{"level":"info","message":"node: {\"id\":\"input-2\",\"type\":\"input\",\"config\":{\"name\":\"secondNumber\",\"dataType\":\"number\",\"required\":true},\"position\":{\"x\":100,\"y\":200}}"}
{"level":"info","message":"[collectNodeInputs][0]: input-2, [{\"id\":\"conn-1\",\"sourceNodeId\":\"input-1\",\"targetNodeId\":\"transform-plus\",\"sourcePort\":\"output\",\"targetPort\":\"input1\"},{\"id\":\"conn-2\",\"sourceNodeId\":\"input-2\",\"targetNodeId\":\"transform-plus\",\"sourcePort\":\"output\",\"targetPort\":\"input2\"},{\"id\":\"conn-3\",\"sourceNodeId\":\"transform-plus\",\"targetNodeId\":\"return-result\",\"sourcePort\":\"output\",\"targetPort\":\"input\"}]"}
{"level":"info","message":"[collectNodeInputs][2]: {}"}
{"level":"info","message":"nodeInputs: {}"}
{"level":"info","message":"node: {\"id\":\"transform-plus\",\"type\":\"transform\",\"config\":{\"operation\":\"math\",\"method\":\"add\"},\"position\":{\"x\":300,\"y\":150}}"}
{"level":"info","message":"[collectNodeInputs][0]: transform-plus, [{\"id\":\"conn-1\",\"sourceNodeId\":\"input-1\",\"targetNodeId\":\"transform-plus\",\"sourcePort\":\"output\",\"targetPort\":\"input1\"},{\"id\":\"conn-2\",\"sourceNodeId\":\"input-2\",\"targetNodeId\":\"transform-plus\",\"sourcePort\":\"output\",\"targetPort\":\"input2\"},{\"id\":\"conn-3\",\"sourceNodeId\":\"transform-plus\",\"targetNodeId\":\"return-result\",\"sourcePort\":\"output\",\"targetPort\":\"input\"}]"}
{"level":"info","message":"[collectNodeInputs][1] conn.targetPort: input1"}
{"level":"info","message":"[collectNodeInputs][1] conn.targetPort: input2"}
{"level":"info","message":"[collectNodeInputs][2]: {\"input1\":null,\"input2\":null}"}
{"level":"info","message":"nodeInputs: {\"input1\":null,\"input2\":null}"}
{"level":"info","message":"node: {\"id\":\"return-result\",\"type\":\"return\",\"config\":{\"name\":\"sum\",\"dataType\":\"number\"},\"position\":{\"x\":500,\"y\":150}}"}
{"level":"info","message":"[collectNodeInputs][0]: return-result, [{\"id\":\"conn-1\",\"sourceNodeId\":\"input-1\",\"targetNodeId\":\"transform-plus\",\"sourcePort\":\"output\",\"targetPort\":\"input1\"},{\"id\":\"conn-2\",\"sourceNodeId\":\"input-2\",\"targetNodeId\":\"transform-plus\",\"sourcePort\":\"output\",\"targetPort\":\"input2\"},{\"id\":\"conn-3\",\"sourceNodeId\":\"transform-plus\",\"targetNodeId\":\"return-result\",\"sourcePort\":\"output\",\"targetPort\":\"input\"}]"}
{"level":"info","message":"[collectNodeInputs][1] conn.targetPort: input"}
{"level":"info","message":"[collectNodeInputs][2]: {\"input\":null}"}
{"level":"info","message":"nodeInputs: {\"input\":null}"}
{"level":"error","message":"Error executing node input-1: Required input \"firstNumber\" not provided"}
{"level":"error","message":"Error executing node input-2: Required input \"secondNumber\" not provided"}
{"level":"info","message":"Node transform-plus executed successfully."}
{"level":"info","message":"[InputNode][execute] inputName: firstNumber"}
{"level":"info","message":"[InputNode][execute] inputName: secondNumber"}
{"level":"info","message":"pipeline: {\"id\":\"math-pipeline-001\",\"projectId\":\"math-test-project-001\",\"name\":\"summ(a, b) Pipeline\",\"description\":\"Pipeline for adding two numbers\",\"templateId\":\"simple-math-template-001\",\"mode\":\"accumulator\",\"status\":\"active\",\"created\":\"2024-03-20T10:00:00Z\",\"updated\":\"2024-03-20T10:00:00Z\",\"settings\":{\"timeout\":60,\"retryPolicy\":{\"attempts\":3,\"delay\":5}},\"trigger\":{\"type\":\"manual\",\"config\":{\"inputValidation\":true}},\"executions\":[]}"}
{"level":"info","message":"[InputNode][execute] inputs: {}"}
{"level":"info","message":"[InputNode][execute] inputs: {}"}
{"level":"info","message":"Executing pipeline: summ(a, b) Pipeline"}
{"level":"info","message":"executionLog: {\"pipelineId\":\"math-pipeline-001\",\"timestamp\":\"2025-02-05T20:36:44.510Z\",\"status\":\"running\"}"}
{"level":"info","message":"template: {\"id\":\"simple-math-template-001\",\"name\":\"Simple Addition Template\",\"description\":\"Template for adding two numbers\",\"version\":\"1.0.0\",\"nodes\":[{\"id\":\"input-1\",\"type\":\"input\",\"config\":{\"name\":\"firstNumber\",\"dataType\":\"number\",\"required\":true},\"position\":{\"x\":100,\"y\":100}},{\"id\":\"input-2\",\"type\":\"input\",\"config\":{\"name\":\"secondNumber\",\"dataType\":\"number\",\"required\":true},\"position\":{\"x\":100,\"y\":200}},{\"id\":\"transform-plus\",\"type\":\"transform\",\"config\":{\"operation\":\"math\",\"method\":\"add\"},\"position\":{\"x\":300,\"y\":150}},{\"id\":\"return-result\",\"type\":\"return\",\"config\":{\"name\":\"sum\",\"dataType\":\"number\"},\"position\":{\"x\":500,\"y\":150}}],\"connections\":[{\"id\":\"conn-1\",\"sourceNodeId\":\"input-1\",\"targetNodeId\":\"transform-plus\",\"sourcePort\":\"output\",\"targetPort\":\"input1\"},{\"id\":\"conn-2\",\"sourceNodeId\":\"input-2\",\"targetNodeId\":\"transform-plus\",\"sourcePort\":\"output\",\"targetPort\":\"input2\"},{\"id\":\"conn-3\",\"sourceNodeId\":\"transform-plus\",\"targetNodeId\":\"return-result\",\"sourcePort\":\"output\",\"targetPort\":\"input\"}],\"validation\":{\"isValid\":true,\"errors\":[]}}"}
{"level":"info","message":"nodes: [{\"id\":\"input-1\",\"type\":\"input\",\"config\":{\"name\":\"firstNumber\",\"dataType\":\"number\",\"required\":true},\"position\":{\"x\":100,\"y\":100}},{\"id\":\"input-2\",\"type\":\"input\",\"config\":{\"name\":\"secondNumber\",\"dataType\":\"number\",\"required\":true},\"position\":{\"x\":100,\"y\":200}},{\"id\":\"transform-plus\",\"type\":\"transform\",\"config\":{\"operation\":\"math\",\"method\":\"add\"},\"position\":{\"x\":300,\"y\":150}},{\"id\":\"return-result\",\"type\":\"return\",\"config\":{\"name\":\"sum\",\"dataType\":\"number\"},\"position\":{\"x\":500,\"y\":150}}]"}
{"level":"info","message":"node: {\"id\":\"input-1\",\"type\":\"input\",\"config\":{\"name\":\"firstNumber\",\"dataType\":\"number\",\"required\":true},\"position\":{\"x\":100,\"y\":100}}"}
{"level":"info","message":"[collectNodeInputs][0]: input-1, [{\"id\":\"conn-1\",\"sourceNodeId\":\"input-1\",\"targetNodeId\":\"transform-plus\",\"sourcePort\":\"output\",\"targetPort\":\"input1\"},{\"id\":\"conn-2\",\"sourceNodeId\":\"input-2\",\"targetNodeId\":\"transform-plus\",\"sourcePort\":\"output\",\"targetPort\":\"input2\"},{\"id\":\"conn-3\",\"sourceNodeId\":\"transform-plus\",\"targetNodeId\":\"return-result\",\"sourcePort\":\"output\",\"targetPort\":\"input\"}]"}
{"level":"info","message":"[collectNodeInputs][2]: {}"}
{"level":"info","message":"nodeInputs: {}"}
{"level":"info","message":"node: {\"id\":\"input-2\",\"type\":\"input\",\"config\":{\"name\":\"secondNumber\",\"dataType\":\"number\",\"required\":true},\"position\":{\"x\":100,\"y\":200}}"}
{"level":"info","message":"[collectNodeInputs][0]: input-2, [{\"id\":\"conn-1\",\"sourceNodeId\":\"input-1\",\"targetNodeId\":\"transform-plus\",\"sourcePort\":\"output\",\"targetPort\":\"input1\"},{\"id\":\"conn-2\",\"sourceNodeId\":\"input-2\",\"targetNodeId\":\"transform-plus\",\"sourcePort\":\"output\",\"targetPort\":\"input2\"},{\"id\":\"conn-3\",\"sourceNodeId\":\"transform-plus\",\"targetNodeId\":\"return-result\",\"sourcePort\":\"output\",\"targetPort\":\"input\"}]"}
{"level":"info","message":"[collectNodeInputs][2]: {}"}
{"level":"info","message":"nodeInputs: {}"}
{"level":"info","message":"node: {\"id\":\"transform-plus\",\"type\":\"transform\",\"config\":{\"operation\":\"math\",\"method\":\"add\"},\"position\":{\"x\":300,\"y\":150}}"}
{"level":"info","message":"[collectNodeInputs][0]: transform-plus, [{\"id\":\"conn-1\",\"sourceNodeId\":\"input-1\",\"targetNodeId\":\"transform-plus\",\"sourcePort\":\"output\",\"targetPort\":\"input1\"},{\"id\":\"conn-2\",\"sourceNodeId\":\"input-2\",\"targetNodeId\":\"transform-plus\",\"sourcePort\":\"output\",\"targetPort\":\"input2\"},{\"id\":\"conn-3\",\"sourceNodeId\":\"transform-plus\",\"targetNodeId\":\"return-result\",\"sourcePort\":\"output\",\"targetPort\":\"input\"}]"}
{"level":"info","message":"[collectNodeInputs][1] conn.targetPort: input1"}
{"level":"info","message":"[collectNodeInputs][1] conn.targetPort: input2"}
{"level":"info","message":"[collectNodeInputs][2]: {\"input1\":\"input-1\",\"input2\":\"input-2\"}"}
{"level":"info","message":"nodeInputs: {\"input1\":\"input-1\",\"input2\":\"input-2\"}"}
{"level":"info","message":"node: {\"id\":\"return-result\",\"type\":\"return\",\"config\":{\"name\":\"sum\",\"dataType\":\"number\"},\"position\":{\"x\":500,\"y\":150}}"}
{"level":"info","message":"[collectNodeInputs][0]: return-result, [{\"id\":\"conn-1\",\"sourceNodeId\":\"input-1\",\"targetNodeId\":\"transform-plus\",\"sourcePort\":\"output\",\"targetPort\":\"input1\"},{\"id\":\"conn-2\",\"sourceNodeId\":\"input-2\",\"targetNodeId\":\"transform-plus\",\"sourcePort\":\"output\",\"targetPort\":\"input2\"},{\"id\":\"conn-3\",\"sourceNodeId\":\"transform-plus\",\"targetNodeId\":\"return-result\",\"sourcePort\":\"output\",\"targetPort\":\"input\"}]"}
{"level":"info","message":"[collectNodeInputs][1] conn.targetPort: input"}
{"level":"info","message":"[collectNodeInputs][2]: {\"input\":\"transform-plus\"}"}
{"level":"info","message":"nodeInputs: {\"input\":\"transform-plus\"}"}
{"level":"error","message":"Error executing node input-1: Required input \"firstNumber\" not provided"}
{"level":"error","message":"Error executing node input-2: Required input \"secondNumber\" not provided"}
{"level":"info","message":"Node transform-plus executed successfully."}
{"level":"info","message":"[InputNode][execute] inputName: firstNumber"}
{"level":"info","message":"[InputNode][execute] inputName: secondNumber"}
{"level":"info","message":"pipeline: {\"id\":\"math-pipeline-001\",\"projectId\":\"math-test-project-001\",\"name\":\"summ(a, b) Pipeline\",\"description\":\"Pipeline for adding two numbers\",\"templateId\":\"simple-math-template-001\",\"mode\":\"accumulator\",\"status\":\"active\",\"created\":\"2024-03-20T10:00:00Z\",\"updated\":\"2024-03-20T10:00:00Z\",\"settings\":{\"timeout\":60,\"retryPolicy\":{\"attempts\":3,\"delay\":5}},\"trigger\":{\"type\":\"manual\",\"config\":{\"inputValidation\":true}},\"executions\":[]}"}
{"level":"info","message":"[InputNode][execute] inputs: {}"}
{"level":"info","message":"[InputNode][execute] inputs: {}"}
{"level":"info","message":"Executing pipeline: summ(a, b) Pipeline"}
{"level":"info","message":"executionLog: {\"pipelineId\":\"math-pipeline-001\",\"timestamp\":\"2025-02-05T20:36:52.613Z\",\"status\":\"running\"}"}
{"level":"info","message":"template: {\"id\":\"simple-math-template-001\",\"name\":\"Simple Addition Template\",\"description\":\"Template for adding two numbers\",\"version\":\"1.0.0\",\"nodes\":[{\"id\":\"input-1\",\"type\":\"input\",\"config\":{\"name\":\"firstNumber\",\"dataType\":\"number\",\"required\":true},\"position\":{\"x\":100,\"y\":100}},{\"id\":\"input-2\",\"type\":\"input\",\"config\":{\"name\":\"secondNumber\",\"dataType\":\"number\",\"required\":true},\"position\":{\"x\":100,\"y\":200}},{\"id\":\"transform-plus\",\"type\":\"transform\",\"config\":{\"operation\":\"math\",\"method\":\"add\"},\"position\":{\"x\":300,\"y\":150}},{\"id\":\"return-result\",\"type\":\"return\",\"config\":{\"name\":\"sum\",\"dataType\":\"number\"},\"position\":{\"x\":500,\"y\":150}}],\"connections\":[{\"id\":\"conn-1\",\"sourceNodeId\":\"input-1\",\"targetNodeId\":\"transform-plus\",\"sourcePort\":\"output\",\"targetPort\":\"input1\"},{\"id\":\"conn-2\",\"sourceNodeId\":\"input-2\",\"targetNodeId\":\"transform-plus\",\"sourcePort\":\"output\",\"targetPort\":\"input2\"},{\"id\":\"conn-3\",\"sourceNodeId\":\"transform-plus\",\"targetNodeId\":\"return-result\",\"sourcePort\":\"output\",\"targetPort\":\"input\"}],\"validation\":{\"isValid\":true,\"errors\":[]}}"}
{"level":"info","message":"nodes: [{\"id\":\"input-1\",\"type\":\"input\",\"config\":{\"name\":\"firstNumber\",\"dataType\":\"number\",\"required\":true},\"position\":{\"x\":100,\"y\":100}},{\"id\":\"input-2\",\"type\":\"input\",\"config\":{\"name\":\"secondNumber\",\"dataType\":\"number\",\"required\":true},\"position\":{\"x\":100,\"y\":200}},{\"id\":\"transform-plus\",\"type\":\"transform\",\"config\":{\"operation\":\"math\",\"method\":\"add\"},\"position\":{\"x\":300,\"y\":150}},{\"id\":\"return-result\",\"type\":\"return\",\"config\":{\"name\":\"sum\",\"dataType\":\"number\"},\"position\":{\"x\":500,\"y\":150}}]"}
{"level":"info","message":"node: {\"id\":\"input-1\",\"type\":\"input\",\"config\":{\"name\":\"firstNumber\",\"dataType\":\"number\",\"required\":true},\"position\":{\"x\":100,\"y\":100}}"}
{"level":"info","message":"[collectNodeInputs][0]: input-1, [{\"id\":\"conn-1\",\"sourceNodeId\":\"input-1\",\"targetNodeId\":\"transform-plus\",\"sourcePort\":\"output\",\"targetPort\":\"input1\"},{\"id\":\"conn-2\",\"sourceNodeId\":\"input-2\",\"targetNodeId\":\"transform-plus\",\"sourcePort\":\"output\",\"targetPort\":\"input2\"},{\"id\":\"conn-3\",\"sourceNodeId\":\"transform-plus\",\"targetNodeId\":\"return-result\",\"sourcePort\":\"output\",\"targetPort\":\"input\"}]"}
{"level":"info","message":"[collectNodeInputs][2]: {}"}
{"level":"info","message":"nodeInputs: {}"}
{"level":"info","message":"node: {\"id\":\"input-2\",\"type\":\"input\",\"config\":{\"name\":\"secondNumber\",\"dataType\":\"number\",\"required\":true},\"position\":{\"x\":100,\"y\":200}}"}
{"level":"info","message":"[collectNodeInputs][0]: input-2, [{\"id\":\"conn-1\",\"sourceNodeId\":\"input-1\",\"targetNodeId\":\"transform-plus\",\"sourcePort\":\"output\",\"targetPort\":\"input1\"},{\"id\":\"conn-2\",\"sourceNodeId\":\"input-2\",\"targetNodeId\":\"transform-plus\",\"sourcePort\":\"output\",\"targetPort\":\"input2\"},{\"id\":\"conn-3\",\"sourceNodeId\":\"transform-plus\",\"targetNodeId\":\"return-result\",\"sourcePort\":\"output\",\"targetPort\":\"input\"}]"}
{"level":"info","message":"[collectNodeInputs][2]: {}"}
{"level":"info","message":"nodeInputs: {}"}
{"level":"info","message":"node: {\"id\":\"transform-plus\",\"type\":\"transform\",\"config\":{\"operation\":\"math\",\"method\":\"add\"},\"position\":{\"x\":300,\"y\":150}}"}
{"level":"info","message":"[collectNodeInputs][0]: transform-plus, [{\"id\":\"conn-1\",\"sourceNodeId\":\"input-1\",\"targetNodeId\":\"transform-plus\",\"sourcePort\":\"output\",\"targetPort\":\"input1\"},{\"id\":\"conn-2\",\"sourceNodeId\":\"input-2\",\"targetNodeId\":\"transform-plus\",\"sourcePort\":\"output\",\"targetPort\":\"input2\"},{\"id\":\"conn-3\",\"sourceNodeId\":\"transform-plus\",\"targetNodeId\":\"return-result\",\"sourcePort\":\"output\",\"targetPort\":\"input\"}]"}
{"level":"info","message":"[collectNodeInputs][1] conn.targetPort: input1"}
{"level":"info","message":"[collectNodeInputs][1] conn.targetPort: input2"}
{"level":"info","message":"[collectNodeInputs][2]: {\"input1\":\"input-1\",\"input2\":\"input-2\"}"}
{"level":"info","message":"nodeInputs: {\"input1\":\"input-1\",\"input2\":\"input-2\"}"}
{"level":"info","message":"node: {\"id\":\"return-result\",\"type\":\"return\",\"config\":{\"name\":\"sum\",\"dataType\":\"number\"},\"position\":{\"x\":500,\"y\":150}}"}
{"level":"info","message":"[collectNodeInputs][0]: return-result, [{\"id\":\"conn-1\",\"sourceNodeId\":\"input-1\",\"targetNodeId\":\"transform-plus\",\"sourcePort\":\"output\",\"targetPort\":\"input1\"},{\"id\":\"conn-2\",\"sourceNodeId\":\"input-2\",\"targetNodeId\":\"transform-plus\",\"sourcePort\":\"output\",\"targetPort\":\"input2\"},{\"id\":\"conn-3\",\"sourceNodeId\":\"transform-plus\",\"targetNodeId\":\"return-result\",\"sourcePort\":\"output\",\"targetPort\":\"input\"}]"}
{"level":"info","message":"[collectNodeInputs][1] conn.targetPort: input"}
{"level":"info","message":"[collectNodeInputs][2]: {\"input\":\"transform-plus\"}"}
{"level":"info","message":"nodeInputs: {\"input\":\"transform-plus\"}"}
{"level":"error","message":"Error executing node input-1: Required input \"firstNumber\" not provided"}
{"level":"error","message":"Error executing node input-2: Required input \"secondNumber\" not provided"}
{"level":"info","message":"Node transform-plus executed successfully."}
{"level":"info","message":"[InputNode][execute] inputName: firstNumber"}
{"level":"info","message":"[InputNode][execute] inputName: secondNumber"}
{"level":"info","message":"pipeline: {\"id\":\"math-pipeline-001\",\"projectId\":\"math-test-project-001\",\"name\":\"summ(a, b) Pipeline\",\"description\":\"Pipeline for adding two numbers\",\"templateId\":\"simple-math-template-001\",\"mode\":\"accumulator\",\"status\":\"active\",\"created\":\"2024-03-20T10:00:00Z\",\"updated\":\"2024-03-20T10:00:00Z\",\"settings\":{\"timeout\":60,\"retryPolicy\":{\"attempts\":3,\"delay\":5}},\"trigger\":{\"type\":\"manual\",\"config\":{\"inputValidation\":true}},\"executions\":[]}"}
{"level":"info","message":"[InputNode][execute] inputs: {}"}
{"level":"info","message":"[InputNode][execute] inputs: {}"}
{"level":"info","message":"Executing pipeline: summ(a, b) Pipeline"}
{"level":"info","message":"executionLog: {\"pipelineId\":\"math-pipeline-001\",\"timestamp\":\"2025-02-05T20:38:20.215Z\",\"status\":\"running\"}"}
{"level":"info","message":"template: {\"id\":\"simple-math-template-001\",\"name\":\"Simple Addition Template\",\"description\":\"Template for adding two numbers\",\"version\":\"1.0.0\",\"nodes\":[{\"id\":\"input-1\",\"type\":\"input\",\"config\":{\"name\":\"firstNumber\",\"dataType\":\"number\",\"required\":true},\"position\":{\"x\":100,\"y\":100}},{\"id\":\"input-2\",\"type\":\"input\",\"config\":{\"name\":\"secondNumber\",\"dataType\":\"number\",\"required\":true},\"position\":{\"x\":100,\"y\":200}},{\"id\":\"transform-plus\",\"type\":\"transform\",\"config\":{\"operation\":\"math\",\"method\":\"add\"},\"position\":{\"x\":300,\"y\":150}},{\"id\":\"return-result\",\"type\":\"return\",\"config\":{\"name\":\"sum\",\"dataType\":\"number\"},\"position\":{\"x\":500,\"y\":150}}],\"connections\":[{\"id\":\"conn-1\",\"sourceNodeId\":\"input-1\",\"targetNodeId\":\"transform-plus\",\"sourcePort\":\"output\",\"targetPort\":\"input1\"},{\"id\":\"conn-2\",\"sourceNodeId\":\"input-2\",\"targetNodeId\":\"transform-plus\",\"sourcePort\":\"output\",\"targetPort\":\"input2\"},{\"id\":\"conn-3\",\"sourceNodeId\":\"transform-plus\",\"targetNodeId\":\"return-result\",\"sourcePort\":\"output\",\"targetPort\":\"input\"}],\"validation\":{\"isValid\":true,\"errors\":[]}}"}
{"level":"info","message":"nodes: [{\"id\":\"input-1\",\"type\":\"input\",\"config\":{\"name\":\"firstNumber\",\"dataType\":\"number\",\"required\":true},\"position\":{\"x\":100,\"y\":100}},{\"id\":\"input-2\",\"type\":\"input\",\"config\":{\"name\":\"secondNumber\",\"dataType\":\"number\",\"required\":true},\"position\":{\"x\":100,\"y\":200}},{\"id\":\"transform-plus\",\"type\":\"transform\",\"config\":{\"operation\":\"math\",\"method\":\"add\"},\"position\":{\"x\":300,\"y\":150}},{\"id\":\"return-result\",\"type\":\"return\",\"config\":{\"name\":\"sum\",\"dataType\":\"number\"},\"position\":{\"x\":500,\"y\":150}}]"}
{"level":"info","message":"node: {\"id\":\"input-1\",\"type\":\"input\",\"config\":{\"name\":\"firstNumber\",\"dataType\":\"number\",\"required\":true},\"position\":{\"x\":100,\"y\":100}}"}
{"level":"info","message":"[collectNodeInputs][0]: input-1, [{\"id\":\"conn-1\",\"sourceNodeId\":\"input-1\",\"targetNodeId\":\"transform-plus\",\"sourcePort\":\"output\",\"targetPort\":\"input1\"},{\"id\":\"conn-2\",\"sourceNodeId\":\"input-2\",\"targetNodeId\":\"transform-plus\",\"sourcePort\":\"output\",\"targetPort\":\"input2\"},{\"id\":\"conn-3\",\"sourceNodeId\":\"transform-plus\",\"targetNodeId\":\"return-result\",\"sourcePort\":\"output\",\"targetPort\":\"input\"}]"}
{"level":"info","message":"[collectNodeInputs][2]: {}"}
{"level":"info","message":"nodeInputs: {}"}
{"level":"info","message":"node: {\"id\":\"input-2\",\"type\":\"input\",\"config\":{\"name\":\"secondNumber\",\"dataType\":\"number\",\"required\":true},\"position\":{\"x\":100,\"y\":200}}"}
{"level":"info","message":"[collectNodeInputs][0]: input-2, [{\"id\":\"conn-1\",\"sourceNodeId\":\"input-1\",\"targetNodeId\":\"transform-plus\",\"sourcePort\":\"output\",\"targetPort\":\"input1\"},{\"id\":\"conn-2\",\"sourceNodeId\":\"input-2\",\"targetNodeId\":\"transform-plus\",\"sourcePort\":\"output\",\"targetPort\":\"input2\"},{\"id\":\"conn-3\",\"sourceNodeId\":\"transform-plus\",\"targetNodeId\":\"return-result\",\"sourcePort\":\"output\",\"targetPort\":\"input\"}]"}
{"level":"info","message":"[collectNodeInputs][2]: {}"}
{"level":"info","message":"nodeInputs: {}"}
{"level":"info","message":"node: {\"id\":\"transform-plus\",\"type\":\"transform\",\"config\":{\"operation\":\"math\",\"method\":\"add\"},\"position\":{\"x\":300,\"y\":150}}"}
{"level":"info","message":"[collectNodeInputs][0]: transform-plus, [{\"id\":\"conn-1\",\"sourceNodeId\":\"input-1\",\"targetNodeId\":\"transform-plus\",\"sourcePort\":\"output\",\"targetPort\":\"input1\"},{\"id\":\"conn-2\",\"sourceNodeId\":\"input-2\",\"targetNodeId\":\"transform-plus\",\"sourcePort\":\"output\",\"targetPort\":\"input2\"},{\"id\":\"conn-3\",\"sourceNodeId\":\"transform-plus\",\"targetNodeId\":\"return-result\",\"sourcePort\":\"output\",\"targetPort\":\"input\"}]"}
{"level":"info","message":"[collectNodeInputs][1] conn.targetPort: input1"}
{"level":"info","message":"[collectNodeInputs][1] conn.targetPort: input2"}
{"level":"info","message":"[collectNodeInputs][2]: {\"input1\":\"transform-plus\",\"input2\":\"transform-plus\"}"}
{"level":"info","message":"nodeInputs: {\"input1\":\"transform-plus\",\"input2\":\"transform-plus\"}"}
{"level":"info","message":"node: {\"id\":\"return-result\",\"type\":\"return\",\"config\":{\"name\":\"sum\",\"dataType\":\"number\"},\"position\":{\"x\":500,\"y\":150}}"}
{"level":"info","message":"[collectNodeInputs][0]: return-result, [{\"id\":\"conn-1\",\"sourceNodeId\":\"input-1\",\"targetNodeId\":\"transform-plus\",\"sourcePort\":\"output\",\"targetPort\":\"input1\"},{\"id\":\"conn-2\",\"sourceNodeId\":\"input-2\",\"targetNodeId\":\"transform-plus\",\"sourcePort\":\"output\",\"targetPort\":\"input2\"},{\"id\":\"conn-3\",\"sourceNodeId\":\"transform-plus\",\"targetNodeId\":\"return-result\",\"sourcePort\":\"output\",\"targetPort\":\"input\"}]"}
{"level":"info","message":"[collectNodeInputs][1] conn.targetPort: input"}
{"level":"info","message":"[collectNodeInputs][2]: {\"input\":\"return-result\"}"}
{"level":"info","message":"nodeInputs: {\"input\":\"return-result\"}"}
{"level":"error","message":"Error executing node input-1: Required input \"firstNumber\" not provided"}
{"level":"error","message":"Error executing node input-2: Required input \"secondNumber\" not provided"}
{"level":"info","message":"Node transform-plus executed successfully."}
{"level":"info","message":"[InputNode][execute] inputName: firstNumber"}
{"level":"info","message":"[InputNode][execute] inputName: secondNumber"}
{"level":"info","message":"pipeline: {\"id\":\"math-pipeline-001\",\"projectId\":\"math-test-project-001\",\"name\":\"summ(a, b) Pipeline\",\"description\":\"Pipeline for adding two numbers\",\"templateId\":\"simple-math-template-001\",\"mode\":\"accumulator\",\"status\":\"active\",\"created\":\"2024-03-20T10:00:00Z\",\"updated\":\"2024-03-20T10:00:00Z\",\"settings\":{\"timeout\":60,\"retryPolicy\":{\"attempts\":3,\"delay\":5}},\"trigger\":{\"type\":\"manual\",\"config\":{\"inputValidation\":true}},\"executions\":[]}"}
{"level":"info","message":"[InputNode][execute] inputs: {}"}
{"level":"info","message":"[InputNode][execute] inputs: {}"}
{"level":"info","message":"Executing pipeline: summ(a, b) Pipeline"}
{"level":"info","message":"executionLog: {\"pipelineId\":\"math-pipeline-001\",\"timestamp\":\"2025-02-05T20:38:23.370Z\",\"status\":\"running\"}"}
{"level":"info","message":"template: {\"id\":\"simple-math-template-001\",\"name\":\"Simple Addition Template\",\"description\":\"Template for adding two numbers\",\"version\":\"1.0.0\",\"nodes\":[{\"id\":\"input-1\",\"type\":\"input\",\"config\":{\"name\":\"firstNumber\",\"dataType\":\"number\",\"required\":true},\"position\":{\"x\":100,\"y\":100}},{\"id\":\"input-2\",\"type\":\"input\",\"config\":{\"name\":\"secondNumber\",\"dataType\":\"number\",\"required\":true},\"position\":{\"x\":100,\"y\":200}},{\"id\":\"transform-plus\",\"type\":\"transform\",\"config\":{\"operation\":\"math\",\"method\":\"add\"},\"position\":{\"x\":300,\"y\":150}},{\"id\":\"return-result\",\"type\":\"return\",\"config\":{\"name\":\"sum\",\"dataType\":\"number\"},\"position\":{\"x\":500,\"y\":150}}],\"connections\":[{\"id\":\"conn-1\",\"sourceNodeId\":\"input-1\",\"targetNodeId\":\"transform-plus\",\"sourcePort\":\"output\",\"targetPort\":\"input1\"},{\"id\":\"conn-2\",\"sourceNodeId\":\"input-2\",\"targetNodeId\":\"transform-plus\",\"sourcePort\":\"output\",\"targetPort\":\"input2\"},{\"id\":\"conn-3\",\"sourceNodeId\":\"transform-plus\",\"targetNodeId\":\"return-result\",\"sourcePort\":\"output\",\"targetPort\":\"input\"}],\"validation\":{\"isValid\":true,\"errors\":[]}}"}
{"level":"info","message":"nodes: [{\"id\":\"input-1\",\"type\":\"input\",\"config\":{\"name\":\"firstNumber\",\"dataType\":\"number\",\"required\":true},\"position\":{\"x\":100,\"y\":100}},{\"id\":\"input-2\",\"type\":\"input\",\"config\":{\"name\":\"secondNumber\",\"dataType\":\"number\",\"required\":true},\"position\":{\"x\":100,\"y\":200}},{\"id\":\"transform-plus\",\"type\":\"transform\",\"config\":{\"operation\":\"math\",\"method\":\"add\"},\"position\":{\"x\":300,\"y\":150}},{\"id\":\"return-result\",\"type\":\"return\",\"config\":{\"name\":\"sum\",\"dataType\":\"number\"},\"position\":{\"x\":500,\"y\":150}}]"}
{"level":"info","message":"node: {\"id\":\"input-1\",\"type\":\"input\",\"config\":{\"name\":\"firstNumber\",\"dataType\":\"number\",\"required\":true},\"position\":{\"x\":100,\"y\":100}}"}
{"level":"info","message":"[collectNodeInputs][0]: input-1, [{\"id\":\"conn-1\",\"sourceNodeId\":\"input-1\",\"targetNodeId\":\"transform-plus\",\"sourcePort\":\"output\",\"targetPort\":\"input1\"},{\"id\":\"conn-2\",\"sourceNodeId\":\"input-2\",\"targetNodeId\":\"transform-plus\",\"sourcePort\":\"output\",\"targetPort\":\"input2\"},{\"id\":\"conn-3\",\"sourceNodeId\":\"transform-plus\",\"targetNodeId\":\"return-result\",\"sourcePort\":\"output\",\"targetPort\":\"input\"}]"}
{"level":"info","message":"[collectNodeInputs][2]: {}"}
{"level":"info","message":"nodeInputs: {}"}
{"level":"info","message":"node: {\"id\":\"input-2\",\"type\":\"input\",\"config\":{\"name\":\"secondNumber\",\"dataType\":\"number\",\"required\":true},\"position\":{\"x\":100,\"y\":200}}"}
{"level":"info","message":"[collectNodeInputs][0]: input-2, [{\"id\":\"conn-1\",\"sourceNodeId\":\"input-1\",\"targetNodeId\":\"transform-plus\",\"sourcePort\":\"output\",\"targetPort\":\"input1\"},{\"id\":\"conn-2\",\"sourceNodeId\":\"input-2\",\"targetNodeId\":\"transform-plus\",\"sourcePort\":\"output\",\"targetPort\":\"input2\"},{\"id\":\"conn-3\",\"sourceNodeId\":\"transform-plus\",\"targetNodeId\":\"return-result\",\"sourcePort\":\"output\",\"targetPort\":\"input\"}]"}
{"level":"info","message":"[collectNodeInputs][2]: {}"}
{"level":"info","message":"nodeInputs: {}"}
{"level":"info","message":"node: {\"id\":\"transform-plus\",\"type\":\"transform\",\"config\":{\"operation\":\"math\",\"method\":\"add\"},\"position\":{\"x\":300,\"y\":150}}"}
{"level":"info","message":"[collectNodeInputs][0]: transform-plus, [{\"id\":\"conn-1\",\"sourceNodeId\":\"input-1\",\"targetNodeId\":\"transform-plus\",\"sourcePort\":\"output\",\"targetPort\":\"input1\"},{\"id\":\"conn-2\",\"sourceNodeId\":\"input-2\",\"targetNodeId\":\"transform-plus\",\"sourcePort\":\"output\",\"targetPort\":\"input2\"},{\"id\":\"conn-3\",\"sourceNodeId\":\"transform-plus\",\"targetNodeId\":\"return-result\",\"sourcePort\":\"output\",\"targetPort\":\"input\"}]"}
{"level":"info","message":"[collectNodeInputs][1] conn.targetPort: input1"}
{"level":"info","message":"[collectNodeInputs][1] conn.targetPort: input2"}
{"level":"info","message":"[collectNodeInputs][2]: {\"input1\":\"transform-plus\",\"input2\":\"transform-plus\"}"}
{"level":"info","message":"nodeInputs: {\"input1\":\"transform-plus\",\"input2\":\"transform-plus\"}"}
{"level":"info","message":"node: {\"id\":\"return-result\",\"type\":\"return\",\"config\":{\"name\":\"sum\",\"dataType\":\"number\"},\"position\":{\"x\":500,\"y\":150}}"}
{"level":"info","message":"[collectNodeInputs][0]: return-result, [{\"id\":\"conn-1\",\"sourceNodeId\":\"input-1\",\"targetNodeId\":\"transform-plus\",\"sourcePort\":\"output\",\"targetPort\":\"input1\"},{\"id\":\"conn-2\",\"sourceNodeId\":\"input-2\",\"targetNodeId\":\"transform-plus\",\"sourcePort\":\"output\",\"targetPort\":\"input2\"},{\"id\":\"conn-3\",\"sourceNodeId\":\"transform-plus\",\"targetNodeId\":\"return-result\",\"sourcePort\":\"output\",\"targetPort\":\"input\"}]"}
{"level":"info","message":"[collectNodeInputs][1] conn.targetPort: input"}
{"level":"info","message":"[collectNodeInputs][2]: {\"input\":\"return-result\"}"}
{"level":"info","message":"nodeInputs: {\"input\":\"return-result\"}"}
{"level":"error","message":"Error executing node input-1: Required input \"firstNumber\" not provided"}
{"level":"error","message":"Error executing node input-2: Required input \"secondNumber\" not provided"}
{"level":"info","message":"Node transform-plus executed successfully."}
{"level":"info","message":"[InputNode][execute] inputName: firstNumber"}
{"level":"info","message":"[InputNode][execute] inputName: secondNumber"}
{"level":"info","message":"pipeline: {\"id\":\"math-pipeline-001\",\"projectId\":\"math-test-project-001\",\"name\":\"summ(a, b) Pipeline\",\"description\":\"Pipeline for adding two numbers\",\"templateId\":\"simple-math-template-001\",\"mode\":\"accumulator\",\"status\":\"active\",\"created\":\"2024-03-20T10:00:00Z\",\"updated\":\"2024-03-20T10:00:00Z\",\"settings\":{\"timeout\":60,\"retryPolicy\":{\"attempts\":3,\"delay\":5}},\"trigger\":{\"type\":\"manual\",\"config\":{\"inputValidation\":true}},\"executions\":[]}"}
{"level":"info","message":"[InputNode][constructor] info: input-1, input"}
{"level":"info","message":"[InputNode][constructor] info: input-2, input"}
{"level":"info","message":"Executing pipeline: summ(a, b) Pipeline"}
{"level":"info","message":"executionLog: {\"pipelineId\":\"math-pipeline-001\",\"timestamp\":\"2025-02-05T20:40:29.819Z\",\"status\":\"running\"}"}
{"level":"info","message":"template: {\"id\":\"simple-math-template-001\",\"name\":\"Simple Addition Template\",\"description\":\"Template for adding two numbers\",\"version\":\"1.0.0\",\"nodes\":[{\"id\":\"input-1\",\"type\":\"input\",\"config\":{\"name\":\"firstNumber\",\"dataType\":\"number\",\"required\":true},\"position\":{\"x\":100,\"y\":100}},{\"id\":\"input-2\",\"type\":\"input\",\"config\":{\"name\":\"secondNumber\",\"dataType\":\"number\",\"required\":true},\"position\":{\"x\":100,\"y\":200}},{\"id\":\"transform-plus\",\"type\":\"transform\",\"config\":{\"operation\":\"math\",\"method\":\"add\"},\"position\":{\"x\":300,\"y\":150}},{\"id\":\"return-result\",\"type\":\"return\",\"config\":{\"name\":\"sum\",\"dataType\":\"number\"},\"position\":{\"x\":500,\"y\":150}}],\"connections\":[{\"id\":\"conn-1\",\"sourceNodeId\":\"input-1\",\"targetNodeId\":\"transform-plus\",\"sourcePort\":\"output\",\"targetPort\":\"input1\"},{\"id\":\"conn-2\",\"sourceNodeId\":\"input-2\",\"targetNodeId\":\"transform-plus\",\"sourcePort\":\"output\",\"targetPort\":\"input2\"},{\"id\":\"conn-3\",\"sourceNodeId\":\"transform-plus\",\"targetNodeId\":\"return-result\",\"sourcePort\":\"output\",\"targetPort\":\"input\"}],\"validation\":{\"isValid\":true,\"errors\":[]}}"}
{"level":"info","message":"nodes: [{\"id\":\"input-1\",\"type\":\"input\",\"config\":{\"name\":\"firstNumber\",\"dataType\":\"number\",\"required\":true},\"position\":{\"x\":100,\"y\":100}},{\"id\":\"input-2\",\"type\":\"input\",\"config\":{\"name\":\"secondNumber\",\"dataType\":\"number\",\"required\":true},\"position\":{\"x\":100,\"y\":200}},{\"id\":\"transform-plus\",\"type\":\"transform\",\"config\":{\"operation\":\"math\",\"method\":\"add\"},\"position\":{\"x\":300,\"y\":150}},{\"id\":\"return-result\",\"type\":\"return\",\"config\":{\"name\":\"sum\",\"dataType\":\"number\"},\"position\":{\"x\":500,\"y\":150}}]"}
{"level":"info","message":"node: {\"id\":\"input-1\",\"type\":\"input\",\"config\":{\"name\":\"firstNumber\",\"dataType\":\"number\",\"required\":true},\"position\":{\"x\":100,\"y\":100}}"}
{"level":"info","message":"[collectNodeInputs][0]: input-1, [{\"id\":\"conn-1\",\"sourceNodeId\":\"input-1\",\"targetNodeId\":\"transform-plus\",\"sourcePort\":\"output\",\"targetPort\":\"input1\"},{\"id\":\"conn-2\",\"sourceNodeId\":\"input-2\",\"targetNodeId\":\"transform-plus\",\"sourcePort\":\"output\",\"targetPort\":\"input2\"},{\"id\":\"conn-3\",\"sourceNodeId\":\"transform-plus\",\"targetNodeId\":\"return-result\",\"sourcePort\":\"output\",\"targetPort\":\"input\"}]"}
{"level":"info","message":"[collectNodeInputs][2]: {}"}
{"level":"info","message":"nodeInputs: {}"}
{"level":"info","message":"node: {\"id\":\"input-2\",\"type\":\"input\",\"config\":{\"name\":\"secondNumber\",\"dataType\":\"number\",\"required\":true},\"position\":{\"x\":100,\"y\":200}}"}
{"level":"info","message":"[collectNodeInputs][0]: input-2, [{\"id\":\"conn-1\",\"sourceNodeId\":\"input-1\",\"targetNodeId\":\"transform-plus\",\"sourcePort\":\"output\",\"targetPort\":\"input1\"},{\"id\":\"conn-2\",\"sourceNodeId\":\"input-2\",\"targetNodeId\":\"transform-plus\",\"sourcePort\":\"output\",\"targetPort\":\"input2\"},{\"id\":\"conn-3\",\"sourceNodeId\":\"transform-plus\",\"targetNodeId\":\"return-result\",\"sourcePort\":\"output\",\"targetPort\":\"input\"}]"}
{"level":"info","message":"[collectNodeInputs][2]: {}"}
{"level":"info","message":"nodeInputs: {}"}
{"level":"info","message":"node: {\"id\":\"transform-plus\",\"type\":\"transform\",\"config\":{\"operation\":\"math\",\"method\":\"add\"},\"position\":{\"x\":300,\"y\":150}}"}
{"level":"info","message":"[collectNodeInputs][0]: transform-plus, [{\"id\":\"conn-1\",\"sourceNodeId\":\"input-1\",\"targetNodeId\":\"transform-plus\",\"sourcePort\":\"output\",\"targetPort\":\"input1\"},{\"id\":\"conn-2\",\"sourceNodeId\":\"input-2\",\"targetNodeId\":\"transform-plus\",\"sourcePort\":\"output\",\"targetPort\":\"input2\"},{\"id\":\"conn-3\",\"sourceNodeId\":\"transform-plus\",\"targetNodeId\":\"return-result\",\"sourcePort\":\"output\",\"targetPort\":\"input\"}]"}
{"level":"info","message":"[collectNodeInputs][1] conn.targetPort: input1"}
{"level":"info","message":"[collectNodeInputs][1] conn.targetPort: input2"}
{"level":"info","message":"[collectNodeInputs][2]: {\"input1\":\"transform-plus\",\"input2\":\"transform-plus\"}"}
{"level":"info","message":"nodeInputs: {\"input1\":\"transform-plus\",\"input2\":\"transform-plus\"}"}
{"level":"info","message":"node: {\"id\":\"return-result\",\"type\":\"return\",\"config\":{\"name\":\"sum\",\"dataType\":\"number\"},\"position\":{\"x\":500,\"y\":150}}"}
{"level":"info","message":"[collectNodeInputs][0]: return-result, [{\"id\":\"conn-1\",\"sourceNodeId\":\"input-1\",\"targetNodeId\":\"transform-plus\",\"sourcePort\":\"output\",\"targetPort\":\"input1\"},{\"id\":\"conn-2\",\"sourceNodeId\":\"input-2\",\"targetNodeId\":\"transform-plus\",\"sourcePort\":\"output\",\"targetPort\":\"input2\"},{\"id\":\"conn-3\",\"sourceNodeId\":\"transform-plus\",\"targetNodeId\":\"return-result\",\"sourcePort\":\"output\",\"targetPort\":\"input\"}]"}
{"level":"info","message":"[collectNodeInputs][1] conn.targetPort: input"}
{"level":"info","message":"[collectNodeInputs][2]: {\"input\":\"return-result\"}"}
{"level":"info","message":"nodeInputs: {\"input\":\"return-result\"}"}
{"level":"error","message":"Error executing node input-1: Required input \"firstNumber\" not provided"}
{"level":"error","message":"Error executing node input-2: Required input \"secondNumber\" not provided"}
{"level":"info","message":"Node transform-plus executed successfully."}
{"level":"info","message":"[InputNode][execute] inputs: {}"}
{"level":"info","message":"[InputNode][execute] inputName: firstNumber"}
{"level":"info","message":"[InputNode][execute] inputs: {}"}
{"level":"info","message":"[InputNode][execute] inputName: secondNumber"}
{"level":"info","message":"pipeline: {\"id\":\"math-pipeline-001\",\"projectId\":\"math-test-project-001\",\"name\":\"summ(a, b) Pipeline\",\"description\":\"Pipeline for adding two numbers\",\"templateId\":\"simple-math-template-001\",\"mode\":\"accumulator\",\"status\":\"active\",\"created\":\"2024-03-20T10:00:00Z\",\"updated\":\"2024-03-20T10:00:00Z\",\"settings\":{\"timeout\":60,\"retryPolicy\":{\"attempts\":3,\"delay\":5}},\"trigger\":{\"type\":\"manual\",\"config\":{\"inputValidation\":true}},\"executions\":[]}"}
{"level":"info","message":"[InputNode][constructor] info: input-1, input"}
{"level":"info","message":"[InputNode][constructor] info: input-2, input"}
{"level":"info","message":"Executing pipeline: summ(a, b) Pipeline"}
{"level":"info","message":"executionLog: {\"pipelineId\":\"math-pipeline-001\",\"timestamp\":\"2025-02-05T20:40:31.358Z\",\"status\":\"running\"}"}
{"level":"info","message":"template: {\"id\":\"simple-math-template-001\",\"name\":\"Simple Addition Template\",\"description\":\"Template for adding two numbers\",\"version\":\"1.0.0\",\"nodes\":[{\"id\":\"input-1\",\"type\":\"input\",\"config\":{\"name\":\"firstNumber\",\"dataType\":\"number\",\"required\":true},\"position\":{\"x\":100,\"y\":100}},{\"id\":\"input-2\",\"type\":\"input\",\"config\":{\"name\":\"secondNumber\",\"dataType\":\"number\",\"required\":true},\"position\":{\"x\":100,\"y\":200}},{\"id\":\"transform-plus\",\"type\":\"transform\",\"config\":{\"operation\":\"math\",\"method\":\"add\"},\"position\":{\"x\":300,\"y\":150}},{\"id\":\"return-result\",\"type\":\"return\",\"config\":{\"name\":\"sum\",\"dataType\":\"number\"},\"position\":{\"x\":500,\"y\":150}}],\"connections\":[{\"id\":\"conn-1\",\"sourceNodeId\":\"input-1\",\"targetNodeId\":\"transform-plus\",\"sourcePort\":\"output\",\"targetPort\":\"input1\"},{\"id\":\"conn-2\",\"sourceNodeId\":\"input-2\",\"targetNodeId\":\"transform-plus\",\"sourcePort\":\"output\",\"targetPort\":\"input2\"},{\"id\":\"conn-3\",\"sourceNodeId\":\"transform-plus\",\"targetNodeId\":\"return-result\",\"sourcePort\":\"output\",\"targetPort\":\"input\"}],\"validation\":{\"isValid\":true,\"errors\":[]}}"}
{"level":"info","message":"nodes: [{\"id\":\"input-1\",\"type\":\"input\",\"config\":{\"name\":\"firstNumber\",\"dataType\":\"number\",\"required\":true},\"position\":{\"x\":100,\"y\":100}},{\"id\":\"input-2\",\"type\":\"input\",\"config\":{\"name\":\"secondNumber\",\"dataType\":\"number\",\"required\":true},\"position\":{\"x\":100,\"y\":200}},{\"id\":\"transform-plus\",\"type\":\"transform\",\"config\":{\"operation\":\"math\",\"method\":\"add\"},\"position\":{\"x\":300,\"y\":150}},{\"id\":\"return-result\",\"type\":\"return\",\"config\":{\"name\":\"sum\",\"dataType\":\"number\"},\"position\":{\"x\":500,\"y\":150}}]"}
{"level":"info","message":"node: {\"id\":\"input-1\",\"type\":\"input\",\"config\":{\"name\":\"firstNumber\",\"dataType\":\"number\",\"required\":true},\"position\":{\"x\":100,\"y\":100}}"}
{"level":"info","message":"[collectNodeInputs][0]: input-1, [{\"id\":\"conn-1\",\"sourceNodeId\":\"input-1\",\"targetNodeId\":\"transform-plus\",\"sourcePort\":\"output\",\"targetPort\":\"input1\"},{\"id\":\"conn-2\",\"sourceNodeId\":\"input-2\",\"targetNodeId\":\"transform-plus\",\"sourcePort\":\"output\",\"targetPort\":\"input2\"},{\"id\":\"conn-3\",\"sourceNodeId\":\"transform-plus\",\"targetNodeId\":\"return-result\",\"sourcePort\":\"output\",\"targetPort\":\"input\"}]"}
{"level":"info","message":"[collectNodeInputs][2]: {}"}
{"level":"info","message":"nodeInputs: {}"}
{"level":"info","message":"node: {\"id\":\"input-2\",\"type\":\"input\",\"config\":{\"name\":\"secondNumber\",\"dataType\":\"number\",\"required\":true},\"position\":{\"x\":100,\"y\":200}}"}
{"level":"info","message":"[collectNodeInputs][0]: input-2, [{\"id\":\"conn-1\",\"sourceNodeId\":\"input-1\",\"targetNodeId\":\"transform-plus\",\"sourcePort\":\"output\",\"targetPort\":\"input1\"},{\"id\":\"conn-2\",\"sourceNodeId\":\"input-2\",\"targetNodeId\":\"transform-plus\",\"sourcePort\":\"output\",\"targetPort\":\"input2\"},{\"id\":\"conn-3\",\"sourceNodeId\":\"transform-plus\",\"targetNodeId\":\"return-result\",\"sourcePort\":\"output\",\"targetPort\":\"input\"}]"}
{"level":"info","message":"[collectNodeInputs][2]: {}"}
{"level":"info","message":"nodeInputs: {}"}
{"level":"info","message":"node: {\"id\":\"transform-plus\",\"type\":\"transform\",\"config\":{\"operation\":\"math\",\"method\":\"add\"},\"position\":{\"x\":300,\"y\":150}}"}
{"level":"info","message":"[collectNodeInputs][0]: transform-plus, [{\"id\":\"conn-1\",\"sourceNodeId\":\"input-1\",\"targetNodeId\":\"transform-plus\",\"sourcePort\":\"output\",\"targetPort\":\"input1\"},{\"id\":\"conn-2\",\"sourceNodeId\":\"input-2\",\"targetNodeId\":\"transform-plus\",\"sourcePort\":\"output\",\"targetPort\":\"input2\"},{\"id\":\"conn-3\",\"sourceNodeId\":\"transform-plus\",\"targetNodeId\":\"return-result\",\"sourcePort\":\"output\",\"targetPort\":\"input\"}]"}
{"level":"info","message":"[collectNodeInputs][1] conn.targetPort: input1"}
{"level":"info","message":"[collectNodeInputs][1] conn.targetPort: input2"}
{"level":"info","message":"[collectNodeInputs][2]: {\"input1\":\"transform-plus\",\"input2\":\"transform-plus\"}"}
{"level":"info","message":"nodeInputs: {\"input1\":\"transform-plus\",\"input2\":\"transform-plus\"}"}
{"level":"info","message":"node: {\"id\":\"return-result\",\"type\":\"return\",\"config\":{\"name\":\"sum\",\"dataType\":\"number\"},\"position\":{\"x\":500,\"y\":150}}"}
{"level":"info","message":"[collectNodeInputs][0]: return-result, [{\"id\":\"conn-1\",\"sourceNodeId\":\"input-1\",\"targetNodeId\":\"transform-plus\",\"sourcePort\":\"output\",\"targetPort\":\"input1\"},{\"id\":\"conn-2\",\"sourceNodeId\":\"input-2\",\"targetNodeId\":\"transform-plus\",\"sourcePort\":\"output\",\"targetPort\":\"input2\"},{\"id\":\"conn-3\",\"sourceNodeId\":\"transform-plus\",\"targetNodeId\":\"return-result\",\"sourcePort\":\"output\",\"targetPort\":\"input\"}]"}
{"level":"info","message":"[collectNodeInputs][1] conn.targetPort: input"}
{"level":"info","message":"[collectNodeInputs][2]: {\"input\":\"return-result\"}"}
{"level":"info","message":"nodeInputs: {\"input\":\"return-result\"}"}
{"level":"error","message":"Error executing node input-1: Required input \"firstNumber\" not provided"}
{"level":"error","message":"Error executing node input-2: Required input \"secondNumber\" not provided"}
{"level":"info","message":"Node transform-plus executed successfully."}
{"level":"info","message":"[InputNode][execute] inputs: {}"}
{"level":"info","message":"[InputNode][execute] inputName: firstNumber"}
{"level":"info","message":"[InputNode][execute] inputs: {}"}
{"level":"info","message":"[InputNode][execute] inputName: secondNumber"}
{"level":"info","message":"pipeline: {\"id\":\"math-pipeline-001\",\"projectId\":\"math-test-project-001\",\"name\":\"summ(a, b) Pipeline\",\"description\":\"Pipeline for adding two numbers\",\"templateId\":\"simple-math-template-001\",\"mode\":\"accumulator\",\"status\":\"active\",\"created\":\"2024-03-20T10:00:00Z\",\"updated\":\"2024-03-20T10:00:00Z\",\"settings\":{\"timeout\":60,\"retryPolicy\":{\"attempts\":3,\"delay\":5}},\"trigger\":{\"type\":\"manual\",\"config\":{\"inputValidation\":true}},\"executions\":[]}"}
{"level":"info","message":"[InputNode][constructor] info: input-1, input, {\"name\":\"firstNumber\",\"dataType\":\"number\",\"required\":true}"}
{"level":"info","message":"[InputNode][constructor] info: input-2, input, {\"name\":\"secondNumber\",\"dataType\":\"number\",\"required\":true}"}
{"level":"info","message":"Executing pipeline: summ(a, b) Pipeline"}
{"level":"info","message":"executionLog: {\"pipelineId\":\"math-pipeline-001\",\"timestamp\":\"2025-02-05T20:40:43.063Z\",\"status\":\"running\"}"}
{"level":"info","message":"template: {\"id\":\"simple-math-template-001\",\"name\":\"Simple Addition Template\",\"description\":\"Template for adding two numbers\",\"version\":\"1.0.0\",\"nodes\":[{\"id\":\"input-1\",\"type\":\"input\",\"config\":{\"name\":\"firstNumber\",\"dataType\":\"number\",\"required\":true},\"position\":{\"x\":100,\"y\":100}},{\"id\":\"input-2\",\"type\":\"input\",\"config\":{\"name\":\"secondNumber\",\"dataType\":\"number\",\"required\":true},\"position\":{\"x\":100,\"y\":200}},{\"id\":\"transform-plus\",\"type\":\"transform\",\"config\":{\"operation\":\"math\",\"method\":\"add\"},\"position\":{\"x\":300,\"y\":150}},{\"id\":\"return-result\",\"type\":\"return\",\"config\":{\"name\":\"sum\",\"dataType\":\"number\"},\"position\":{\"x\":500,\"y\":150}}],\"connections\":[{\"id\":\"conn-1\",\"sourceNodeId\":\"input-1\",\"targetNodeId\":\"transform-plus\",\"sourcePort\":\"output\",\"targetPort\":\"input1\"},{\"id\":\"conn-2\",\"sourceNodeId\":\"input-2\",\"targetNodeId\":\"transform-plus\",\"sourcePort\":\"output\",\"targetPort\":\"input2\"},{\"id\":\"conn-3\",\"sourceNodeId\":\"transform-plus\",\"targetNodeId\":\"return-result\",\"sourcePort\":\"output\",\"targetPort\":\"input\"}],\"validation\":{\"isValid\":true,\"errors\":[]}}"}
{"level":"info","message":"nodes: [{\"id\":\"input-1\",\"type\":\"input\",\"config\":{\"name\":\"firstNumber\",\"dataType\":\"number\",\"required\":true},\"position\":{\"x\":100,\"y\":100}},{\"id\":\"input-2\",\"type\":\"input\",\"config\":{\"name\":\"secondNumber\",\"dataType\":\"number\",\"required\":true},\"position\":{\"x\":100,\"y\":200}},{\"id\":\"transform-plus\",\"type\":\"transform\",\"config\":{\"operation\":\"math\",\"method\":\"add\"},\"position\":{\"x\":300,\"y\":150}},{\"id\":\"return-result\",\"type\":\"return\",\"config\":{\"name\":\"sum\",\"dataType\":\"number\"},\"position\":{\"x\":500,\"y\":150}}]"}
{"level":"info","message":"node: {\"id\":\"input-1\",\"type\":\"input\",\"config\":{\"name\":\"firstNumber\",\"dataType\":\"number\",\"required\":true},\"position\":{\"x\":100,\"y\":100}}"}
{"level":"info","message":"[collectNodeInputs][0]: input-1, [{\"id\":\"conn-1\",\"sourceNodeId\":\"input-1\",\"targetNodeId\":\"transform-plus\",\"sourcePort\":\"output\",\"targetPort\":\"input1\"},{\"id\":\"conn-2\",\"sourceNodeId\":\"input-2\",\"targetNodeId\":\"transform-plus\",\"sourcePort\":\"output\",\"targetPort\":\"input2\"},{\"id\":\"conn-3\",\"sourceNodeId\":\"transform-plus\",\"targetNodeId\":\"return-result\",\"sourcePort\":\"output\",\"targetPort\":\"input\"}]"}
{"level":"info","message":"[collectNodeInputs][2]: {}"}
{"level":"info","message":"nodeInputs: {}"}
{"level":"info","message":"node: {\"id\":\"input-2\",\"type\":\"input\",\"config\":{\"name\":\"secondNumber\",\"dataType\":\"number\",\"required\":true},\"position\":{\"x\":100,\"y\":200}}"}
{"level":"info","message":"[collectNodeInputs][0]: input-2, [{\"id\":\"conn-1\",\"sourceNodeId\":\"input-1\",\"targetNodeId\":\"transform-plus\",\"sourcePort\":\"output\",\"targetPort\":\"input1\"},{\"id\":\"conn-2\",\"sourceNodeId\":\"input-2\",\"targetNodeId\":\"transform-plus\",\"sourcePort\":\"output\",\"targetPort\":\"input2\"},{\"id\":\"conn-3\",\"sourceNodeId\":\"transform-plus\",\"targetNodeId\":\"return-result\",\"sourcePort\":\"output\",\"targetPort\":\"input\"}]"}
{"level":"info","message":"[collectNodeInputs][2]: {}"}
{"level":"info","message":"nodeInputs: {}"}
{"level":"info","message":"node: {\"id\":\"transform-plus\",\"type\":\"transform\",\"config\":{\"operation\":\"math\",\"method\":\"add\"},\"position\":{\"x\":300,\"y\":150}}"}
{"level":"info","message":"[collectNodeInputs][0]: transform-plus, [{\"id\":\"conn-1\",\"sourceNodeId\":\"input-1\",\"targetNodeId\":\"transform-plus\",\"sourcePort\":\"output\",\"targetPort\":\"input1\"},{\"id\":\"conn-2\",\"sourceNodeId\":\"input-2\",\"targetNodeId\":\"transform-plus\",\"sourcePort\":\"output\",\"targetPort\":\"input2\"},{\"id\":\"conn-3\",\"sourceNodeId\":\"transform-plus\",\"targetNodeId\":\"return-result\",\"sourcePort\":\"output\",\"targetPort\":\"input\"}]"}
{"level":"info","message":"[collectNodeInputs][1] conn.targetPort: input1"}
{"level":"info","message":"[collectNodeInputs][1] conn.targetPort: input2"}
{"level":"info","message":"[collectNodeInputs][2]: {\"input1\":\"transform-plus\",\"input2\":\"transform-plus\"}"}
{"level":"info","message":"nodeInputs: {\"input1\":\"transform-plus\",\"input2\":\"transform-plus\"}"}
{"level":"info","message":"node: {\"id\":\"return-result\",\"type\":\"return\",\"config\":{\"name\":\"sum\",\"dataType\":\"number\"},\"position\":{\"x\":500,\"y\":150}}"}
{"level":"info","message":"[collectNodeInputs][0]: return-result, [{\"id\":\"conn-1\",\"sourceNodeId\":\"input-1\",\"targetNodeId\":\"transform-plus\",\"sourcePort\":\"output\",\"targetPort\":\"input1\"},{\"id\":\"conn-2\",\"sourceNodeId\":\"input-2\",\"targetNodeId\":\"transform-plus\",\"sourcePort\":\"output\",\"targetPort\":\"input2\"},{\"id\":\"conn-3\",\"sourceNodeId\":\"transform-plus\",\"targetNodeId\":\"return-result\",\"sourcePort\":\"output\",\"targetPort\":\"input\"}]"}
{"level":"info","message":"[collectNodeInputs][1] conn.targetPort: input"}
{"level":"info","message":"[collectNodeInputs][2]: {\"input\":\"return-result\"}"}
{"level":"info","message":"nodeInputs: {\"input\":\"return-result\"}"}
{"level":"error","message":"Error executing node input-1: Required input \"firstNumber\" not provided"}
{"level":"error","message":"Error executing node input-2: Required input \"secondNumber\" not provided"}
{"level":"info","message":"Node transform-plus executed successfully."}
{"level":"info","message":"[InputNode][execute] inputs: {}"}
{"level":"info","message":"[InputNode][execute] inputName: firstNumber"}
{"level":"info","message":"[InputNode][execute] inputs: {}"}
{"level":"info","message":"[InputNode][execute] inputName: secondNumber"}
{"level":"info","message":"pipeline: {\"id\":\"math-pipeline-001\",\"projectId\":\"math-test-project-001\",\"name\":\"summ(a, b) Pipeline\",\"description\":\"Pipeline for adding two numbers\",\"templateId\":\"simple-math-template-001\",\"mode\":\"accumulator\",\"status\":\"active\",\"created\":\"2024-03-20T10:00:00Z\",\"updated\":\"2024-03-20T10:00:00Z\",\"settings\":{\"timeout\":60,\"retryPolicy\":{\"attempts\":3,\"delay\":5}},\"trigger\":{\"type\":\"manual\",\"config\":{\"inputValidation\":true}},\"executions\":[]}"}
{"level":"info","message":"[InputNode][constructor] id: input-1, type: ,input, config:, {\"name\":\"firstNumber\",\"dataType\":\"number\",\"required\":true}"}
{"level":"info","message":"[InputNode][constructor] id: input-2, type: ,input, config:, {\"name\":\"secondNumber\",\"dataType\":\"number\",\"required\":true}"}
{"level":"info","message":"Executing pipeline: summ(a, b) Pipeline"}
{"level":"info","message":"executionLog: {\"pipelineId\":\"math-pipeline-001\",\"timestamp\":\"2025-02-05T20:41:24.687Z\",\"status\":\"running\"}"}
{"level":"info","message":"template: {\"id\":\"simple-math-template-001\",\"name\":\"Simple Addition Template\",\"description\":\"Template for adding two numbers\",\"version\":\"1.0.0\",\"nodes\":[{\"id\":\"input-1\",\"type\":\"input\",\"config\":{\"name\":\"firstNumber\",\"dataType\":\"number\",\"required\":true},\"position\":{\"x\":100,\"y\":100}},{\"id\":\"input-2\",\"type\":\"input\",\"config\":{\"name\":\"secondNumber\",\"dataType\":\"number\",\"required\":true},\"position\":{\"x\":100,\"y\":200}},{\"id\":\"transform-plus\",\"type\":\"transform\",\"config\":{\"operation\":\"math\",\"method\":\"add\"},\"position\":{\"x\":300,\"y\":150}},{\"id\":\"return-result\",\"type\":\"return\",\"config\":{\"name\":\"sum\",\"dataType\":\"number\"},\"position\":{\"x\":500,\"y\":150}}],\"connections\":[{\"id\":\"conn-1\",\"sourceNodeId\":\"input-1\",\"targetNodeId\":\"transform-plus\",\"sourcePort\":\"output\",\"targetPort\":\"input1\"},{\"id\":\"conn-2\",\"sourceNodeId\":\"input-2\",\"targetNodeId\":\"transform-plus\",\"sourcePort\":\"output\",\"targetPort\":\"input2\"},{\"id\":\"conn-3\",\"sourceNodeId\":\"transform-plus\",\"targetNodeId\":\"return-result\",\"sourcePort\":\"output\",\"targetPort\":\"input\"}],\"validation\":{\"isValid\":true,\"errors\":[]}}"}
{"level":"info","message":"nodes: [{\"id\":\"input-1\",\"type\":\"input\",\"config\":{\"name\":\"firstNumber\",\"dataType\":\"number\",\"required\":true},\"position\":{\"x\":100,\"y\":100}},{\"id\":\"input-2\",\"type\":\"input\",\"config\":{\"name\":\"secondNumber\",\"dataType\":\"number\",\"required\":true},\"position\":{\"x\":100,\"y\":200}},{\"id\":\"transform-plus\",\"type\":\"transform\",\"config\":{\"operation\":\"math\",\"method\":\"add\"},\"position\":{\"x\":300,\"y\":150}},{\"id\":\"return-result\",\"type\":\"return\",\"config\":{\"name\":\"sum\",\"dataType\":\"number\"},\"position\":{\"x\":500,\"y\":150}}]"}
{"level":"info","message":"node: {\"id\":\"input-1\",\"type\":\"input\",\"config\":{\"name\":\"firstNumber\",\"dataType\":\"number\",\"required\":true},\"position\":{\"x\":100,\"y\":100}}"}
{"level":"info","message":"[collectNodeInputs][0]: input-1, [{\"id\":\"conn-1\",\"sourceNodeId\":\"input-1\",\"targetNodeId\":\"transform-plus\",\"sourcePort\":\"output\",\"targetPort\":\"input1\"},{\"id\":\"conn-2\",\"sourceNodeId\":\"input-2\",\"targetNodeId\":\"transform-plus\",\"sourcePort\":\"output\",\"targetPort\":\"input2\"},{\"id\":\"conn-3\",\"sourceNodeId\":\"transform-plus\",\"targetNodeId\":\"return-result\",\"sourcePort\":\"output\",\"targetPort\":\"input\"}]"}
{"level":"info","message":"[collectNodeInputs][2]: {}"}
{"level":"info","message":"nodeInputs: {}"}
{"level":"info","message":"node: {\"id\":\"input-2\",\"type\":\"input\",\"config\":{\"name\":\"secondNumber\",\"dataType\":\"number\",\"required\":true},\"position\":{\"x\":100,\"y\":200}}"}
{"level":"info","message":"[collectNodeInputs][0]: input-2, [{\"id\":\"conn-1\",\"sourceNodeId\":\"input-1\",\"targetNodeId\":\"transform-plus\",\"sourcePort\":\"output\",\"targetPort\":\"input1\"},{\"id\":\"conn-2\",\"sourceNodeId\":\"input-2\",\"targetNodeId\":\"transform-plus\",\"sourcePort\":\"output\",\"targetPort\":\"input2\"},{\"id\":\"conn-3\",\"sourceNodeId\":\"transform-plus\",\"targetNodeId\":\"return-result\",\"sourcePort\":\"output\",\"targetPort\":\"input\"}]"}
{"level":"info","message":"[collectNodeInputs][2]: {}"}
{"level":"info","message":"nodeInputs: {}"}
{"level":"info","message":"node: {\"id\":\"transform-plus\",\"type\":\"transform\",\"config\":{\"operation\":\"math\",\"method\":\"add\"},\"position\":{\"x\":300,\"y\":150}}"}
{"level":"info","message":"[collectNodeInputs][0]: transform-plus, [{\"id\":\"conn-1\",\"sourceNodeId\":\"input-1\",\"targetNodeId\":\"transform-plus\",\"sourcePort\":\"output\",\"targetPort\":\"input1\"},{\"id\":\"conn-2\",\"sourceNodeId\":\"input-2\",\"targetNodeId\":\"transform-plus\",\"sourcePort\":\"output\",\"targetPort\":\"input2\"},{\"id\":\"conn-3\",\"sourceNodeId\":\"transform-plus\",\"targetNodeId\":\"return-result\",\"sourcePort\":\"output\",\"targetPort\":\"input\"}]"}
{"level":"info","message":"[collectNodeInputs][1] conn.targetPort: input1"}
{"level":"info","message":"[collectNodeInputs][1] conn.targetPort: input2"}
{"level":"info","message":"[collectNodeInputs][2]: {\"input1\":\"transform-plus\",\"input2\":\"transform-plus\"}"}
{"level":"info","message":"nodeInputs: {\"input1\":\"transform-plus\",\"input2\":\"transform-plus\"}"}
{"level":"info","message":"node: {\"id\":\"return-result\",\"type\":\"return\",\"config\":{\"name\":\"sum\",\"dataType\":\"number\"},\"position\":{\"x\":500,\"y\":150}}"}
{"level":"info","message":"[collectNodeInputs][0]: return-result, [{\"id\":\"conn-1\",\"sourceNodeId\":\"input-1\",\"targetNodeId\":\"transform-plus\",\"sourcePort\":\"output\",\"targetPort\":\"input1\"},{\"id\":\"conn-2\",\"sourceNodeId\":\"input-2\",\"targetNodeId\":\"transform-plus\",\"sourcePort\":\"output\",\"targetPort\":\"input2\"},{\"id\":\"conn-3\",\"sourceNodeId\":\"transform-plus\",\"targetNodeId\":\"return-result\",\"sourcePort\":\"output\",\"targetPort\":\"input\"}]"}
{"level":"info","message":"[collectNodeInputs][1] conn.targetPort: input"}
{"level":"info","message":"[collectNodeInputs][2]: {\"input\":\"return-result\"}"}
{"level":"info","message":"nodeInputs: {\"input\":\"return-result\"}"}
{"level":"error","message":"Error executing node input-1: Required input \"firstNumber\" not provided"}
{"level":"error","message":"Error executing node input-2: Required input \"secondNumber\" not provided"}
{"level":"info","message":"Node transform-plus executed successfully."}
{"level":"info","message":"[InputNode][execute] inputs: {}"}
{"level":"info","message":"[InputNode][execute] inputName: firstNumber"}
{"level":"info","message":"[InputNode][execute] inputs: {}"}
{"level":"info","message":"[InputNode][execute] inputName: secondNumber"}
{"level":"info","message":"pipeline: {\"id\":\"math-pipeline-001\",\"projectId\":\"math-test-project-001\",\"name\":\"summ(a, b) Pipeline\",\"description\":\"Pipeline for adding two numbers\",\"templateId\":\"simple-math-template-001\",\"mode\":\"accumulator\",\"status\":\"active\",\"created\":\"2024-03-20T10:00:00Z\",\"updated\":\"2024-03-20T10:00:00Z\",\"settings\":{\"timeout\":60,\"retryPolicy\":{\"attempts\":3,\"delay\":5}},\"trigger\":{\"type\":\"manual\",\"config\":{\"inputValidation\":true}},\"executions\":[]}"}
{"level":"info","message":"[InputNode][constructor] id: input-1, type: ,input, config:, {\"name\":\"firstNumber\",\"dataType\":\"number\",\"required\":true}"}
{"level":"info","message":"[InputNode][constructor] id: input-2, type: ,input, config:, {\"name\":\"secondNumber\",\"dataType\":\"number\",\"required\":true}"}
{"level":"info","message":"Executing pipeline: summ(a, b) Pipeline"}
{"level":"info","message":"executionLog: {\"pipelineId\":\"math-pipeline-001\",\"timestamp\":\"2025-02-05T20:41:29.923Z\",\"status\":\"running\"}"}
{"level":"info","message":"template: {\"id\":\"simple-math-template-001\",\"name\":\"Simple Addition Template\",\"description\":\"Template for adding two numbers\",\"version\":\"1.0.0\",\"nodes\":[{\"id\":\"input-1\",\"type\":\"input\",\"config\":{\"name\":\"firstNumber\",\"dataType\":\"number\",\"required\":true},\"position\":{\"x\":100,\"y\":100}},{\"id\":\"input-2\",\"type\":\"input\",\"config\":{\"name\":\"secondNumber\",\"dataType\":\"number\",\"required\":true},\"position\":{\"x\":100,\"y\":200}},{\"id\":\"transform-plus\",\"type\":\"transform\",\"config\":{\"operation\":\"math\",\"method\":\"add\"},\"position\":{\"x\":300,\"y\":150}},{\"id\":\"return-result\",\"type\":\"return\",\"config\":{\"name\":\"sum\",\"dataType\":\"number\"},\"position\":{\"x\":500,\"y\":150}}],\"connections\":[{\"id\":\"conn-1\",\"sourceNodeId\":\"input-1\",\"targetNodeId\":\"transform-plus\",\"sourcePort\":\"output\",\"targetPort\":\"input1\"},{\"id\":\"conn-2\",\"sourceNodeId\":\"input-2\",\"targetNodeId\":\"transform-plus\",\"sourcePort\":\"output\",\"targetPort\":\"input2\"},{\"id\":\"conn-3\",\"sourceNodeId\":\"transform-plus\",\"targetNodeId\":\"return-result\",\"sourcePort\":\"output\",\"targetPort\":\"input\"}],\"validation\":{\"isValid\":true,\"errors\":[]}}"}
{"level":"info","message":"nodes: [{\"id\":\"input-1\",\"type\":\"input\",\"config\":{\"name\":\"firstNumber\",\"dataType\":\"number\",\"required\":true},\"position\":{\"x\":100,\"y\":100}},{\"id\":\"input-2\",\"type\":\"input\",\"config\":{\"name\":\"secondNumber\",\"dataType\":\"number\",\"required\":true},\"position\":{\"x\":100,\"y\":200}},{\"id\":\"transform-plus\",\"type\":\"transform\",\"config\":{\"operation\":\"math\",\"method\":\"add\"},\"position\":{\"x\":300,\"y\":150}},{\"id\":\"return-result\",\"type\":\"return\",\"config\":{\"name\":\"sum\",\"dataType\":\"number\"},\"position\":{\"x\":500,\"y\":150}}]"}
{"level":"info","message":"node: {\"id\":\"input-1\",\"type\":\"input\",\"config\":{\"name\":\"firstNumber\",\"dataType\":\"number\",\"required\":true},\"position\":{\"x\":100,\"y\":100}}"}
{"level":"info","message":"[collectNodeInputs][0]: input-1, [{\"id\":\"conn-1\",\"sourceNodeId\":\"input-1\",\"targetNodeId\":\"transform-plus\",\"sourcePort\":\"output\",\"targetPort\":\"input1\"},{\"id\":\"conn-2\",\"sourceNodeId\":\"input-2\",\"targetNodeId\":\"transform-plus\",\"sourcePort\":\"output\",\"targetPort\":\"input2\"},{\"id\":\"conn-3\",\"sourceNodeId\":\"transform-plus\",\"targetNodeId\":\"return-result\",\"sourcePort\":\"output\",\"targetPort\":\"input\"}]"}
{"level":"info","message":"[collectNodeInputs][2]: {}"}
{"level":"info","message":"nodeInputs: {}"}
{"level":"info","message":"node: {\"id\":\"input-2\",\"type\":\"input\",\"config\":{\"name\":\"secondNumber\",\"dataType\":\"number\",\"required\":true},\"position\":{\"x\":100,\"y\":200}}"}
{"level":"info","message":"[collectNodeInputs][0]: input-2, [{\"id\":\"conn-1\",\"sourceNodeId\":\"input-1\",\"targetNodeId\":\"transform-plus\",\"sourcePort\":\"output\",\"targetPort\":\"input1\"},{\"id\":\"conn-2\",\"sourceNodeId\":\"input-2\",\"targetNodeId\":\"transform-plus\",\"sourcePort\":\"output\",\"targetPort\":\"input2\"},{\"id\":\"conn-3\",\"sourceNodeId\":\"transform-plus\",\"targetNodeId\":\"return-result\",\"sourcePort\":\"output\",\"targetPort\":\"input\"}]"}
{"level":"info","message":"[collectNodeInputs][2]: {}"}
{"level":"info","message":"nodeInputs: {}"}
{"level":"info","message":"node: {\"id\":\"transform-plus\",\"type\":\"transform\",\"config\":{\"operation\":\"math\",\"method\":\"add\"},\"position\":{\"x\":300,\"y\":150}}"}
{"level":"info","message":"[collectNodeInputs][0]: transform-plus, [{\"id\":\"conn-1\",\"sourceNodeId\":\"input-1\",\"targetNodeId\":\"transform-plus\",\"sourcePort\":\"output\",\"targetPort\":\"input1\"},{\"id\":\"conn-2\",\"sourceNodeId\":\"input-2\",\"targetNodeId\":\"transform-plus\",\"sourcePort\":\"output\",\"targetPort\":\"input2\"},{\"id\":\"conn-3\",\"sourceNodeId\":\"transform-plus\",\"targetNodeId\":\"return-result\",\"sourcePort\":\"output\",\"targetPort\":\"input\"}]"}
{"level":"info","message":"[collectNodeInputs][1] conn.targetPort: input1"}
{"level":"info","message":"[collectNodeInputs][1] conn.targetPort: input2"}
{"level":"info","message":"[collectNodeInputs][2]: {\"input1\":\"transform-plus\",\"input2\":\"transform-plus\"}"}
{"level":"info","message":"nodeInputs: {\"input1\":\"transform-plus\",\"input2\":\"transform-plus\"}"}
{"level":"info","message":"node: {\"id\":\"return-result\",\"type\":\"return\",\"config\":{\"name\":\"sum\",\"dataType\":\"number\"},\"position\":{\"x\":500,\"y\":150}}"}
{"level":"info","message":"[collectNodeInputs][0]: return-result, [{\"id\":\"conn-1\",\"sourceNodeId\":\"input-1\",\"targetNodeId\":\"transform-plus\",\"sourcePort\":\"output\",\"targetPort\":\"input1\"},{\"id\":\"conn-2\",\"sourceNodeId\":\"input-2\",\"targetNodeId\":\"transform-plus\",\"sourcePort\":\"output\",\"targetPort\":\"input2\"},{\"id\":\"conn-3\",\"sourceNodeId\":\"transform-plus\",\"targetNodeId\":\"return-result\",\"sourcePort\":\"output\",\"targetPort\":\"input\"}]"}
{"level":"info","message":"[collectNodeInputs][1] conn.targetPort: input"}
{"level":"info","message":"[collectNodeInputs][2]: {\"input\":\"return-result\"}"}
{"level":"info","message":"nodeInputs: {\"input\":\"return-result\"}"}
{"level":"error","message":"Error executing node input-1: Required input \"firstNumber\" not provided"}
{"level":"error","message":"Error executing node input-2: Required input \"secondNumber\" not provided"}
{"level":"info","message":"Node transform-plus executed successfully."}
{"level":"info","message":"[InputNode][execute] inputs: {}"}
{"level":"info","message":"[InputNode][execute] inputName: firstNumber"}
{"level":"info","message":"[InputNode][execute] inputs: {}"}
{"level":"info","message":"[InputNode][execute] inputName: secondNumber"}
{"level":"info","message":"pipeline: {\"id\":\"math-pipeline-001\",\"projectId\":\"math-test-project-001\",\"name\":\"summ(a, b) Pipeline\",\"description\":\"Pipeline for adding two numbers\",\"templateId\":\"simple-math-template-001\",\"mode\":\"accumulator\",\"status\":\"active\",\"created\":\"2024-03-20T10:00:00Z\",\"updated\":\"2024-03-20T10:00:00Z\",\"settings\":{\"timeout\":60,\"retryPolicy\":{\"attempts\":3,\"delay\":5}},\"trigger\":{\"type\":\"manual\",\"config\":{\"inputValidation\":true}},\"executions\":[]}"}
{"level":"info","message":"[InputNode][constructor] id: input-1, type: ,input, config:, {\"name\":\"firstNumber\",\"dataType\":\"number\",\"required\":true}"}
{"level":"info","message":"[InputNode][constructor] id: input-2, type: ,input, config:, {\"name\":\"secondNumber\",\"dataType\":\"number\",\"required\":true}"}
{"level":"info","message":"Executing pipeline: summ(a, b) Pipeline"}
{"level":"info","message":"executionLog: {\"pipelineId\":\"math-pipeline-001\",\"timestamp\":\"2025-02-05T20:42:26.351Z\",\"status\":\"running\"}"}
{"level":"info","message":"template: {\"id\":\"simple-math-template-001\",\"name\":\"Simple Addition Template\",\"description\":\"Template for adding two numbers\",\"version\":\"1.0.0\",\"nodes\":[{\"id\":\"input-1\",\"type\":\"input\",\"config\":{\"name\":\"firstNumber\",\"dataType\":\"number\",\"required\":true},\"position\":{\"x\":100,\"y\":100}},{\"id\":\"input-2\",\"type\":\"input\",\"config\":{\"name\":\"secondNumber\",\"dataType\":\"number\",\"required\":true},\"position\":{\"x\":100,\"y\":200}},{\"id\":\"transform-plus\",\"type\":\"transform\",\"config\":{\"operation\":\"math\",\"method\":\"add\"},\"position\":{\"x\":300,\"y\":150}},{\"id\":\"return-result\",\"type\":\"return\",\"config\":{\"name\":\"sum\",\"dataType\":\"number\"},\"position\":{\"x\":500,\"y\":150}}],\"connections\":[{\"id\":\"conn-1\",\"sourceNodeId\":\"input-1\",\"targetNodeId\":\"transform-plus\",\"sourcePort\":\"output\",\"targetPort\":\"input1\"},{\"id\":\"conn-2\",\"sourceNodeId\":\"input-2\",\"targetNodeId\":\"transform-plus\",\"sourcePort\":\"output\",\"targetPort\":\"input2\"},{\"id\":\"conn-3\",\"sourceNodeId\":\"transform-plus\",\"targetNodeId\":\"return-result\",\"sourcePort\":\"output\",\"targetPort\":\"input\"}],\"validation\":{\"isValid\":true,\"errors\":[]}}"}
{"level":"info","message":"nodes: [{\"id\":\"input-1\",\"type\":\"input\",\"config\":{\"name\":\"firstNumber\",\"dataType\":\"number\",\"required\":true},\"position\":{\"x\":100,\"y\":100}},{\"id\":\"input-2\",\"type\":\"input\",\"config\":{\"name\":\"secondNumber\",\"dataType\":\"number\",\"required\":true},\"position\":{\"x\":100,\"y\":200}},{\"id\":\"transform-plus\",\"type\":\"transform\",\"config\":{\"operation\":\"math\",\"method\":\"add\"},\"position\":{\"x\":300,\"y\":150}},{\"id\":\"return-result\",\"type\":\"return\",\"config\":{\"name\":\"sum\",\"dataType\":\"number\"},\"position\":{\"x\":500,\"y\":150}}]"}
{"level":"info","message":"node: {\"id\":\"input-1\",\"type\":\"input\",\"config\":{\"name\":\"firstNumber\",\"dataType\":\"number\",\"required\":true},\"position\":{\"x\":100,\"y\":100}}"}
{"level":"info","message":"[collectNodeInputs][0]: input-1, [{\"id\":\"conn-1\",\"sourceNodeId\":\"input-1\",\"targetNodeId\":\"transform-plus\",\"sourcePort\":\"output\",\"targetPort\":\"input1\"},{\"id\":\"conn-2\",\"sourceNodeId\":\"input-2\",\"targetNodeId\":\"transform-plus\",\"sourcePort\":\"output\",\"targetPort\":\"input2\"},{\"id\":\"conn-3\",\"sourceNodeId\":\"transform-plus\",\"targetNodeId\":\"return-result\",\"sourcePort\":\"output\",\"targetPort\":\"input\"}]"}
{"level":"info","message":"[collectNodeInputs][2]: {}"}
{"level":"info","message":"nodeInputs: {}"}
{"level":"info","message":"node: {\"id\":\"input-2\",\"type\":\"input\",\"config\":{\"name\":\"secondNumber\",\"dataType\":\"number\",\"required\":true},\"position\":{\"x\":100,\"y\":200}}"}
{"level":"info","message":"[collectNodeInputs][0]: input-2, [{\"id\":\"conn-1\",\"sourceNodeId\":\"input-1\",\"targetNodeId\":\"transform-plus\",\"sourcePort\":\"output\",\"targetPort\":\"input1\"},{\"id\":\"conn-2\",\"sourceNodeId\":\"input-2\",\"targetNodeId\":\"transform-plus\",\"sourcePort\":\"output\",\"targetPort\":\"input2\"},{\"id\":\"conn-3\",\"sourceNodeId\":\"transform-plus\",\"targetNodeId\":\"return-result\",\"sourcePort\":\"output\",\"targetPort\":\"input\"}]"}
{"level":"info","message":"[collectNodeInputs][2]: {}"}
{"level":"info","message":"nodeInputs: {}"}
{"level":"info","message":"node: {\"id\":\"transform-plus\",\"type\":\"transform\",\"config\":{\"operation\":\"math\",\"method\":\"add\"},\"position\":{\"x\":300,\"y\":150}}"}
{"level":"info","message":"[collectNodeInputs][0]: transform-plus, [{\"id\":\"conn-1\",\"sourceNodeId\":\"input-1\",\"targetNodeId\":\"transform-plus\",\"sourcePort\":\"output\",\"targetPort\":\"input1\"},{\"id\":\"conn-2\",\"sourceNodeId\":\"input-2\",\"targetNodeId\":\"transform-plus\",\"sourcePort\":\"output\",\"targetPort\":\"input2\"},{\"id\":\"conn-3\",\"sourceNodeId\":\"transform-plus\",\"targetNodeId\":\"return-result\",\"sourcePort\":\"output\",\"targetPort\":\"input\"}]"}
{"level":"info","message":"[collectNodeInputs][1] conn.targetPort: input1"}
{"level":"info","message":"[collectNodeInputs][1] conn.targetPort: input2"}
{"level":"info","message":"[collectNodeInputs][2]: {\"input1\":\"transform-plus\",\"input2\":\"transform-plus\"}"}
{"level":"info","message":"nodeInputs: {\"input1\":\"transform-plus\",\"input2\":\"transform-plus\"}"}
{"level":"info","message":"node: {\"id\":\"return-result\",\"type\":\"return\",\"config\":{\"name\":\"sum\",\"dataType\":\"number\"},\"position\":{\"x\":500,\"y\":150}}"}
{"level":"info","message":"[collectNodeInputs][0]: return-result, [{\"id\":\"conn-1\",\"sourceNodeId\":\"input-1\",\"targetNodeId\":\"transform-plus\",\"sourcePort\":\"output\",\"targetPort\":\"input1\"},{\"id\":\"conn-2\",\"sourceNodeId\":\"input-2\",\"targetNodeId\":\"transform-plus\",\"sourcePort\":\"output\",\"targetPort\":\"input2\"},{\"id\":\"conn-3\",\"sourceNodeId\":\"transform-plus\",\"targetNodeId\":\"return-result\",\"sourcePort\":\"output\",\"targetPort\":\"input\"}]"}
{"level":"info","message":"[collectNodeInputs][1] conn.targetPort: input"}
{"level":"info","message":"[collectNodeInputs][2]: {\"input\":\"return-result\"}"}
{"level":"info","message":"nodeInputs: {\"input\":\"return-result\"}"}
{"level":"error","message":"Error executing node input-1: Required input \"firstNumber\" not provided"}
{"level":"error","message":"Error executing node input-2: Required input \"secondNumber\" not provided"}
{"level":"info","message":"Node transform-plus executed successfully."}
{"level":"info","message":"[InputNode][execute][0] inputs: {}"}
{"level":"info","message":"[InputNode][execute][0] config: {\"name\":\"firstNumber\",\"dataType\":\"number\",\"required\":true}"}
{"level":"info","message":"[InputNode][execute] inputName: firstNumber"}
{"level":"info","message":"[InputNode][execute][0] inputs: {}"}
{"level":"info","message":"[InputNode][execute][0] config: {\"name\":\"secondNumber\",\"dataType\":\"number\",\"required\":true}"}
{"level":"info","message":"[InputNode][execute] inputName: secondNumber"}
{"level":"info","message":"pipeline: {\"id\":\"math-pipeline-001\",\"projectId\":\"math-test-project-001\",\"name\":\"summ(a, b) Pipeline\",\"description\":\"Pipeline for adding two numbers\",\"templateId\":\"simple-math-template-001\",\"mode\":\"accumulator\",\"status\":\"active\",\"created\":\"2024-03-20T10:00:00Z\",\"updated\":\"2024-03-20T10:00:00Z\",\"settings\":{\"timeout\":60,\"retryPolicy\":{\"attempts\":3,\"delay\":5}},\"trigger\":{\"type\":\"manual\",\"config\":{\"inputValidation\":true}},\"executions\":[]}"}
{"level":"info","message":"[InputNode][constructor] id: input-1, type: ,input, config:, {\"name\":\"firstNumber\",\"dataType\":\"number\",\"required\":true}"}
{"level":"info","message":"[InputNode][constructor] id: input-2, type: ,input, config:, {\"name\":\"secondNumber\",\"dataType\":\"number\",\"required\":true}"}
{"level":"info","message":"Executing pipeline: summ(a, b) Pipeline"}
{"level":"info","message":"executionLog: {\"pipelineId\":\"math-pipeline-001\",\"timestamp\":\"2025-02-05T20:42:41.213Z\",\"status\":\"running\"}"}
{"level":"info","message":"template: {\"id\":\"simple-math-template-001\",\"name\":\"Simple Addition Template\",\"description\":\"Template for adding two numbers\",\"version\":\"1.0.0\",\"nodes\":[{\"id\":\"input-1\",\"type\":\"input\",\"config\":{\"name\":\"firstNumber\",\"dataType\":\"number\",\"required\":true},\"position\":{\"x\":100,\"y\":100}},{\"id\":\"input-2\",\"type\":\"input\",\"config\":{\"name\":\"secondNumber\",\"dataType\":\"number\",\"required\":true},\"position\":{\"x\":100,\"y\":200}},{\"id\":\"transform-plus\",\"type\":\"transform\",\"config\":{\"operation\":\"math\",\"method\":\"add\"},\"position\":{\"x\":300,\"y\":150}},{\"id\":\"return-result\",\"type\":\"return\",\"config\":{\"name\":\"sum\",\"dataType\":\"number\"},\"position\":{\"x\":500,\"y\":150}}],\"connections\":[{\"id\":\"conn-1\",\"sourceNodeId\":\"input-1\",\"targetNodeId\":\"transform-plus\",\"sourcePort\":\"output\",\"targetPort\":\"input1\"},{\"id\":\"conn-2\",\"sourceNodeId\":\"input-2\",\"targetNodeId\":\"transform-plus\",\"sourcePort\":\"output\",\"targetPort\":\"input2\"},{\"id\":\"conn-3\",\"sourceNodeId\":\"transform-plus\",\"targetNodeId\":\"return-result\",\"sourcePort\":\"output\",\"targetPort\":\"input\"}],\"validation\":{\"isValid\":true,\"errors\":[]}}"}
{"level":"info","message":"nodes: [{\"id\":\"input-1\",\"type\":\"input\",\"config\":{\"name\":\"firstNumber\",\"dataType\":\"number\",\"required\":true},\"position\":{\"x\":100,\"y\":100}},{\"id\":\"input-2\",\"type\":\"input\",\"config\":{\"name\":\"secondNumber\",\"dataType\":\"number\",\"required\":true},\"position\":{\"x\":100,\"y\":200}},{\"id\":\"transform-plus\",\"type\":\"transform\",\"config\":{\"operation\":\"math\",\"method\":\"add\"},\"position\":{\"x\":300,\"y\":150}},{\"id\":\"return-result\",\"type\":\"return\",\"config\":{\"name\":\"sum\",\"dataType\":\"number\"},\"position\":{\"x\":500,\"y\":150}}]"}
{"level":"info","message":"node: {\"id\":\"input-1\",\"type\":\"input\",\"config\":{\"name\":\"firstNumber\",\"dataType\":\"number\",\"required\":true},\"position\":{\"x\":100,\"y\":100}}"}
{"level":"info","message":"[collectNodeInputs][0]: input-1, [{\"id\":\"conn-1\",\"sourceNodeId\":\"input-1\",\"targetNodeId\":\"transform-plus\",\"sourcePort\":\"output\",\"targetPort\":\"input1\"},{\"id\":\"conn-2\",\"sourceNodeId\":\"input-2\",\"targetNodeId\":\"transform-plus\",\"sourcePort\":\"output\",\"targetPort\":\"input2\"},{\"id\":\"conn-3\",\"sourceNodeId\":\"transform-plus\",\"targetNodeId\":\"return-result\",\"sourcePort\":\"output\",\"targetPort\":\"input\"}]"}
{"level":"info","message":"[collectNodeInputs][2]: {}"}
{"level":"info","message":"nodeInputs: {}"}
{"level":"info","message":"node: {\"id\":\"input-2\",\"type\":\"input\",\"config\":{\"name\":\"secondNumber\",\"dataType\":\"number\",\"required\":true},\"position\":{\"x\":100,\"y\":200}}"}
{"level":"info","message":"[collectNodeInputs][0]: input-2, [{\"id\":\"conn-1\",\"sourceNodeId\":\"input-1\",\"targetNodeId\":\"transform-plus\",\"sourcePort\":\"output\",\"targetPort\":\"input1\"},{\"id\":\"conn-2\",\"sourceNodeId\":\"input-2\",\"targetNodeId\":\"transform-plus\",\"sourcePort\":\"output\",\"targetPort\":\"input2\"},{\"id\":\"conn-3\",\"sourceNodeId\":\"transform-plus\",\"targetNodeId\":\"return-result\",\"sourcePort\":\"output\",\"targetPort\":\"input\"}]"}
{"level":"info","message":"[collectNodeInputs][2]: {}"}
{"level":"info","message":"nodeInputs: {}"}
{"level":"info","message":"node: {\"id\":\"transform-plus\",\"type\":\"transform\",\"config\":{\"operation\":\"math\",\"method\":\"add\"},\"position\":{\"x\":300,\"y\":150}}"}
{"level":"info","message":"[collectNodeInputs][0]: transform-plus, [{\"id\":\"conn-1\",\"sourceNodeId\":\"input-1\",\"targetNodeId\":\"transform-plus\",\"sourcePort\":\"output\",\"targetPort\":\"input1\"},{\"id\":\"conn-2\",\"sourceNodeId\":\"input-2\",\"targetNodeId\":\"transform-plus\",\"sourcePort\":\"output\",\"targetPort\":\"input2\"},{\"id\":\"conn-3\",\"sourceNodeId\":\"transform-plus\",\"targetNodeId\":\"return-result\",\"sourcePort\":\"output\",\"targetPort\":\"input\"}]"}
{"level":"info","message":"[collectNodeInputs][1] conn.targetPort: input1"}
{"level":"info","message":"[collectNodeInputs][1] conn.targetPort: input2"}
{"level":"info","message":"[collectNodeInputs][2]: {\"input1\":\"transform-plus\",\"input2\":\"transform-plus\"}"}
{"level":"info","message":"nodeInputs: {\"input1\":\"transform-plus\",\"input2\":\"transform-plus\"}"}
{"level":"info","message":"node: {\"id\":\"return-result\",\"type\":\"return\",\"config\":{\"name\":\"sum\",\"dataType\":\"number\"},\"position\":{\"x\":500,\"y\":150}}"}
{"level":"info","message":"[collectNodeInputs][0]: return-result, [{\"id\":\"conn-1\",\"sourceNodeId\":\"input-1\",\"targetNodeId\":\"transform-plus\",\"sourcePort\":\"output\",\"targetPort\":\"input1\"},{\"id\":\"conn-2\",\"sourceNodeId\":\"input-2\",\"targetNodeId\":\"transform-plus\",\"sourcePort\":\"output\",\"targetPort\":\"input2\"},{\"id\":\"conn-3\",\"sourceNodeId\":\"transform-plus\",\"targetNodeId\":\"return-result\",\"sourcePort\":\"output\",\"targetPort\":\"input\"}]"}
{"level":"info","message":"[collectNodeInputs][1] conn.targetPort: input"}
{"level":"info","message":"[collectNodeInputs][2]: {\"input\":\"return-result\"}"}
{"level":"info","message":"nodeInputs: {\"input\":\"return-result\"}"}
{"level":"error","message":"Error executing node input-1: Required input \"firstNumber\" not provided"}
{"level":"error","message":"Error executing node input-2: Required input \"secondNumber\" not provided"}
{"level":"info","message":"Node transform-plus executed successfully."}
{"level":"info","message":"[InputNode][execute][0] inputs: {}"}
{"level":"info","message":"[InputNode][execute][0] config: {\"name\":\"firstNumber\",\"dataType\":\"number\",\"required\":true}"}
{"level":"info","message":"[InputNode][execute] inputName: firstNumber"}
{"level":"info","message":"[InputNode][execute][0] inputs: {}"}
{"level":"info","message":"[InputNode][execute][0] config: {\"name\":\"secondNumber\",\"dataType\":\"number\",\"required\":true}"}
{"level":"info","message":"[InputNode][execute] inputName: secondNumber"}
{"level":"info","message":"pipeline: {\"id\":\"math-pipeline-001\",\"projectId\":\"math-test-project-001\",\"name\":\"summ(a, b) Pipeline\",\"description\":\"Pipeline for adding two numbers\",\"templateId\":\"simple-math-template-001\",\"mode\":\"accumulator\",\"status\":\"active\",\"created\":\"2024-03-20T10:00:00Z\",\"updated\":\"2024-03-20T10:00:00Z\",\"settings\":{\"timeout\":60,\"retryPolicy\":{\"attempts\":3,\"delay\":5}},\"trigger\":{\"type\":\"manual\",\"config\":{\"inputValidation\":true}},\"executions\":[]}"}
{"level":"info","message":"[InputNode][constructor] id: input-1, type: ,input, config:, {\"name\":\"firstNumber\",\"dataType\":\"number\",\"required\":true}"}
{"level":"info","message":"[InputNode][constructor] id: input-2, type: ,input, config:, {\"name\":\"secondNumber\",\"dataType\":\"number\",\"required\":true}"}
{"level":"info","message":"Executing pipeline: summ(a, b) Pipeline"}
{"level":"info","message":"executionLog: {\"pipelineId\":\"math-pipeline-001\",\"timestamp\":\"2025-02-05T20:42:54.403Z\",\"status\":\"running\"}"}
{"level":"info","message":"template: {\"id\":\"simple-math-template-001\",\"name\":\"Simple Addition Template\",\"description\":\"Template for adding two numbers\",\"version\":\"1.0.0\",\"nodes\":[{\"id\":\"input-1\",\"type\":\"input\",\"config\":{\"name\":\"firstNumber\",\"dataType\":\"number\",\"required\":true},\"position\":{\"x\":100,\"y\":100}},{\"id\":\"input-2\",\"type\":\"input\",\"config\":{\"name\":\"secondNumber\",\"dataType\":\"number\",\"required\":true},\"position\":{\"x\":100,\"y\":200}},{\"id\":\"transform-plus\",\"type\":\"transform\",\"config\":{\"operation\":\"math\",\"method\":\"add\"},\"position\":{\"x\":300,\"y\":150}},{\"id\":\"return-result\",\"type\":\"return\",\"config\":{\"name\":\"sum\",\"dataType\":\"number\"},\"position\":{\"x\":500,\"y\":150}}],\"connections\":[{\"id\":\"conn-1\",\"sourceNodeId\":\"input-1\",\"targetNodeId\":\"transform-plus\",\"sourcePort\":\"output\",\"targetPort\":\"input1\"},{\"id\":\"conn-2\",\"sourceNodeId\":\"input-2\",\"targetNodeId\":\"transform-plus\",\"sourcePort\":\"output\",\"targetPort\":\"input2\"},{\"id\":\"conn-3\",\"sourceNodeId\":\"transform-plus\",\"targetNodeId\":\"return-result\",\"sourcePort\":\"output\",\"targetPort\":\"input\"}],\"validation\":{\"isValid\":true,\"errors\":[]}}"}
{"level":"info","message":"nodes: [{\"id\":\"input-1\",\"type\":\"input\",\"config\":{\"name\":\"firstNumber\",\"dataType\":\"number\",\"required\":true},\"position\":{\"x\":100,\"y\":100}},{\"id\":\"input-2\",\"type\":\"input\",\"config\":{\"name\":\"secondNumber\",\"dataType\":\"number\",\"required\":true},\"position\":{\"x\":100,\"y\":200}},{\"id\":\"transform-plus\",\"type\":\"transform\",\"config\":{\"operation\":\"math\",\"method\":\"add\"},\"position\":{\"x\":300,\"y\":150}},{\"id\":\"return-result\",\"type\":\"return\",\"config\":{\"name\":\"sum\",\"dataType\":\"number\"},\"position\":{\"x\":500,\"y\":150}}]"}
{"level":"info","message":"node: {\"id\":\"input-1\",\"type\":\"input\",\"config\":{\"name\":\"firstNumber\",\"dataType\":\"number\",\"required\":true},\"position\":{\"x\":100,\"y\":100}}"}
{"level":"info","message":"[collectNodeInputs][0]: input-1, [{\"id\":\"conn-1\",\"sourceNodeId\":\"input-1\",\"targetNodeId\":\"transform-plus\",\"sourcePort\":\"output\",\"targetPort\":\"input1\"},{\"id\":\"conn-2\",\"sourceNodeId\":\"input-2\",\"targetNodeId\":\"transform-plus\",\"sourcePort\":\"output\",\"targetPort\":\"input2\"},{\"id\":\"conn-3\",\"sourceNodeId\":\"transform-plus\",\"targetNodeId\":\"return-result\",\"sourcePort\":\"output\",\"targetPort\":\"input\"}]"}
{"level":"info","message":"[collectNodeInputs][2]: {}"}
{"level":"info","message":"nodeInputs: {}"}
{"level":"info","message":"node: {\"id\":\"input-2\",\"type\":\"input\",\"config\":{\"name\":\"secondNumber\",\"dataType\":\"number\",\"required\":true},\"position\":{\"x\":100,\"y\":200}}"}
{"level":"info","message":"[collectNodeInputs][0]: input-2, [{\"id\":\"conn-1\",\"sourceNodeId\":\"input-1\",\"targetNodeId\":\"transform-plus\",\"sourcePort\":\"output\",\"targetPort\":\"input1\"},{\"id\":\"conn-2\",\"sourceNodeId\":\"input-2\",\"targetNodeId\":\"transform-plus\",\"sourcePort\":\"output\",\"targetPort\":\"input2\"},{\"id\":\"conn-3\",\"sourceNodeId\":\"transform-plus\",\"targetNodeId\":\"return-result\",\"sourcePort\":\"output\",\"targetPort\":\"input\"}]"}
{"level":"info","message":"[collectNodeInputs][2]: {}"}
{"level":"info","message":"nodeInputs: {}"}
{"level":"info","message":"node: {\"id\":\"transform-plus\",\"type\":\"transform\",\"config\":{\"operation\":\"math\",\"method\":\"add\"},\"position\":{\"x\":300,\"y\":150}}"}
{"level":"info","message":"[collectNodeInputs][0]: transform-plus, [{\"id\":\"conn-1\",\"sourceNodeId\":\"input-1\",\"targetNodeId\":\"transform-plus\",\"sourcePort\":\"output\",\"targetPort\":\"input1\"},{\"id\":\"conn-2\",\"sourceNodeId\":\"input-2\",\"targetNodeId\":\"transform-plus\",\"sourcePort\":\"output\",\"targetPort\":\"input2\"},{\"id\":\"conn-3\",\"sourceNodeId\":\"transform-plus\",\"targetNodeId\":\"return-result\",\"sourcePort\":\"output\",\"targetPort\":\"input\"}]"}
{"level":"info","message":"[collectNodeInputs][1] conn.targetPort: input1"}
{"level":"info","message":"[collectNodeInputs][1] conn.targetPort: input2"}
{"level":"info","message":"[collectNodeInputs][2]: {\"input1\":\"transform-plus\",\"input2\":\"transform-plus\"}"}
{"level":"info","message":"nodeInputs: {\"input1\":\"transform-plus\",\"input2\":\"transform-plus\"}"}
{"level":"info","message":"node: {\"id\":\"return-result\",\"type\":\"return\",\"config\":{\"name\":\"sum\",\"dataType\":\"number\"},\"position\":{\"x\":500,\"y\":150}}"}
{"level":"info","message":"[collectNodeInputs][0]: return-result, [{\"id\":\"conn-1\",\"sourceNodeId\":\"input-1\",\"targetNodeId\":\"transform-plus\",\"sourcePort\":\"output\",\"targetPort\":\"input1\"},{\"id\":\"conn-2\",\"sourceNodeId\":\"input-2\",\"targetNodeId\":\"transform-plus\",\"sourcePort\":\"output\",\"targetPort\":\"input2\"},{\"id\":\"conn-3\",\"sourceNodeId\":\"transform-plus\",\"targetNodeId\":\"return-result\",\"sourcePort\":\"output\",\"targetPort\":\"input\"}]"}
{"level":"info","message":"[collectNodeInputs][1] conn.targetPort: input"}
{"level":"info","message":"[collectNodeInputs][2]: {\"input\":\"return-result\"}"}
{"level":"info","message":"nodeInputs: {\"input\":\"return-result\"}"}
{"level":"error","message":"Error executing node input-1: Required input \"firstNumber\" not provided"}
{"level":"error","message":"Error executing node input-2: Required input \"secondNumber\" not provided"}
{"level":"info","message":"Node transform-plus executed successfully."}
{"level":"info","message":"[InputNode][execute][0] inputs: {}"}
{"level":"info","message":"[InputNode][execute][0] config: {\"name\":\"firstNumber\",\"dataType\":\"number\",\"required\":true}"}
{"level":"info","message":"[InputNode][execute] inputName: firstNumber"}
{"level":"info","message":"[InputNode][execute][0] inputs: {}"}
{"level":"info","message":"[InputNode][execute][0] config: {\"name\":\"secondNumber\",\"dataType\":\"number\",\"required\":true}"}
{"level":"info","message":"[InputNode][execute] inputName: secondNumber"}
{"level":"info","message":"pipeline: {\"id\":\"math-pipeline-001\",\"projectId\":\"math-test-project-001\",\"name\":\"summ(a, b) Pipeline\",\"description\":\"Pipeline for adding two numbers\",\"templateId\":\"simple-math-template-001\",\"mode\":\"accumulator\",\"status\":\"active\",\"created\":\"2024-03-20T10:00:00Z\",\"updated\":\"2024-03-20T10:00:00Z\",\"settings\":{\"timeout\":60,\"retryPolicy\":{\"attempts\":3,\"delay\":5}},\"trigger\":{\"type\":\"manual\",\"config\":{\"inputValidation\":true}},\"executions\":[]}"}
{"level":"info","message":"[InputNode][constructor] id: input-1, type: ,input, config:, {\"name\":\"firstNumber\",\"dataType\":\"number\",\"required\":true}"}
{"level":"info","message":"[InputNode][constructor] id: input-2, type: ,input, config:, {\"name\":\"secondNumber\",\"dataType\":\"number\",\"required\":true}"}
{"level":"info","message":"Executing pipeline: summ(a, b) Pipeline"}
{"level":"info","message":"executionLog: {\"pipelineId\":\"math-pipeline-001\",\"timestamp\":\"2025-02-05T20:42:59.244Z\",\"status\":\"running\"}"}
{"level":"info","message":"template: {\"id\":\"simple-math-template-001\",\"name\":\"Simple Addition Template\",\"description\":\"Template for adding two numbers\",\"version\":\"1.0.0\",\"nodes\":[{\"id\":\"input-1\",\"type\":\"input\",\"config\":{\"name\":\"firstNumber\",\"dataType\":\"number\",\"required\":true},\"position\":{\"x\":100,\"y\":100}},{\"id\":\"input-2\",\"type\":\"input\",\"config\":{\"name\":\"secondNumber\",\"dataType\":\"number\",\"required\":true},\"position\":{\"x\":100,\"y\":200}},{\"id\":\"transform-plus\",\"type\":\"transform\",\"config\":{\"operation\":\"math\",\"method\":\"add\"},\"position\":{\"x\":300,\"y\":150}},{\"id\":\"return-result\",\"type\":\"return\",\"config\":{\"name\":\"sum\",\"dataType\":\"number\"},\"position\":{\"x\":500,\"y\":150}}],\"connections\":[{\"id\":\"conn-1\",\"sourceNodeId\":\"input-1\",\"targetNodeId\":\"transform-plus\",\"sourcePort\":\"output\",\"targetPort\":\"input1\"},{\"id\":\"conn-2\",\"sourceNodeId\":\"input-2\",\"targetNodeId\":\"transform-plus\",\"sourcePort\":\"output\",\"targetPort\":\"input2\"},{\"id\":\"conn-3\",\"sourceNodeId\":\"transform-plus\",\"targetNodeId\":\"return-result\",\"sourcePort\":\"output\",\"targetPort\":\"input\"}],\"validation\":{\"isValid\":true,\"errors\":[]}}"}
{"level":"info","message":"nodes: [{\"id\":\"input-1\",\"type\":\"input\",\"config\":{\"name\":\"firstNumber\",\"dataType\":\"number\",\"required\":true},\"position\":{\"x\":100,\"y\":100}},{\"id\":\"input-2\",\"type\":\"input\",\"config\":{\"name\":\"secondNumber\",\"dataType\":\"number\",\"required\":true},\"position\":{\"x\":100,\"y\":200}},{\"id\":\"transform-plus\",\"type\":\"transform\",\"config\":{\"operation\":\"math\",\"method\":\"add\"},\"position\":{\"x\":300,\"y\":150}},{\"id\":\"return-result\",\"type\":\"return\",\"config\":{\"name\":\"sum\",\"dataType\":\"number\"},\"position\":{\"x\":500,\"y\":150}}]"}
{"level":"info","message":"node: {\"id\":\"input-1\",\"type\":\"input\",\"config\":{\"name\":\"firstNumber\",\"dataType\":\"number\",\"required\":true},\"position\":{\"x\":100,\"y\":100}}"}
{"level":"info","message":"[collectNodeInputs][0]: input-1, [{\"id\":\"conn-1\",\"sourceNodeId\":\"input-1\",\"targetNodeId\":\"transform-plus\",\"sourcePort\":\"output\",\"targetPort\":\"input1\"},{\"id\":\"conn-2\",\"sourceNodeId\":\"input-2\",\"targetNodeId\":\"transform-plus\",\"sourcePort\":\"output\",\"targetPort\":\"input2\"},{\"id\":\"conn-3\",\"sourceNodeId\":\"transform-plus\",\"targetNodeId\":\"return-result\",\"sourcePort\":\"output\",\"targetPort\":\"input\"}]"}
{"level":"info","message":"[collectNodeInputs][2]: {}"}
{"level":"info","message":"nodeInputs: {}"}
{"level":"info","message":"node: {\"id\":\"input-2\",\"type\":\"input\",\"config\":{\"name\":\"secondNumber\",\"dataType\":\"number\",\"required\":true},\"position\":{\"x\":100,\"y\":200}}"}
{"level":"info","message":"[collectNodeInputs][0]: input-2, [{\"id\":\"conn-1\",\"sourceNodeId\":\"input-1\",\"targetNodeId\":\"transform-plus\",\"sourcePort\":\"output\",\"targetPort\":\"input1\"},{\"id\":\"conn-2\",\"sourceNodeId\":\"input-2\",\"targetNodeId\":\"transform-plus\",\"sourcePort\":\"output\",\"targetPort\":\"input2\"},{\"id\":\"conn-3\",\"sourceNodeId\":\"transform-plus\",\"targetNodeId\":\"return-result\",\"sourcePort\":\"output\",\"targetPort\":\"input\"}]"}
{"level":"info","message":"[collectNodeInputs][2]: {}"}
{"level":"info","message":"nodeInputs: {}"}
{"level":"info","message":"node: {\"id\":\"transform-plus\",\"type\":\"transform\",\"config\":{\"operation\":\"math\",\"method\":\"add\"},\"position\":{\"x\":300,\"y\":150}}"}
{"level":"info","message":"[collectNodeInputs][0]: transform-plus, [{\"id\":\"conn-1\",\"sourceNodeId\":\"input-1\",\"targetNodeId\":\"transform-plus\",\"sourcePort\":\"output\",\"targetPort\":\"input1\"},{\"id\":\"conn-2\",\"sourceNodeId\":\"input-2\",\"targetNodeId\":\"transform-plus\",\"sourcePort\":\"output\",\"targetPort\":\"input2\"},{\"id\":\"conn-3\",\"sourceNodeId\":\"transform-plus\",\"targetNodeId\":\"return-result\",\"sourcePort\":\"output\",\"targetPort\":\"input\"}]"}
{"level":"info","message":"[collectNodeInputs][1] conn.targetPort: input1"}
{"level":"info","message":"[collectNodeInputs][1] conn.targetPort: input2"}
{"level":"info","message":"[collectNodeInputs][2]: {\"input1\":\"transform-plus\",\"input2\":\"transform-plus\"}"}
{"level":"info","message":"nodeInputs: {\"input1\":\"transform-plus\",\"input2\":\"transform-plus\"}"}
{"level":"info","message":"node: {\"id\":\"return-result\",\"type\":\"return\",\"config\":{\"name\":\"sum\",\"dataType\":\"number\"},\"position\":{\"x\":500,\"y\":150}}"}
{"level":"info","message":"[collectNodeInputs][0]: return-result, [{\"id\":\"conn-1\",\"sourceNodeId\":\"input-1\",\"targetNodeId\":\"transform-plus\",\"sourcePort\":\"output\",\"targetPort\":\"input1\"},{\"id\":\"conn-2\",\"sourceNodeId\":\"input-2\",\"targetNodeId\":\"transform-plus\",\"sourcePort\":\"output\",\"targetPort\":\"input2\"},{\"id\":\"conn-3\",\"sourceNodeId\":\"transform-plus\",\"targetNodeId\":\"return-result\",\"sourcePort\":\"output\",\"targetPort\":\"input\"}]"}
{"level":"info","message":"[collectNodeInputs][1] conn.targetPort: input"}
{"level":"info","message":"[collectNodeInputs][2]: {\"input\":\"return-result\"}"}
{"level":"info","message":"nodeInputs: {\"input\":\"return-result\"}"}
{"level":"error","message":"Error executing node input-1: Required input \"firstNumber\" not provided"}
{"level":"error","message":"Error executing node input-2: Required input \"secondNumber\" not provided"}
{"level":"info","message":"Node transform-plus executed successfully."}
{"level":"info","message":"[InputNode][execute][0] inputs: {}"}
{"level":"info","message":"[InputNode][execute][0] config: {\"name\":\"firstNumber\",\"dataType\":\"number\",\"required\":true}"}
{"level":"info","message":"[InputNode][execute][1] inputName: firstNumber"}
{"level":"info","message":"[InputNode][execute][0] inputs: {}"}
{"level":"info","message":"[InputNode][execute][0] config: {\"name\":\"secondNumber\",\"dataType\":\"number\",\"required\":true}"}
{"level":"info","message":"[InputNode][execute][1] inputName: secondNumber"}
{"level":"info","message":"pipeline: {\"id\":\"math-pipeline-001\",\"projectId\":\"math-test-project-001\",\"name\":\"summ(a, b) Pipeline\",\"description\":\"Pipeline for adding two numbers\",\"templateId\":\"simple-math-template-001\",\"mode\":\"accumulator\",\"status\":\"active\",\"created\":\"2024-03-20T10:00:00Z\",\"updated\":\"2024-03-20T10:00:00Z\",\"settings\":{\"timeout\":60,\"retryPolicy\":{\"attempts\":3,\"delay\":5}},\"trigger\":{\"type\":\"manual\",\"config\":{\"inputValidation\":true}},\"executions\":[]}"}
{"level":"info","message":"[InputNode][constructor] id: input-1, type: ,input, config:, {\"name\":\"firstNumber\",\"dataType\":\"number\",\"required\":true}"}
{"level":"info","message":"[InputNode][constructor] id: input-2, type: ,input, config:, {\"name\":\"secondNumber\",\"dataType\":\"number\",\"required\":true}"}
{"level":"info","message":"Executing pipeline: summ(a, b) Pipeline"}
{"level":"info","message":"executionLog: {\"pipelineId\":\"math-pipeline-001\",\"timestamp\":\"2025-02-05T20:43:16.612Z\",\"status\":\"running\"}"}
{"level":"info","message":"template: {\"id\":\"simple-math-template-001\",\"name\":\"Simple Addition Template\",\"description\":\"Template for adding two numbers\",\"version\":\"1.0.0\",\"nodes\":[{\"id\":\"input-1\",\"type\":\"input\",\"config\":{\"name\":\"firstNumber\",\"dataType\":\"number\",\"required\":true},\"position\":{\"x\":100,\"y\":100}},{\"id\":\"input-2\",\"type\":\"input\",\"config\":{\"name\":\"secondNumber\",\"dataType\":\"number\",\"required\":true},\"position\":{\"x\":100,\"y\":200}},{\"id\":\"transform-plus\",\"type\":\"transform\",\"config\":{\"operation\":\"math\",\"method\":\"add\"},\"position\":{\"x\":300,\"y\":150}},{\"id\":\"return-result\",\"type\":\"return\",\"config\":{\"name\":\"sum\",\"dataType\":\"number\"},\"position\":{\"x\":500,\"y\":150}}],\"connections\":[{\"id\":\"conn-1\",\"sourceNodeId\":\"input-1\",\"targetNodeId\":\"transform-plus\",\"sourcePort\":\"output\",\"targetPort\":\"input1\"},{\"id\":\"conn-2\",\"sourceNodeId\":\"input-2\",\"targetNodeId\":\"transform-plus\",\"sourcePort\":\"output\",\"targetPort\":\"input2\"},{\"id\":\"conn-3\",\"sourceNodeId\":\"transform-plus\",\"targetNodeId\":\"return-result\",\"sourcePort\":\"output\",\"targetPort\":\"input\"}],\"validation\":{\"isValid\":true,\"errors\":[]}}"}
{"level":"info","message":"nodes: [{\"id\":\"input-1\",\"type\":\"input\",\"config\":{\"name\":\"firstNumber\",\"dataType\":\"number\",\"required\":true},\"position\":{\"x\":100,\"y\":100}},{\"id\":\"input-2\",\"type\":\"input\",\"config\":{\"name\":\"secondNumber\",\"dataType\":\"number\",\"required\":true},\"position\":{\"x\":100,\"y\":200}},{\"id\":\"transform-plus\",\"type\":\"transform\",\"config\":{\"operation\":\"math\",\"method\":\"add\"},\"position\":{\"x\":300,\"y\":150}},{\"id\":\"return-result\",\"type\":\"return\",\"config\":{\"name\":\"sum\",\"dataType\":\"number\"},\"position\":{\"x\":500,\"y\":150}}]"}
{"level":"info","message":"node: {\"id\":\"input-1\",\"type\":\"input\",\"config\":{\"name\":\"firstNumber\",\"dataType\":\"number\",\"required\":true},\"position\":{\"x\":100,\"y\":100}}"}
{"level":"info","message":"[collectNodeInputs][0]: input-1, [{\"id\":\"conn-1\",\"sourceNodeId\":\"input-1\",\"targetNodeId\":\"transform-plus\",\"sourcePort\":\"output\",\"targetPort\":\"input1\"},{\"id\":\"conn-2\",\"sourceNodeId\":\"input-2\",\"targetNodeId\":\"transform-plus\",\"sourcePort\":\"output\",\"targetPort\":\"input2\"},{\"id\":\"conn-3\",\"sourceNodeId\":\"transform-plus\",\"targetNodeId\":\"return-result\",\"sourcePort\":\"output\",\"targetPort\":\"input\"}]"}
{"level":"info","message":"[collectNodeInputs][2]: {}"}
{"level":"info","message":"nodeInputs: {}"}
{"level":"info","message":"node: {\"id\":\"input-2\",\"type\":\"input\",\"config\":{\"name\":\"secondNumber\",\"dataType\":\"number\",\"required\":true},\"position\":{\"x\":100,\"y\":200}}"}
{"level":"info","message":"[collectNodeInputs][0]: input-2, [{\"id\":\"conn-1\",\"sourceNodeId\":\"input-1\",\"targetNodeId\":\"transform-plus\",\"sourcePort\":\"output\",\"targetPort\":\"input1\"},{\"id\":\"conn-2\",\"sourceNodeId\":\"input-2\",\"targetNodeId\":\"transform-plus\",\"sourcePort\":\"output\",\"targetPort\":\"input2\"},{\"id\":\"conn-3\",\"sourceNodeId\":\"transform-plus\",\"targetNodeId\":\"return-result\",\"sourcePort\":\"output\",\"targetPort\":\"input\"}]"}
{"level":"info","message":"[collectNodeInputs][2]: {}"}
{"level":"info","message":"nodeInputs: {}"}
{"level":"info","message":"node: {\"id\":\"transform-plus\",\"type\":\"transform\",\"config\":{\"operation\":\"math\",\"method\":\"add\"},\"position\":{\"x\":300,\"y\":150}}"}
{"level":"info","message":"[collectNodeInputs][0]: transform-plus, [{\"id\":\"conn-1\",\"sourceNodeId\":\"input-1\",\"targetNodeId\":\"transform-plus\",\"sourcePort\":\"output\",\"targetPort\":\"input1\"},{\"id\":\"conn-2\",\"sourceNodeId\":\"input-2\",\"targetNodeId\":\"transform-plus\",\"sourcePort\":\"output\",\"targetPort\":\"input2\"},{\"id\":\"conn-3\",\"sourceNodeId\":\"transform-plus\",\"targetNodeId\":\"return-result\",\"sourcePort\":\"output\",\"targetPort\":\"input\"}]"}
{"level":"info","message":"[collectNodeInputs][1] conn.targetPort: input1"}
{"level":"info","message":"[collectNodeInputs][1] conn.targetPort: input2"}
{"level":"info","message":"[collectNodeInputs][2]: {\"input1\":\"transform-plus\",\"input2\":\"transform-plus\"}"}
{"level":"info","message":"nodeInputs: {\"input1\":\"transform-plus\",\"input2\":\"transform-plus\"}"}
{"level":"info","message":"node: {\"id\":\"return-result\",\"type\":\"return\",\"config\":{\"name\":\"sum\",\"dataType\":\"number\"},\"position\":{\"x\":500,\"y\":150}}"}
{"level":"info","message":"[collectNodeInputs][0]: return-result, [{\"id\":\"conn-1\",\"sourceNodeId\":\"input-1\",\"targetNodeId\":\"transform-plus\",\"sourcePort\":\"output\",\"targetPort\":\"input1\"},{\"id\":\"conn-2\",\"sourceNodeId\":\"input-2\",\"targetNodeId\":\"transform-plus\",\"sourcePort\":\"output\",\"targetPort\":\"input2\"},{\"id\":\"conn-3\",\"sourceNodeId\":\"transform-plus\",\"targetNodeId\":\"return-result\",\"sourcePort\":\"output\",\"targetPort\":\"input\"}]"}
{"level":"info","message":"[collectNodeInputs][1] conn.targetPort: input"}
{"level":"info","message":"[collectNodeInputs][2]: {\"input\":\"return-result\"}"}
{"level":"info","message":"nodeInputs: {\"input\":\"return-result\"}"}
{"level":"error","message":"Error executing node input-1: Required input \"firstNumber\" not provided"}
{"level":"error","message":"Error executing node input-2: Required input \"secondNumber\" not provided"}
{"level":"info","message":"Node transform-plus executed successfully."}
{"level":"info","message":"[InputNode][execute][0] inputs: {}"}
{"level":"info","message":"[InputNode][execute][0] config: {\"name\":\"firstNumber\",\"dataType\":\"number\",\"required\":true}"}
{"level":"info","message":"[InputNode][execute][1] inputName: firstNumber"}
{"level":"info","message":"[InputNode][execute][0] inputs: {}"}
{"level":"info","message":"[InputNode][execute][0] config: {\"name\":\"secondNumber\",\"dataType\":\"number\",\"required\":true}"}
{"level":"info","message":"[InputNode][execute][1] inputName: secondNumber"}
{"level":"info","message":"pipeline: {\"id\":\"math-pipeline-001\",\"projectId\":\"math-test-project-001\",\"name\":\"summ(a, b) Pipeline\",\"description\":\"Pipeline for adding two numbers\",\"templateId\":\"simple-math-template-001\",\"mode\":\"accumulator\",\"status\":\"active\",\"created\":\"2024-03-20T10:00:00Z\",\"updated\":\"2024-03-20T10:00:00Z\",\"settings\":{\"timeout\":60,\"retryPolicy\":{\"attempts\":3,\"delay\":5}},\"trigger\":{\"type\":\"manual\",\"config\":{\"inputValidation\":true}},\"executions\":[]}"}
{"level":"info","message":"[InputNode][constructor] id: input-1, type: ,input, config:, {\"name\":\"firstNumber\",\"dataType\":\"number\",\"required\":true}"}
{"level":"info","message":"[InputNode][constructor] id: input-2, type: ,input, config:, {\"name\":\"secondNumber\",\"dataType\":\"number\",\"required\":true}"}
{"level":"info","message":"Executing pipeline: summ(a, b) Pipeline"}
{"level":"info","message":"executionLog: {\"pipelineId\":\"math-pipeline-001\",\"timestamp\":\"2025-02-05T20:46:21.544Z\",\"status\":\"running\"}"}
{"level":"info","message":"template: {\"id\":\"simple-math-template-001\",\"name\":\"Simple Addition Template\",\"description\":\"Template for adding two numbers\",\"version\":\"1.0.0\",\"nodes\":[{\"id\":\"input-1\",\"type\":\"input\",\"config\":{\"name\":\"firstNumber\",\"dataType\":\"number\",\"required\":true},\"position\":{\"x\":100,\"y\":100}},{\"id\":\"input-2\",\"type\":\"input\",\"config\":{\"name\":\"secondNumber\",\"dataType\":\"number\",\"required\":true},\"position\":{\"x\":100,\"y\":200}},{\"id\":\"transform-plus\",\"type\":\"transform\",\"config\":{\"operation\":\"math\",\"method\":\"add\"},\"position\":{\"x\":300,\"y\":150}},{\"id\":\"return-result\",\"type\":\"return\",\"config\":{\"name\":\"sum\",\"dataType\":\"number\"},\"position\":{\"x\":500,\"y\":150}}],\"connections\":[{\"id\":\"conn-1\",\"sourceNodeId\":\"input-1\",\"targetNodeId\":\"transform-plus\",\"sourcePort\":\"output\",\"targetPort\":\"input1\"},{\"id\":\"conn-2\",\"sourceNodeId\":\"input-2\",\"targetNodeId\":\"transform-plus\",\"sourcePort\":\"output\",\"targetPort\":\"input2\"},{\"id\":\"conn-3\",\"sourceNodeId\":\"transform-plus\",\"targetNodeId\":\"return-result\",\"sourcePort\":\"output\",\"targetPort\":\"input\"}],\"validation\":{\"isValid\":true,\"errors\":[]}}"}
{"level":"info","message":"nodes: [{\"id\":\"input-1\",\"type\":\"input\",\"config\":{\"name\":\"firstNumber\",\"dataType\":\"number\",\"required\":true},\"position\":{\"x\":100,\"y\":100}},{\"id\":\"input-2\",\"type\":\"input\",\"config\":{\"name\":\"secondNumber\",\"dataType\":\"number\",\"required\":true},\"position\":{\"x\":100,\"y\":200}},{\"id\":\"transform-plus\",\"type\":\"transform\",\"config\":{\"operation\":\"math\",\"method\":\"add\"},\"position\":{\"x\":300,\"y\":150}},{\"id\":\"return-result\",\"type\":\"return\",\"config\":{\"name\":\"sum\",\"dataType\":\"number\"},\"position\":{\"x\":500,\"y\":150}}]"}
{"level":"info","message":"node: {\"id\":\"input-1\",\"type\":\"input\",\"config\":{\"name\":\"firstNumber\",\"dataType\":\"number\",\"required\":true},\"position\":{\"x\":100,\"y\":100}}"}
{"level":"info","message":"[collectNodeInputs][0]: input-1, [{\"id\":\"conn-1\",\"sourceNodeId\":\"input-1\",\"targetNodeId\":\"transform-plus\",\"sourcePort\":\"output\",\"targetPort\":\"input1\"},{\"id\":\"conn-2\",\"sourceNodeId\":\"input-2\",\"targetNodeId\":\"transform-plus\",\"sourcePort\":\"output\",\"targetPort\":\"input2\"},{\"id\":\"conn-3\",\"sourceNodeId\":\"transform-plus\",\"targetNodeId\":\"return-result\",\"sourcePort\":\"output\",\"targetPort\":\"input\"}]"}
{"level":"info","message":"[collectNodeInputs][2]: {}"}
{"level":"info","message":"nodeInputs: {}"}
{"level":"info","message":"node: {\"id\":\"input-2\",\"type\":\"input\",\"config\":{\"name\":\"secondNumber\",\"dataType\":\"number\",\"required\":true},\"position\":{\"x\":100,\"y\":200}}"}
{"level":"info","message":"[collectNodeInputs][0]: input-2, [{\"id\":\"conn-1\",\"sourceNodeId\":\"input-1\",\"targetNodeId\":\"transform-plus\",\"sourcePort\":\"output\",\"targetPort\":\"input1\"},{\"id\":\"conn-2\",\"sourceNodeId\":\"input-2\",\"targetNodeId\":\"transform-plus\",\"sourcePort\":\"output\",\"targetPort\":\"input2\"},{\"id\":\"conn-3\",\"sourceNodeId\":\"transform-plus\",\"targetNodeId\":\"return-result\",\"sourcePort\":\"output\",\"targetPort\":\"input\"}]"}
{"level":"info","message":"[collectNodeInputs][2]: {}"}
{"level":"info","message":"nodeInputs: {}"}
{"level":"info","message":"node: {\"id\":\"transform-plus\",\"type\":\"transform\",\"config\":{\"operation\":\"math\",\"method\":\"add\"},\"position\":{\"x\":300,\"y\":150}}"}
{"level":"info","message":"[collectNodeInputs][0]: transform-plus, [{\"id\":\"conn-1\",\"sourceNodeId\":\"input-1\",\"targetNodeId\":\"transform-plus\",\"sourcePort\":\"output\",\"targetPort\":\"input1\"},{\"id\":\"conn-2\",\"sourceNodeId\":\"input-2\",\"targetNodeId\":\"transform-plus\",\"sourcePort\":\"output\",\"targetPort\":\"input2\"},{\"id\":\"conn-3\",\"sourceNodeId\":\"transform-plus\",\"targetNodeId\":\"return-result\",\"sourcePort\":\"output\",\"targetPort\":\"input\"}]"}
{"level":"info","message":"[collectNodeInputs][1] conn.targetPort: input1"}
{"level":"info","message":"[collectNodeInputs][1] conn.targetPort: input2"}
{"level":"info","message":"[collectNodeInputs][2]: {\"input1\":\"transform-plus\",\"input2\":\"transform-plus\"}"}
{"level":"info","message":"nodeInputs: {\"input1\":\"transform-plus\",\"input2\":\"transform-plus\"}"}
{"level":"info","message":"node: {\"id\":\"return-result\",\"type\":\"return\",\"config\":{\"name\":\"sum\",\"dataType\":\"number\"},\"position\":{\"x\":500,\"y\":150}}"}
{"level":"info","message":"[collectNodeInputs][0]: return-result, [{\"id\":\"conn-1\",\"sourceNodeId\":\"input-1\",\"targetNodeId\":\"transform-plus\",\"sourcePort\":\"output\",\"targetPort\":\"input1\"},{\"id\":\"conn-2\",\"sourceNodeId\":\"input-2\",\"targetNodeId\":\"transform-plus\",\"sourcePort\":\"output\",\"targetPort\":\"input2\"},{\"id\":\"conn-3\",\"sourceNodeId\":\"transform-plus\",\"targetNodeId\":\"return-result\",\"sourcePort\":\"output\",\"targetPort\":\"input\"}]"}
{"level":"info","message":"[collectNodeInputs][1] conn.targetPort: input"}
{"level":"info","message":"[collectNodeInputs][2]: {\"input\":\"return-result\"}"}
{"level":"info","message":"nodeInputs: {\"input\":\"return-result\"}"}
{"level":"error","message":"Error executing node input-1: Required input \"firstNumber\" not provided"}
{"level":"error","message":"Error executing node input-2: Required input \"secondNumber\" not provided"}
{"level":"info","message":"Node transform-plus executed successfully."}
{"level":"info","message":"[InputNode][execute][0] inputs: {}"}
{"level":"info","message":"[InputNode][execute][0] config: {\"name\":\"firstNumber\",\"dataType\":\"number\",\"required\":true}"}
{"level":"info","message":"[InputNode][execute][1] inputName: firstNumber"}
{"level":"info","message":"[InputNode][execute][0] inputs: {}"}
{"level":"info","message":"[InputNode][execute][0] config: {\"name\":\"secondNumber\",\"dataType\":\"number\",\"required\":true}"}
{"level":"info","message":"[InputNode][execute][1] inputName: secondNumber"}
{"level":"info","message":"pipeline: {\"id\":\"math-pipeline-001\",\"projectId\":\"math-test-project-001\",\"name\":\"summ(a, b) Pipeline\",\"description\":\"Pipeline for adding two numbers\",\"templateId\":\"simple-math-template-001\",\"mode\":\"accumulator\",\"status\":\"active\",\"created\":\"2024-03-20T10:00:00Z\",\"updated\":\"2024-03-20T10:00:00Z\",\"settings\":{\"timeout\":60,\"retryPolicy\":{\"attempts\":3,\"delay\":5}},\"trigger\":{\"type\":\"manual\",\"config\":{\"inputValidation\":true}},\"executions\":[]}"}
{"level":"info","message":"[InputNode][constructor] id: input-1, type: ,input, config:, {\"name\":\"firstNumber\",\"dataType\":\"number\",\"required\":true}"}
{"level":"info","message":"[InputNode][constructor] id: input-2, type: ,input, config:, {\"name\":\"secondNumber\",\"dataType\":\"number\",\"required\":true}"}
{"level":"info","message":"Executing pipeline: summ(a, b) Pipeline"}
{"level":"info","message":"executionLog: {\"pipelineId\":\"math-pipeline-001\",\"timestamp\":\"2025-02-05T20:46:28.048Z\",\"status\":\"running\"}"}
{"level":"info","message":"template: {\"id\":\"simple-math-template-001\",\"name\":\"Simple Addition Template\",\"description\":\"Template for adding two numbers\",\"version\":\"1.0.0\",\"nodes\":[{\"id\":\"input-1\",\"type\":\"input\",\"config\":{\"name\":\"firstNumber\",\"dataType\":\"number\",\"required\":true},\"position\":{\"x\":100,\"y\":100}},{\"id\":\"input-2\",\"type\":\"input\",\"config\":{\"name\":\"secondNumber\",\"dataType\":\"number\",\"required\":true},\"position\":{\"x\":100,\"y\":200}},{\"id\":\"transform-plus\",\"type\":\"transform\",\"config\":{\"operation\":\"math\",\"method\":\"add\"},\"position\":{\"x\":300,\"y\":150}},{\"id\":\"return-result\",\"type\":\"return\",\"config\":{\"name\":\"sum\",\"dataType\":\"number\"},\"position\":{\"x\":500,\"y\":150}}],\"connections\":[{\"id\":\"conn-1\",\"sourceNodeId\":\"input-1\",\"targetNodeId\":\"transform-plus\",\"sourcePort\":\"output\",\"targetPort\":\"input1\"},{\"id\":\"conn-2\",\"sourceNodeId\":\"input-2\",\"targetNodeId\":\"transform-plus\",\"sourcePort\":\"output\",\"targetPort\":\"input2\"},{\"id\":\"conn-3\",\"sourceNodeId\":\"transform-plus\",\"targetNodeId\":\"return-result\",\"sourcePort\":\"output\",\"targetPort\":\"input\"}],\"validation\":{\"isValid\":true,\"errors\":[]}}"}
{"level":"info","message":"nodes: [{\"id\":\"input-1\",\"type\":\"input\",\"config\":{\"name\":\"firstNumber\",\"dataType\":\"number\",\"required\":true},\"position\":{\"x\":100,\"y\":100}},{\"id\":\"input-2\",\"type\":\"input\",\"config\":{\"name\":\"secondNumber\",\"dataType\":\"number\",\"required\":true},\"position\":{\"x\":100,\"y\":200}},{\"id\":\"transform-plus\",\"type\":\"transform\",\"config\":{\"operation\":\"math\",\"method\":\"add\"},\"position\":{\"x\":300,\"y\":150}},{\"id\":\"return-result\",\"type\":\"return\",\"config\":{\"name\":\"sum\",\"dataType\":\"number\"},\"position\":{\"x\":500,\"y\":150}}]"}
{"level":"info","message":"node: {\"id\":\"input-1\",\"type\":\"input\",\"config\":{\"name\":\"firstNumber\",\"dataType\":\"number\",\"required\":true},\"position\":{\"x\":100,\"y\":100}}"}
{"level":"info","message":"[collectNodeInputs][0]: input-1, [{\"id\":\"conn-1\",\"sourceNodeId\":\"input-1\",\"targetNodeId\":\"transform-plus\",\"sourcePort\":\"output\",\"targetPort\":\"input1\"},{\"id\":\"conn-2\",\"sourceNodeId\":\"input-2\",\"targetNodeId\":\"transform-plus\",\"sourcePort\":\"output\",\"targetPort\":\"input2\"},{\"id\":\"conn-3\",\"sourceNodeId\":\"transform-plus\",\"targetNodeId\":\"return-result\",\"sourcePort\":\"output\",\"targetPort\":\"input\"}]"}
{"level":"info","message":"[collectNodeInputs][2]: {}"}
{"level":"info","message":"nodeInputs: {}"}
{"level":"info","message":"node: {\"id\":\"input-2\",\"type\":\"input\",\"config\":{\"name\":\"secondNumber\",\"dataType\":\"number\",\"required\":true},\"position\":{\"x\":100,\"y\":200}}"}
{"level":"info","message":"[collectNodeInputs][0]: input-2, [{\"id\":\"conn-1\",\"sourceNodeId\":\"input-1\",\"targetNodeId\":\"transform-plus\",\"sourcePort\":\"output\",\"targetPort\":\"input1\"},{\"id\":\"conn-2\",\"sourceNodeId\":\"input-2\",\"targetNodeId\":\"transform-plus\",\"sourcePort\":\"output\",\"targetPort\":\"input2\"},{\"id\":\"conn-3\",\"sourceNodeId\":\"transform-plus\",\"targetNodeId\":\"return-result\",\"sourcePort\":\"output\",\"targetPort\":\"input\"}]"}
{"level":"info","message":"[collectNodeInputs][2]: {}"}
{"level":"info","message":"nodeInputs: {}"}
{"level":"info","message":"node: {\"id\":\"transform-plus\",\"type\":\"transform\",\"config\":{\"operation\":\"math\",\"method\":\"add\"},\"position\":{\"x\":300,\"y\":150}}"}
{"level":"info","message":"[collectNodeInputs][0]: transform-plus, [{\"id\":\"conn-1\",\"sourceNodeId\":\"input-1\",\"targetNodeId\":\"transform-plus\",\"sourcePort\":\"output\",\"targetPort\":\"input1\"},{\"id\":\"conn-2\",\"sourceNodeId\":\"input-2\",\"targetNodeId\":\"transform-plus\",\"sourcePort\":\"output\",\"targetPort\":\"input2\"},{\"id\":\"conn-3\",\"sourceNodeId\":\"transform-plus\",\"targetNodeId\":\"return-result\",\"sourcePort\":\"output\",\"targetPort\":\"input\"}]"}
{"level":"info","message":"[collectNodeInputs][1] conn.targetPort: input1"}
{"level":"info","message":"[collectNodeInputs][1] conn.targetPort: input2"}
{"level":"info","message":"[collectNodeInputs][2]: {\"input1\":\"transform-plus\",\"input2\":\"transform-plus\"}"}
{"level":"info","message":"nodeInputs: {\"input1\":\"transform-plus\",\"input2\":\"transform-plus\"}"}
{"level":"info","message":"node: {\"id\":\"return-result\",\"type\":\"return\",\"config\":{\"name\":\"sum\",\"dataType\":\"number\"},\"position\":{\"x\":500,\"y\":150}}"}
{"level":"info","message":"[collectNodeInputs][0]: return-result, [{\"id\":\"conn-1\",\"sourceNodeId\":\"input-1\",\"targetNodeId\":\"transform-plus\",\"sourcePort\":\"output\",\"targetPort\":\"input1\"},{\"id\":\"conn-2\",\"sourceNodeId\":\"input-2\",\"targetNodeId\":\"transform-plus\",\"sourcePort\":\"output\",\"targetPort\":\"input2\"},{\"id\":\"conn-3\",\"sourceNodeId\":\"transform-plus\",\"targetNodeId\":\"return-result\",\"sourcePort\":\"output\",\"targetPort\":\"input\"}]"}
{"level":"info","message":"[collectNodeInputs][1] conn.targetPort: input"}
{"level":"info","message":"[collectNodeInputs][2]: {\"input\":\"return-result\"}"}
{"level":"info","message":"nodeInputs: {\"input\":\"return-result\"}"}
{"level":"error","message":"Error executing node input-1: Required input \"firstNumber\" not provided"}
{"level":"error","message":"Error executing node input-2: Required input \"secondNumber\" not provided"}
{"level":"info","message":"Node transform-plus executed successfully."}
{"level":"info","message":"[InputNode][execute][0] inputs: {}"}
{"level":"info","message":"[InputNode][execute][0] config: {\"name\":\"firstNumber\",\"dataType\":\"number\",\"required\":true}"}
{"level":"info","message":"[InputNode][execute][1] inputName: firstNumber"}
{"level":"info","message":"[InputNode][execute][0] inputs: {}"}
{"level":"info","message":"[InputNode][execute][0] config: {\"name\":\"secondNumber\",\"dataType\":\"number\",\"required\":true}"}
{"level":"info","message":"[InputNode][execute][1] inputName: secondNumber"}
{"level":"info","message":"pipeline: {\"id\":\"math-pipeline-001\",\"projectId\":\"math-test-project-001\",\"name\":\"summ(a, b) Pipeline\",\"description\":\"Pipeline for adding two numbers\",\"templateId\":\"simple-math-template-001\",\"mode\":\"accumulator\",\"status\":\"active\",\"created\":\"2024-03-20T10:00:00Z\",\"updated\":\"2024-03-20T10:00:00Z\",\"settings\":{\"timeout\":60,\"retryPolicy\":{\"attempts\":3,\"delay\":5}},\"trigger\":{\"type\":\"manual\",\"config\":{\"inputValidation\":true}},\"executions\":[]}"}
{"level":"info","message":"[InputNode][constructor] id: input-1, type: ,input, config:, {\"name\":\"firstNumber\",\"dataType\":\"number\",\"required\":true}"}
{"level":"info","message":"[InputNode][constructor] id: input-2, type: ,input, config:, {\"name\":\"secondNumber\",\"dataType\":\"number\",\"required\":true}"}
{"level":"info","message":"Executing pipeline: summ(a, b) Pipeline"}
{"level":"info","message":"executionLog: {\"pipelineId\":\"math-pipeline-001\",\"timestamp\":\"2025-02-05T20:46:34.025Z\",\"status\":\"running\"}"}
{"level":"info","message":"template: {\"id\":\"simple-math-template-001\",\"name\":\"Simple Addition Template\",\"description\":\"Template for adding two numbers\",\"version\":\"1.0.0\",\"nodes\":[{\"id\":\"input-1\",\"type\":\"input\",\"config\":{\"name\":\"firstNumber\",\"dataType\":\"number\",\"required\":true},\"position\":{\"x\":100,\"y\":100}},{\"id\":\"input-2\",\"type\":\"input\",\"config\":{\"name\":\"secondNumber\",\"dataType\":\"number\",\"required\":true},\"position\":{\"x\":100,\"y\":200}},{\"id\":\"transform-plus\",\"type\":\"transform\",\"config\":{\"operation\":\"math\",\"method\":\"add\"},\"position\":{\"x\":300,\"y\":150}},{\"id\":\"return-result\",\"type\":\"return\",\"config\":{\"name\":\"sum\",\"dataType\":\"number\"},\"position\":{\"x\":500,\"y\":150}}],\"connections\":[{\"id\":\"conn-1\",\"sourceNodeId\":\"input-1\",\"targetNodeId\":\"transform-plus\",\"sourcePort\":\"output\",\"targetPort\":\"input1\"},{\"id\":\"conn-2\",\"sourceNodeId\":\"input-2\",\"targetNodeId\":\"transform-plus\",\"sourcePort\":\"output\",\"targetPort\":\"input2\"},{\"id\":\"conn-3\",\"sourceNodeId\":\"transform-plus\",\"targetNodeId\":\"return-result\",\"sourcePort\":\"output\",\"targetPort\":\"input\"}],\"validation\":{\"isValid\":true,\"errors\":[]}}"}
{"level":"info","message":"nodes: [{\"id\":\"input-1\",\"type\":\"input\",\"config\":{\"name\":\"firstNumber\",\"dataType\":\"number\",\"required\":true},\"position\":{\"x\":100,\"y\":100}},{\"id\":\"input-2\",\"type\":\"input\",\"config\":{\"name\":\"secondNumber\",\"dataType\":\"number\",\"required\":true},\"position\":{\"x\":100,\"y\":200}},{\"id\":\"transform-plus\",\"type\":\"transform\",\"config\":{\"operation\":\"math\",\"method\":\"add\"},\"position\":{\"x\":300,\"y\":150}},{\"id\":\"return-result\",\"type\":\"return\",\"config\":{\"name\":\"sum\",\"dataType\":\"number\"},\"position\":{\"x\":500,\"y\":150}}]"}
{"level":"info","message":"node: {\"id\":\"input-1\",\"type\":\"input\",\"config\":{\"name\":\"firstNumber\",\"dataType\":\"number\",\"required\":true},\"position\":{\"x\":100,\"y\":100}}"}
{"level":"info","message":"[collectNodeInputs][0]: input-1, [{\"id\":\"conn-1\",\"sourceNodeId\":\"input-1\",\"targetNodeId\":\"transform-plus\",\"sourcePort\":\"output\",\"targetPort\":\"input1\"},{\"id\":\"conn-2\",\"sourceNodeId\":\"input-2\",\"targetNodeId\":\"transform-plus\",\"sourcePort\":\"output\",\"targetPort\":\"input2\"},{\"id\":\"conn-3\",\"sourceNodeId\":\"transform-plus\",\"targetNodeId\":\"return-result\",\"sourcePort\":\"output\",\"targetPort\":\"input\"}]"}
{"level":"info","message":"[collectNodeInputs][2]: {}"}
{"level":"info","message":"nodeInputs: {}"}
{"level":"info","message":"node: {\"id\":\"input-2\",\"type\":\"input\",\"config\":{\"name\":\"secondNumber\",\"dataType\":\"number\",\"required\":true},\"position\":{\"x\":100,\"y\":200}}"}
{"level":"info","message":"[collectNodeInputs][0]: input-2, [{\"id\":\"conn-1\",\"sourceNodeId\":\"input-1\",\"targetNodeId\":\"transform-plus\",\"sourcePort\":\"output\",\"targetPort\":\"input1\"},{\"id\":\"conn-2\",\"sourceNodeId\":\"input-2\",\"targetNodeId\":\"transform-plus\",\"sourcePort\":\"output\",\"targetPort\":\"input2\"},{\"id\":\"conn-3\",\"sourceNodeId\":\"transform-plus\",\"targetNodeId\":\"return-result\",\"sourcePort\":\"output\",\"targetPort\":\"input\"}]"}
{"level":"info","message":"[collectNodeInputs][2]: {}"}
{"level":"info","message":"nodeInputs: {}"}
{"level":"info","message":"node: {\"id\":\"transform-plus\",\"type\":\"transform\",\"config\":{\"operation\":\"math\",\"method\":\"add\"},\"position\":{\"x\":300,\"y\":150}}"}
{"level":"info","message":"[collectNodeInputs][0]: transform-plus, [{\"id\":\"conn-1\",\"sourceNodeId\":\"input-1\",\"targetNodeId\":\"transform-plus\",\"sourcePort\":\"output\",\"targetPort\":\"input1\"},{\"id\":\"conn-2\",\"sourceNodeId\":\"input-2\",\"targetNodeId\":\"transform-plus\",\"sourcePort\":\"output\",\"targetPort\":\"input2\"},{\"id\":\"conn-3\",\"sourceNodeId\":\"transform-plus\",\"targetNodeId\":\"return-result\",\"sourcePort\":\"output\",\"targetPort\":\"input\"}]"}
{"level":"info","message":"[collectNodeInputs][1] conn.targetPort: input1"}
{"level":"info","message":"[collectNodeInputs][1] conn.targetPort: input2"}
{"level":"info","message":"[collectNodeInputs][2]: {\"input1\":\"transform-plus\",\"input2\":\"transform-plus\"}"}
{"level":"info","message":"nodeInputs: {\"input1\":\"transform-plus\",\"input2\":\"transform-plus\"}"}
{"level":"info","message":"node: {\"id\":\"return-result\",\"type\":\"return\",\"config\":{\"name\":\"sum\",\"dataType\":\"number\"},\"position\":{\"x\":500,\"y\":150}}"}
{"level":"info","message":"[collectNodeInputs][0]: return-result, [{\"id\":\"conn-1\",\"sourceNodeId\":\"input-1\",\"targetNodeId\":\"transform-plus\",\"sourcePort\":\"output\",\"targetPort\":\"input1\"},{\"id\":\"conn-2\",\"sourceNodeId\":\"input-2\",\"targetNodeId\":\"transform-plus\",\"sourcePort\":\"output\",\"targetPort\":\"input2\"},{\"id\":\"conn-3\",\"sourceNodeId\":\"transform-plus\",\"targetNodeId\":\"return-result\",\"sourcePort\":\"output\",\"targetPort\":\"input\"}]"}
{"level":"info","message":"[collectNodeInputs][1] conn.targetPort: input"}
{"level":"info","message":"[collectNodeInputs][2]: {\"input\":\"return-result\"}"}
{"level":"info","message":"nodeInputs: {\"input\":\"return-result\"}"}
{"level":"error","message":"Error executing node input-1: Required input \"firstNumber\" not provided"}
{"level":"error","message":"Error executing node input-2: Required input \"secondNumber\" not provided"}
{"level":"info","message":"Node transform-plus executed successfully."}
{"level":"info","message":"[InputNode][execute][0] inputs: {}"}
{"level":"info","message":"[InputNode][execute][0] config: {\"name\":\"firstNumber\",\"dataType\":\"number\",\"required\":true}"}
{"level":"info","message":"[InputNode][execute][1] inputName: firstNumber"}
{"level":"info","message":"[InputNode][execute][0] inputs: {}"}
{"level":"info","message":"[InputNode][execute][0] config: {\"name\":\"secondNumber\",\"dataType\":\"number\",\"required\":true}"}
{"level":"info","message":"[InputNode][execute][1] inputName: secondNumber"}
{"level":"info","message":"pipeline: {\"id\":\"math-pipeline-001\",\"projectId\":\"math-test-project-001\",\"name\":\"summ(a, b) Pipeline\",\"description\":\"Pipeline for adding two numbers\",\"templateId\":\"simple-math-template-001\",\"mode\":\"accumulator\",\"status\":\"active\",\"created\":\"2024-03-20T10:00:00Z\",\"updated\":\"2024-03-20T10:00:00Z\",\"settings\":{\"timeout\":60,\"retryPolicy\":{\"attempts\":3,\"delay\":5}},\"trigger\":{\"type\":\"manual\",\"config\":{\"inputValidation\":true}},\"executions\":[]}"}
{"level":"info","message":"[InputNode][constructor] id: input-1, type: ,input, config:, {\"name\":\"firstNumber\",\"dataType\":\"number\",\"required\":true}"}
{"level":"info","message":"[InputNode][constructor] id: input-2, type: ,input, config:, {\"name\":\"secondNumber\",\"dataType\":\"number\",\"required\":true}"}
{"level":"info","message":"Executing pipeline: summ(a, b) Pipeline"}
{"level":"info","message":"executionLog: {\"pipelineId\":\"math-pipeline-001\",\"timestamp\":\"2025-02-05T20:47:08.561Z\",\"status\":\"running\"}"}
{"level":"info","message":"template: {\"id\":\"simple-math-template-001\",\"name\":\"Simple Addition Template\",\"description\":\"Template for adding two numbers\",\"version\":\"1.0.0\",\"nodes\":[{\"id\":\"input-1\",\"type\":\"input\",\"config\":{\"name\":\"firstNumber\",\"dataType\":\"number\",\"required\":true},\"position\":{\"x\":100,\"y\":100}},{\"id\":\"input-2\",\"type\":\"input\",\"config\":{\"name\":\"secondNumber\",\"dataType\":\"number\",\"required\":true},\"position\":{\"x\":100,\"y\":200}},{\"id\":\"transform-plus\",\"type\":\"transform\",\"config\":{\"operation\":\"math\",\"method\":\"add\"},\"position\":{\"x\":300,\"y\":150}},{\"id\":\"return-result\",\"type\":\"return\",\"config\":{\"name\":\"sum\",\"dataType\":\"number\"},\"position\":{\"x\":500,\"y\":150}}],\"connections\":[{\"id\":\"conn-1\",\"sourceNodeId\":\"input-1\",\"targetNodeId\":\"transform-plus\",\"sourcePort\":\"output\",\"targetPort\":\"input1\"},{\"id\":\"conn-2\",\"sourceNodeId\":\"input-2\",\"targetNodeId\":\"transform-plus\",\"sourcePort\":\"output\",\"targetPort\":\"input2\"},{\"id\":\"conn-3\",\"sourceNodeId\":\"transform-plus\",\"targetNodeId\":\"return-result\",\"sourcePort\":\"output\",\"targetPort\":\"input\"}],\"validation\":{\"isValid\":true,\"errors\":[]}}"}
{"level":"info","message":"nodes: [{\"id\":\"input-1\",\"type\":\"input\",\"config\":{\"name\":\"firstNumber\",\"dataType\":\"number\",\"required\":true},\"position\":{\"x\":100,\"y\":100}},{\"id\":\"input-2\",\"type\":\"input\",\"config\":{\"name\":\"secondNumber\",\"dataType\":\"number\",\"required\":true},\"position\":{\"x\":100,\"y\":200}},{\"id\":\"transform-plus\",\"type\":\"transform\",\"config\":{\"operation\":\"math\",\"method\":\"add\"},\"position\":{\"x\":300,\"y\":150}},{\"id\":\"return-result\",\"type\":\"return\",\"config\":{\"name\":\"sum\",\"dataType\":\"number\"},\"position\":{\"x\":500,\"y\":150}}]"}
{"level":"info","message":"node: {\"id\":\"input-1\",\"type\":\"input\",\"config\":{\"name\":\"firstNumber\",\"dataType\":\"number\",\"required\":true},\"position\":{\"x\":100,\"y\":100}}"}
{"level":"info","message":"[collectNodeInputs][0]: input-1, [{\"id\":\"conn-1\",\"sourceNodeId\":\"input-1\",\"targetNodeId\":\"transform-plus\",\"sourcePort\":\"output\",\"targetPort\":\"input1\"},{\"id\":\"conn-2\",\"sourceNodeId\":\"input-2\",\"targetNodeId\":\"transform-plus\",\"sourcePort\":\"output\",\"targetPort\":\"input2\"},{\"id\":\"conn-3\",\"sourceNodeId\":\"transform-plus\",\"targetNodeId\":\"return-result\",\"sourcePort\":\"output\",\"targetPort\":\"input\"}]"}
{"level":"info","message":"[collectNodeInputs][2]: {}"}
{"level":"info","message":"nodeInputs: {}"}
{"level":"info","message":"node: {\"id\":\"input-2\",\"type\":\"input\",\"config\":{\"name\":\"secondNumber\",\"dataType\":\"number\",\"required\":true},\"position\":{\"x\":100,\"y\":200}}"}
{"level":"info","message":"[collectNodeInputs][0]: input-2, [{\"id\":\"conn-1\",\"sourceNodeId\":\"input-1\",\"targetNodeId\":\"transform-plus\",\"sourcePort\":\"output\",\"targetPort\":\"input1\"},{\"id\":\"conn-2\",\"sourceNodeId\":\"input-2\",\"targetNodeId\":\"transform-plus\",\"sourcePort\":\"output\",\"targetPort\":\"input2\"},{\"id\":\"conn-3\",\"sourceNodeId\":\"transform-plus\",\"targetNodeId\":\"return-result\",\"sourcePort\":\"output\",\"targetPort\":\"input\"}]"}
{"level":"info","message":"[collectNodeInputs][2]: {}"}
{"level":"info","message":"nodeInputs: {}"}
{"level":"info","message":"node: {\"id\":\"transform-plus\",\"type\":\"transform\",\"config\":{\"operation\":\"math\",\"method\":\"add\"},\"position\":{\"x\":300,\"y\":150}}"}
{"level":"info","message":"[collectNodeInputs][0]: transform-plus, [{\"id\":\"conn-1\",\"sourceNodeId\":\"input-1\",\"targetNodeId\":\"transform-plus\",\"sourcePort\":\"output\",\"targetPort\":\"input1\"},{\"id\":\"conn-2\",\"sourceNodeId\":\"input-2\",\"targetNodeId\":\"transform-plus\",\"sourcePort\":\"output\",\"targetPort\":\"input2\"},{\"id\":\"conn-3\",\"sourceNodeId\":\"transform-plus\",\"targetNodeId\":\"return-result\",\"sourcePort\":\"output\",\"targetPort\":\"input\"}]"}
{"level":"info","message":"[collectNodeInputs][1] conn.targetPort: input1"}
{"level":"info","message":"[collectNodeInputs][1] conn.targetPort: input2"}
{"level":"info","message":"[collectNodeInputs][2]: {\"input1\":\"transform-plus\",\"input2\":\"transform-plus\"}"}
{"level":"info","message":"nodeInputs: {\"input1\":\"transform-plus\",\"input2\":\"transform-plus\"}"}
{"level":"info","message":"node: {\"id\":\"return-result\",\"type\":\"return\",\"config\":{\"name\":\"sum\",\"dataType\":\"number\"},\"position\":{\"x\":500,\"y\":150}}"}
{"level":"info","message":"[collectNodeInputs][0]: return-result, [{\"id\":\"conn-1\",\"sourceNodeId\":\"input-1\",\"targetNodeId\":\"transform-plus\",\"sourcePort\":\"output\",\"targetPort\":\"input1\"},{\"id\":\"conn-2\",\"sourceNodeId\":\"input-2\",\"targetNodeId\":\"transform-plus\",\"sourcePort\":\"output\",\"targetPort\":\"input2\"},{\"id\":\"conn-3\",\"sourceNodeId\":\"transform-plus\",\"targetNodeId\":\"return-result\",\"sourcePort\":\"output\",\"targetPort\":\"input\"}]"}
{"level":"info","message":"[collectNodeInputs][1] conn.targetPort: input"}
{"level":"info","message":"[collectNodeInputs][2]: {\"input\":\"return-result\"}"}
{"level":"info","message":"nodeInputs: {\"input\":\"return-result\"}"}
{"level":"error","message":"Error executing node input-1: Required input \"firstNumber\" not provided"}
{"level":"error","message":"Error executing node input-2: Required input \"secondNumber\" not provided"}
{"level":"info","message":"[executePipeline] output: \"transform-plustransform-plus\""}
{"level":"info","message":"Node transform-plus executed successfully."}
{"level":"info","message":"[InputNode][execute][0] inputs: {}"}
{"level":"info","message":"[InputNode][execute][0] config: {\"name\":\"firstNumber\",\"dataType\":\"number\",\"required\":true}"}
{"level":"info","message":"[InputNode][execute][1] inputName: firstNumber"}
{"level":"info","message":"[InputNode][execute][0] inputs: {}"}
{"level":"info","message":"[InputNode][execute][0] config: {\"name\":\"secondNumber\",\"dataType\":\"number\",\"required\":true}"}
{"level":"info","message":"[InputNode][execute][1] inputName: secondNumber"}
{"level":"info","message":"pipeline: {\"id\":\"math-pipeline-001\",\"projectId\":\"math-test-project-001\",\"name\":\"summ(a, b) Pipeline\",\"description\":\"Pipeline for adding two numbers\",\"templateId\":\"simple-math-template-001\",\"mode\":\"accumulator\",\"status\":\"active\",\"created\":\"2024-03-20T10:00:00Z\",\"updated\":\"2024-03-20T10:00:00Z\",\"settings\":{\"timeout\":60,\"retryPolicy\":{\"attempts\":3,\"delay\":5}},\"trigger\":{\"type\":\"manual\",\"config\":{\"inputValidation\":true}},\"executions\":[]}"}
{"level":"info","message":"Executing pipeline: summ(a, b) Pipeline"}
{"level":"info","message":"executionLog: {\"pipelineId\":\"math-pipeline-001\",\"timestamp\":\"2025-02-05T20:52:18.808Z\",\"status\":\"running\"}"}
{"level":"info","message":"template: {\"id\":\"simple-math-template-001\",\"name\":\"Simple Addition Template\",\"description\":\"Template for adding two numbers\",\"version\":\"1.0.0\",\"nodes\":[{\"id\":\"input-1\",\"type\":\"input\",\"config\":{\"name\":\"firstNumber\",\"dataType\":\"number\",\"required\":true},\"position\":{\"x\":100,\"y\":100}},{\"id\":\"input-2\",\"type\":\"input\",\"config\":{\"name\":\"secondNumber\",\"dataType\":\"number\",\"required\":true},\"position\":{\"x\":100,\"y\":200}},{\"id\":\"transform-plus\",\"type\":\"transform\",\"config\":{\"operation\":\"math\",\"method\":\"add\"},\"position\":{\"x\":300,\"y\":150}},{\"id\":\"return-result\",\"type\":\"return\",\"config\":{\"name\":\"sum\",\"dataType\":\"number\"},\"position\":{\"x\":500,\"y\":150}}],\"connections\":[{\"id\":\"conn-1\",\"sourceNodeId\":\"input-1\",\"targetNodeId\":\"transform-plus\",\"sourcePort\":\"output\",\"targetPort\":\"input1\"},{\"id\":\"conn-2\",\"sourceNodeId\":\"input-2\",\"targetNodeId\":\"transform-plus\",\"sourcePort\":\"output\",\"targetPort\":\"input2\"},{\"id\":\"conn-3\",\"sourceNodeId\":\"transform-plus\",\"targetNodeId\":\"return-result\",\"sourcePort\":\"output\",\"targetPort\":\"input\"}],\"validation\":{\"isValid\":true,\"errors\":[]}}"}
{"level":"info","message":"nodes: [{\"id\":\"input-1\",\"type\":\"input\",\"config\":{\"name\":\"firstNumber\",\"dataType\":\"number\",\"required\":true},\"position\":{\"x\":100,\"y\":100}},{\"id\":\"input-2\",\"type\":\"input\",\"config\":{\"name\":\"secondNumber\",\"dataType\":\"number\",\"required\":true},\"position\":{\"x\":100,\"y\":200}},{\"id\":\"transform-plus\",\"type\":\"transform\",\"config\":{\"operation\":\"math\",\"method\":\"add\"},\"position\":{\"x\":300,\"y\":150}},{\"id\":\"return-result\",\"type\":\"return\",\"config\":{\"name\":\"sum\",\"dataType\":\"number\"},\"position\":{\"x\":500,\"y\":150}}]"}
{"level":"info","message":"node: {\"id\":\"input-1\",\"type\":\"input\",\"config\":{\"name\":\"firstNumber\",\"dataType\":\"number\",\"required\":true},\"position\":{\"x\":100,\"y\":100}}"}
{"level":"info","message":"[collectNodeInputs][0]: input-1, [{\"id\":\"conn-1\",\"sourceNodeId\":\"input-1\",\"targetNodeId\":\"transform-plus\",\"sourcePort\":\"output\",\"targetPort\":\"input1\"},{\"id\":\"conn-2\",\"sourceNodeId\":\"input-2\",\"targetNodeId\":\"transform-plus\",\"sourcePort\":\"output\",\"targetPort\":\"input2\"},{\"id\":\"conn-3\",\"sourceNodeId\":\"transform-plus\",\"targetNodeId\":\"return-result\",\"sourcePort\":\"output\",\"targetPort\":\"input\"}]"}
{"level":"info","message":"[collectNodeInputs][2]: {}"}
{"level":"info","message":"nodeInputs: {}"}
{"level":"info","message":"node: {\"id\":\"input-2\",\"type\":\"input\",\"config\":{\"name\":\"secondNumber\",\"dataType\":\"number\",\"required\":true},\"position\":{\"x\":100,\"y\":200}}"}
{"level":"info","message":"[collectNodeInputs][0]: input-2, [{\"id\":\"conn-1\",\"sourceNodeId\":\"input-1\",\"targetNodeId\":\"transform-plus\",\"sourcePort\":\"output\",\"targetPort\":\"input1\"},{\"id\":\"conn-2\",\"sourceNodeId\":\"input-2\",\"targetNodeId\":\"transform-plus\",\"sourcePort\":\"output\",\"targetPort\":\"input2\"},{\"id\":\"conn-3\",\"sourceNodeId\":\"transform-plus\",\"targetNodeId\":\"return-result\",\"sourcePort\":\"output\",\"targetPort\":\"input\"}]"}
{"level":"info","message":"[collectNodeInputs][2]: {}"}
{"level":"info","message":"nodeInputs: {}"}
{"level":"info","message":"node: {\"id\":\"transform-plus\",\"type\":\"transform\",\"config\":{\"operation\":\"math\",\"method\":\"add\"},\"position\":{\"x\":300,\"y\":150}}"}
{"level":"info","message":"[collectNodeInputs][0]: transform-plus, [{\"id\":\"conn-1\",\"sourceNodeId\":\"input-1\",\"targetNodeId\":\"transform-plus\",\"sourcePort\":\"output\",\"targetPort\":\"input1\"},{\"id\":\"conn-2\",\"sourceNodeId\":\"input-2\",\"targetNodeId\":\"transform-plus\",\"sourcePort\":\"output\",\"targetPort\":\"input2\"},{\"id\":\"conn-3\",\"sourceNodeId\":\"transform-plus\",\"targetNodeId\":\"return-result\",\"sourcePort\":\"output\",\"targetPort\":\"input\"}]"}
{"level":"info","message":"[collectNodeInputs][1] conn.targetPort: input1"}
{"level":"info","message":"[collectNodeInputs][1] conn.targetPort: input2"}
{"level":"info","message":"[collectNodeInputs][2]: {\"input1\":\"transform-plus\",\"input2\":\"transform-plus\"}"}
{"level":"info","message":"nodeInputs: {\"input1\":\"transform-plus\",\"input2\":\"transform-plus\"}"}
{"level":"info","message":"node: {\"id\":\"return-result\",\"type\":\"return\",\"config\":{\"name\":\"sum\",\"dataType\":\"number\"},\"position\":{\"x\":500,\"y\":150}}"}
{"level":"info","message":"[collectNodeInputs][0]: return-result, [{\"id\":\"conn-1\",\"sourceNodeId\":\"input-1\",\"targetNodeId\":\"transform-plus\",\"sourcePort\":\"output\",\"targetPort\":\"input1\"},{\"id\":\"conn-2\",\"sourceNodeId\":\"input-2\",\"targetNodeId\":\"transform-plus\",\"sourcePort\":\"output\",\"targetPort\":\"input2\"},{\"id\":\"conn-3\",\"sourceNodeId\":\"transform-plus\",\"targetNodeId\":\"return-result\",\"sourcePort\":\"output\",\"targetPort\":\"input\"}]"}
{"level":"info","message":"[collectNodeInputs][1] conn.targetPort: input"}
{"level":"info","message":"[collectNodeInputs][2]: {\"input\":\"return-result\"}"}
{"level":"info","message":"nodeInputs: {\"input\":\"return-result\"}"}
{"level":"info","message":"[executePipeline] output: \"transform-plustransform-plus\""}
{"level":"info","message":"Node transform-plus executed successfully."}
{"level":"info","message":"pipeline: {\"id\":\"math-pipeline-001\",\"projectId\":\"math-test-project-001\",\"name\":\"summ(a, b) Pipeline\",\"description\":\"Pipeline for adding two numbers\",\"templateId\":\"simple-math-template-001\",\"mode\":\"accumulator\",\"status\":\"active\",\"created\":\"2024-03-20T10:00:00Z\",\"updated\":\"2024-03-20T10:00:00Z\",\"settings\":{\"timeout\":60,\"retryPolicy\":{\"attempts\":3,\"delay\":5}},\"trigger\":{\"type\":\"manual\",\"config\":{\"inputValidation\":true}},\"executions\":[]}"}
{"level":"info","message":"Executing pipeline: summ(a, b) Pipeline"}
{"level":"info","message":"executionLog: {\"pipelineId\":\"math-pipeline-001\",\"timestamp\":\"2025-02-05T20:52:25.474Z\",\"status\":\"running\"}"}
{"level":"info","message":"template: {\"id\":\"simple-math-template-001\",\"name\":\"Simple Addition Template\",\"description\":\"Template for adding two numbers\",\"version\":\"1.0.0\",\"nodes\":[{\"id\":\"input-1\",\"type\":\"input\",\"config\":{\"name\":\"firstNumber\",\"dataType\":\"number\",\"required\":true},\"position\":{\"x\":100,\"y\":100}},{\"id\":\"input-2\",\"type\":\"input\",\"config\":{\"name\":\"secondNumber\",\"dataType\":\"number\",\"required\":true},\"position\":{\"x\":100,\"y\":200}},{\"id\":\"transform-plus\",\"type\":\"transform\",\"config\":{\"operation\":\"math\",\"method\":\"add\"},\"position\":{\"x\":300,\"y\":150}},{\"id\":\"return-result\",\"type\":\"return\",\"config\":{\"name\":\"sum\",\"dataType\":\"number\"},\"position\":{\"x\":500,\"y\":150}}],\"connections\":[{\"id\":\"conn-1\",\"sourceNodeId\":\"input-1\",\"targetNodeId\":\"transform-plus\",\"sourcePort\":\"output\",\"targetPort\":\"input1\"},{\"id\":\"conn-2\",\"sourceNodeId\":\"input-2\",\"targetNodeId\":\"transform-plus\",\"sourcePort\":\"output\",\"targetPort\":\"input2\"},{\"id\":\"conn-3\",\"sourceNodeId\":\"transform-plus\",\"targetNodeId\":\"return-result\",\"sourcePort\":\"output\",\"targetPort\":\"input\"}],\"validation\":{\"isValid\":true,\"errors\":[]}}"}
{"level":"info","message":"nodes: [{\"id\":\"input-1\",\"type\":\"input\",\"config\":{\"name\":\"firstNumber\",\"dataType\":\"number\",\"required\":true},\"position\":{\"x\":100,\"y\":100}},{\"id\":\"input-2\",\"type\":\"input\",\"config\":{\"name\":\"secondNumber\",\"dataType\":\"number\",\"required\":true},\"position\":{\"x\":100,\"y\":200}},{\"id\":\"transform-plus\",\"type\":\"transform\",\"config\":{\"operation\":\"math\",\"method\":\"add\"},\"position\":{\"x\":300,\"y\":150}},{\"id\":\"return-result\",\"type\":\"return\",\"config\":{\"name\":\"sum\",\"dataType\":\"number\"},\"position\":{\"x\":500,\"y\":150}}]"}
{"level":"info","message":"node: {\"id\":\"input-1\",\"type\":\"input\",\"config\":{\"name\":\"firstNumber\",\"dataType\":\"number\",\"required\":true},\"position\":{\"x\":100,\"y\":100}}"}
{"level":"info","message":"[collectNodeInputs][0]: input-1, [{\"id\":\"conn-1\",\"sourceNodeId\":\"input-1\",\"targetNodeId\":\"transform-plus\",\"sourcePort\":\"output\",\"targetPort\":\"input1\"},{\"id\":\"conn-2\",\"sourceNodeId\":\"input-2\",\"targetNodeId\":\"transform-plus\",\"sourcePort\":\"output\",\"targetPort\":\"input2\"},{\"id\":\"conn-3\",\"sourceNodeId\":\"transform-plus\",\"targetNodeId\":\"return-result\",\"sourcePort\":\"output\",\"targetPort\":\"input\"}]"}
{"level":"info","message":"[collectNodeInputs][2]: {}"}
{"level":"info","message":"nodeInputs: {}"}
{"level":"info","message":"node: {\"id\":\"input-2\",\"type\":\"input\",\"config\":{\"name\":\"secondNumber\",\"dataType\":\"number\",\"required\":true},\"position\":{\"x\":100,\"y\":200}}"}
{"level":"info","message":"[collectNodeInputs][0]: input-2, [{\"id\":\"conn-1\",\"sourceNodeId\":\"input-1\",\"targetNodeId\":\"transform-plus\",\"sourcePort\":\"output\",\"targetPort\":\"input1\"},{\"id\":\"conn-2\",\"sourceNodeId\":\"input-2\",\"targetNodeId\":\"transform-plus\",\"sourcePort\":\"output\",\"targetPort\":\"input2\"},{\"id\":\"conn-3\",\"sourceNodeId\":\"transform-plus\",\"targetNodeId\":\"return-result\",\"sourcePort\":\"output\",\"targetPort\":\"input\"}]"}
{"level":"info","message":"[collectNodeInputs][2]: {}"}
{"level":"info","message":"nodeInputs: {}"}
{"level":"info","message":"node: {\"id\":\"transform-plus\",\"type\":\"transform\",\"config\":{\"operation\":\"math\",\"method\":\"add\"},\"position\":{\"x\":300,\"y\":150}}"}
{"level":"info","message":"[collectNodeInputs][0]: transform-plus, [{\"id\":\"conn-1\",\"sourceNodeId\":\"input-1\",\"targetNodeId\":\"transform-plus\",\"sourcePort\":\"output\",\"targetPort\":\"input1\"},{\"id\":\"conn-2\",\"sourceNodeId\":\"input-2\",\"targetNodeId\":\"transform-plus\",\"sourcePort\":\"output\",\"targetPort\":\"input2\"},{\"id\":\"conn-3\",\"sourceNodeId\":\"transform-plus\",\"targetNodeId\":\"return-result\",\"sourcePort\":\"output\",\"targetPort\":\"input\"}]"}
{"level":"info","message":"[collectNodeInputs][1] conn.targetPort: input1"}
{"level":"info","message":"[collectNodeInputs][1] conn.targetPort: input2"}
{"level":"info","message":"[collectNodeInputs][2]: {\"input1\":\"transform-plus\",\"input2\":\"transform-plus\"}"}
{"level":"info","message":"nodeInputs: {\"input1\":\"transform-plus\",\"input2\":\"transform-plus\"}"}
{"level":"info","message":"node: {\"id\":\"return-result\",\"type\":\"return\",\"config\":{\"name\":\"sum\",\"dataType\":\"number\"},\"position\":{\"x\":500,\"y\":150}}"}
{"level":"info","message":"[collectNodeInputs][0]: return-result, [{\"id\":\"conn-1\",\"sourceNodeId\":\"input-1\",\"targetNodeId\":\"transform-plus\",\"sourcePort\":\"output\",\"targetPort\":\"input1\"},{\"id\":\"conn-2\",\"sourceNodeId\":\"input-2\",\"targetNodeId\":\"transform-plus\",\"sourcePort\":\"output\",\"targetPort\":\"input2\"},{\"id\":\"conn-3\",\"sourceNodeId\":\"transform-plus\",\"targetNodeId\":\"return-result\",\"sourcePort\":\"output\",\"targetPort\":\"input\"}]"}
{"level":"info","message":"[collectNodeInputs][1] conn.targetPort: input"}
{"level":"info","message":"[collectNodeInputs][2]: {\"input\":\"return-result\"}"}
{"level":"info","message":"nodeInputs: {\"input\":\"return-result\"}"}
{"level":"info","message":"[executePipeline] output: \"transform-plustransform-plus\""}
{"level":"info","message":"Node transform-plus executed successfully."}
{"level":"info","message":"pipeline: {\"id\":\"math-pipeline-001\",\"projectId\":\"math-test-project-001\",\"name\":\"summ(a, b) Pipeline\",\"description\":\"Pipeline for adding two numbers\",\"templateId\":\"simple-math-template-001\",\"mode\":\"accumulator\",\"status\":\"active\",\"created\":\"2024-03-20T10:00:00Z\",\"updated\":\"2024-03-20T10:00:00Z\",\"settings\":{\"timeout\":60,\"retryPolicy\":{\"attempts\":3,\"delay\":5}},\"trigger\":{\"type\":\"manual\",\"config\":{\"inputValidation\":true}},\"executions\":[]}"}
{"level":"info","message":"Executing pipeline: summ(a, b) Pipeline"}
{"level":"info","message":"executionLog: {\"pipelineId\":\"math-pipeline-001\",\"timestamp\":\"2025-02-05T21:00:59.975Z\",\"status\":\"running\"}"}
{"level":"info","message":"template: {\"id\":\"simple-math-template-001\",\"name\":\"Simple Addition Template\",\"description\":\"Template for adding two numbers\",\"version\":\"1.0.0\",\"nodes\":[{\"id\":\"input-1\",\"type\":\"input\",\"config\":{\"name\":\"firstNumber\",\"dataType\":\"number\",\"required\":true},\"position\":{\"x\":100,\"y\":100}},{\"id\":\"input-2\",\"type\":\"input\",\"config\":{\"name\":\"secondNumber\",\"dataType\":\"number\",\"required\":true},\"position\":{\"x\":100,\"y\":200}},{\"id\":\"transform-plus\",\"type\":\"transform\",\"config\":{\"operation\":\"math\",\"method\":\"add\"},\"position\":{\"x\":300,\"y\":150}},{\"id\":\"return-result\",\"type\":\"return\",\"config\":{\"name\":\"sum\",\"dataType\":\"number\"},\"position\":{\"x\":500,\"y\":150}}],\"connections\":[{\"id\":\"conn-1\",\"sourceNodeId\":\"input-1\",\"targetNodeId\":\"transform-plus\",\"sourcePort\":\"output\",\"targetPort\":\"input1\"},{\"id\":\"conn-2\",\"sourceNodeId\":\"input-2\",\"targetNodeId\":\"transform-plus\",\"sourcePort\":\"output\",\"targetPort\":\"input2\"},{\"id\":\"conn-3\",\"sourceNodeId\":\"transform-plus\",\"targetNodeId\":\"return-result\",\"sourcePort\":\"output\",\"targetPort\":\"input\"}],\"validation\":{\"isValid\":true,\"errors\":[]}}"}
{"level":"info","message":"nodes: [{\"id\":\"input-1\",\"type\":\"input\",\"config\":{\"name\":\"firstNumber\",\"dataType\":\"number\",\"required\":true},\"position\":{\"x\":100,\"y\":100}},{\"id\":\"input-2\",\"type\":\"input\",\"config\":{\"name\":\"secondNumber\",\"dataType\":\"number\",\"required\":true},\"position\":{\"x\":100,\"y\":200}},{\"id\":\"transform-plus\",\"type\":\"transform\",\"config\":{\"operation\":\"math\",\"method\":\"add\"},\"position\":{\"x\":300,\"y\":150}},{\"id\":\"return-result\",\"type\":\"return\",\"config\":{\"name\":\"sum\",\"dataType\":\"number\"},\"position\":{\"x\":500,\"y\":150}}]"}
{"level":"info","message":"node: {\"id\":\"input-1\",\"type\":\"input\",\"config\":{\"name\":\"firstNumber\",\"dataType\":\"number\",\"required\":true},\"position\":{\"x\":100,\"y\":100}}"}
{"level":"info","message":"[collectNodeInputs][0]: input-1, [{\"id\":\"conn-1\",\"sourceNodeId\":\"input-1\",\"targetNodeId\":\"transform-plus\",\"sourcePort\":\"output\",\"targetPort\":\"input1\"},{\"id\":\"conn-2\",\"sourceNodeId\":\"input-2\",\"targetNodeId\":\"transform-plus\",\"sourcePort\":\"output\",\"targetPort\":\"input2\"},{\"id\":\"conn-3\",\"sourceNodeId\":\"transform-plus\",\"targetNodeId\":\"return-result\",\"sourcePort\":\"output\",\"targetPort\":\"input\"}]"}
{"level":"info","message":"[collectNodeInputs][2]: {}"}
{"level":"info","message":"nodeInputs: {}"}
{"level":"info","message":"node: {\"id\":\"input-2\",\"type\":\"input\",\"config\":{\"name\":\"secondNumber\",\"dataType\":\"number\",\"required\":true},\"position\":{\"x\":100,\"y\":200}}"}
{"level":"info","message":"[collectNodeInputs][0]: input-2, [{\"id\":\"conn-1\",\"sourceNodeId\":\"input-1\",\"targetNodeId\":\"transform-plus\",\"sourcePort\":\"output\",\"targetPort\":\"input1\"},{\"id\":\"conn-2\",\"sourceNodeId\":\"input-2\",\"targetNodeId\":\"transform-plus\",\"sourcePort\":\"output\",\"targetPort\":\"input2\"},{\"id\":\"conn-3\",\"sourceNodeId\":\"transform-plus\",\"targetNodeId\":\"return-result\",\"sourcePort\":\"output\",\"targetPort\":\"input\"}]"}
{"level":"info","message":"[collectNodeInputs][2]: {}"}
{"level":"info","message":"nodeInputs: {}"}
{"level":"info","message":"node: {\"id\":\"transform-plus\",\"type\":\"transform\",\"config\":{\"operation\":\"math\",\"method\":\"add\"},\"position\":{\"x\":300,\"y\":150}}"}
{"level":"info","message":"[collectNodeInputs][0]: transform-plus, [{\"id\":\"conn-1\",\"sourceNodeId\":\"input-1\",\"targetNodeId\":\"transform-plus\",\"sourcePort\":\"output\",\"targetPort\":\"input1\"},{\"id\":\"conn-2\",\"sourceNodeId\":\"input-2\",\"targetNodeId\":\"transform-plus\",\"sourcePort\":\"output\",\"targetPort\":\"input2\"},{\"id\":\"conn-3\",\"sourceNodeId\":\"transform-plus\",\"targetNodeId\":\"return-result\",\"sourcePort\":\"output\",\"targetPort\":\"input\"}]"}
{"level":"info","message":"[collectNodeInputs][1] conn.targetPort: input1"}
{"level":"info","message":"[collectNodeInputs][1] conn.targetPort: input2"}
{"level":"info","message":"[collectNodeInputs][2]: {\"input1\":\"transform-plus\",\"input2\":\"transform-plus\"}"}
{"level":"info","message":"nodeInputs: {\"input1\":\"transform-plus\",\"input2\":\"transform-plus\"}"}
{"level":"info","message":"node: {\"id\":\"return-result\",\"type\":\"return\",\"config\":{\"name\":\"sum\",\"dataType\":\"number\"},\"position\":{\"x\":500,\"y\":150}}"}
{"level":"info","message":"[collectNodeInputs][0]: return-result, [{\"id\":\"conn-1\",\"sourceNodeId\":\"input-1\",\"targetNodeId\":\"transform-plus\",\"sourcePort\":\"output\",\"targetPort\":\"input1\"},{\"id\":\"conn-2\",\"sourceNodeId\":\"input-2\",\"targetNodeId\":\"transform-plus\",\"sourcePort\":\"output\",\"targetPort\":\"input2\"},{\"id\":\"conn-3\",\"sourceNodeId\":\"transform-plus\",\"targetNodeId\":\"return-result\",\"sourcePort\":\"output\",\"targetPort\":\"input\"}]"}
{"level":"info","message":"[collectNodeInputs][1] conn.targetPort: input"}
{"level":"info","message":"[collectNodeInputs][2]: {\"input\":\"return-result\"}"}
{"level":"info","message":"nodeInputs: {\"input\":\"return-result\"}"}
{"level":"info","message":"[executePipeline] output: \"transform-plustransform-plus\""}
{"level":"info","message":"Node transform-plus executed successfully."}
{"level":"info","message":"pipeline: {\"id\":\"math-pipeline-001\",\"projectId\":\"math-test-project-001\",\"name\":\"summ(a, b) Pipeline\",\"description\":\"Pipeline for adding two numbers\",\"templateId\":\"simple-math-template-001\",\"mode\":\"accumulator\",\"status\":\"active\",\"created\":\"2024-03-20T10:00:00Z\",\"updated\":\"2024-03-20T10:00:00Z\",\"settings\":{\"timeout\":60,\"retryPolicy\":{\"attempts\":3,\"delay\":5}},\"trigger\":{\"type\":\"manual\",\"config\":{\"inputValidation\":true}},\"executions\":[]}"}
{"level":"info","message":"Executing pipeline: summ(a, b) Pipeline"}
{"level":"info","message":"executionLog: {\"pipelineId\":\"math-pipeline-001\",\"timestamp\":\"2025-02-05T21:01:01.928Z\",\"status\":\"running\"}"}
{"level":"info","message":"template: {\"id\":\"simple-math-template-001\",\"name\":\"Simple Addition Template\",\"description\":\"Template for adding two numbers\",\"version\":\"1.0.0\",\"nodes\":[{\"id\":\"input-1\",\"type\":\"input\",\"config\":{\"name\":\"firstNumber\",\"dataType\":\"number\",\"required\":true},\"position\":{\"x\":100,\"y\":100}},{\"id\":\"input-2\",\"type\":\"input\",\"config\":{\"name\":\"secondNumber\",\"dataType\":\"number\",\"required\":true},\"position\":{\"x\":100,\"y\":200}},{\"id\":\"transform-plus\",\"type\":\"transform\",\"config\":{\"operation\":\"math\",\"method\":\"add\"},\"position\":{\"x\":300,\"y\":150}},{\"id\":\"return-result\",\"type\":\"return\",\"config\":{\"name\":\"sum\",\"dataType\":\"number\"},\"position\":{\"x\":500,\"y\":150}}],\"connections\":[{\"id\":\"conn-1\",\"sourceNodeId\":\"input-1\",\"targetNodeId\":\"transform-plus\",\"sourcePort\":\"output\",\"targetPort\":\"input1\"},{\"id\":\"conn-2\",\"sourceNodeId\":\"input-2\",\"targetNodeId\":\"transform-plus\",\"sourcePort\":\"output\",\"targetPort\":\"input2\"},{\"id\":\"conn-3\",\"sourceNodeId\":\"transform-plus\",\"targetNodeId\":\"return-result\",\"sourcePort\":\"output\",\"targetPort\":\"input\"}],\"validation\":{\"isValid\":true,\"errors\":[]}}"}
{"level":"info","message":"nodes: [{\"id\":\"input-1\",\"type\":\"input\",\"config\":{\"name\":\"firstNumber\",\"dataType\":\"number\",\"required\":true},\"position\":{\"x\":100,\"y\":100}},{\"id\":\"input-2\",\"type\":\"input\",\"config\":{\"name\":\"secondNumber\",\"dataType\":\"number\",\"required\":true},\"position\":{\"x\":100,\"y\":200}},{\"id\":\"transform-plus\",\"type\":\"transform\",\"config\":{\"operation\":\"math\",\"method\":\"add\"},\"position\":{\"x\":300,\"y\":150}},{\"id\":\"return-result\",\"type\":\"return\",\"config\":{\"name\":\"sum\",\"dataType\":\"number\"},\"position\":{\"x\":500,\"y\":150}}]"}
{"level":"info","message":"node: {\"id\":\"input-1\",\"type\":\"input\",\"config\":{\"name\":\"firstNumber\",\"dataType\":\"number\",\"required\":true},\"position\":{\"x\":100,\"y\":100}}"}
{"level":"info","message":"[collectNodeInputs][0]: input-1, [{\"id\":\"conn-1\",\"sourceNodeId\":\"input-1\",\"targetNodeId\":\"transform-plus\",\"sourcePort\":\"output\",\"targetPort\":\"input1\"},{\"id\":\"conn-2\",\"sourceNodeId\":\"input-2\",\"targetNodeId\":\"transform-plus\",\"sourcePort\":\"output\",\"targetPort\":\"input2\"},{\"id\":\"conn-3\",\"sourceNodeId\":\"transform-plus\",\"targetNodeId\":\"return-result\",\"sourcePort\":\"output\",\"targetPort\":\"input\"}]"}
{"level":"info","message":"[collectNodeInputs][2]: {}"}
{"level":"info","message":"nodeInputs: {}"}
{"level":"info","message":"node: {\"id\":\"input-2\",\"type\":\"input\",\"config\":{\"name\":\"secondNumber\",\"dataType\":\"number\",\"required\":true},\"position\":{\"x\":100,\"y\":200}}"}
{"level":"info","message":"[collectNodeInputs][0]: input-2, [{\"id\":\"conn-1\",\"sourceNodeId\":\"input-1\",\"targetNodeId\":\"transform-plus\",\"sourcePort\":\"output\",\"targetPort\":\"input1\"},{\"id\":\"conn-2\",\"sourceNodeId\":\"input-2\",\"targetNodeId\":\"transform-plus\",\"sourcePort\":\"output\",\"targetPort\":\"input2\"},{\"id\":\"conn-3\",\"sourceNodeId\":\"transform-plus\",\"targetNodeId\":\"return-result\",\"sourcePort\":\"output\",\"targetPort\":\"input\"}]"}
{"level":"info","message":"[collectNodeInputs][2]: {}"}
{"level":"info","message":"nodeInputs: {}"}
{"level":"info","message":"node: {\"id\":\"transform-plus\",\"type\":\"transform\",\"config\":{\"operation\":\"math\",\"method\":\"add\"},\"position\":{\"x\":300,\"y\":150}}"}
{"level":"info","message":"[collectNodeInputs][0]: transform-plus, [{\"id\":\"conn-1\",\"sourceNodeId\":\"input-1\",\"targetNodeId\":\"transform-plus\",\"sourcePort\":\"output\",\"targetPort\":\"input1\"},{\"id\":\"conn-2\",\"sourceNodeId\":\"input-2\",\"targetNodeId\":\"transform-plus\",\"sourcePort\":\"output\",\"targetPort\":\"input2\"},{\"id\":\"conn-3\",\"sourceNodeId\":\"transform-plus\",\"targetNodeId\":\"return-result\",\"sourcePort\":\"output\",\"targetPort\":\"input\"}]"}
{"level":"info","message":"[collectNodeInputs][1] conn.targetPort: input1"}
{"level":"info","message":"[collectNodeInputs][1] conn.targetPort: input2"}
{"level":"info","message":"[collectNodeInputs][2]: {\"input1\":\"transform-plus\",\"input2\":\"transform-plus\"}"}
{"level":"info","message":"nodeInputs: {\"input1\":\"transform-plus\",\"input2\":\"transform-plus\"}"}
{"level":"info","message":"node: {\"id\":\"return-result\",\"type\":\"return\",\"config\":{\"name\":\"sum\",\"dataType\":\"number\"},\"position\":{\"x\":500,\"y\":150}}"}
{"level":"info","message":"[collectNodeInputs][0]: return-result, [{\"id\":\"conn-1\",\"sourceNodeId\":\"input-1\",\"targetNodeId\":\"transform-plus\",\"sourcePort\":\"output\",\"targetPort\":\"input1\"},{\"id\":\"conn-2\",\"sourceNodeId\":\"input-2\",\"targetNodeId\":\"transform-plus\",\"sourcePort\":\"output\",\"targetPort\":\"input2\"},{\"id\":\"conn-3\",\"sourceNodeId\":\"transform-plus\",\"targetNodeId\":\"return-result\",\"sourcePort\":\"output\",\"targetPort\":\"input\"}]"}
{"level":"info","message":"[collectNodeInputs][1] conn.targetPort: input"}
{"level":"info","message":"[collectNodeInputs][2]: {\"input\":\"return-result\"}"}
{"level":"info","message":"nodeInputs: {\"input\":\"return-result\"}"}
{"level":"info","message":"[executePipeline] output: \"transform-plustransform-plus\""}
{"level":"info","message":"Node transform-plus executed successfully."}
{"level":"info","message":"pipeline: {\"id\":\"math-pipeline-001\",\"projectId\":\"math-test-project-001\",\"name\":\"summ(a, b) Pipeline\",\"description\":\"Pipeline for adding two numbers\",\"templateId\":\"simple-math-template-001\",\"mode\":\"accumulator\",\"status\":\"active\",\"created\":\"2024-03-20T10:00:00Z\",\"updated\":\"2024-03-20T10:00:00Z\",\"settings\":{\"timeout\":60,\"retryPolicy\":{\"attempts\":3,\"delay\":5}},\"trigger\":{\"type\":\"manual\",\"config\":{\"inputValidation\":true}},\"executions\":[]}"}
{"level":"info","message":"Executing pipeline: summ(a, b) Pipeline"}
{"level":"info","message":"executionLog: {\"pipelineId\":\"math-pipeline-001\",\"timestamp\":\"2025-02-08T10:32:19.099Z\",\"status\":\"running\"}"}
{"level":"info","message":"template: {\"id\":\"simple-math-template-001\",\"name\":\"Simple Addition Template\",\"description\":\"Template for adding two numbers\",\"version\":\"1.0.0\",\"nodes\":[{\"id\":\"input-1\",\"type\":\"input\",\"config\":{\"name\":\"firstNumber\",\"dataType\":\"number\",\"required\":true},\"position\":{\"x\":100,\"y\":100}},{\"id\":\"input-2\",\"type\":\"input\",\"config\":{\"name\":\"secondNumber\",\"dataType\":\"number\",\"required\":true},\"position\":{\"x\":100,\"y\":200}},{\"id\":\"transform-plus\",\"type\":\"transform\",\"config\":{\"operation\":\"math\",\"method\":\"add\"},\"position\":{\"x\":300,\"y\":150}},{\"id\":\"return-result\",\"type\":\"return\",\"config\":{\"name\":\"sum\",\"dataType\":\"number\"},\"position\":{\"x\":500,\"y\":150}}],\"connections\":[{\"id\":\"conn-1\",\"sourceNodeId\":\"input-1\",\"targetNodeId\":\"transform-plus\",\"sourcePort\":\"output\",\"targetPort\":\"input1\"},{\"id\":\"conn-2\",\"sourceNodeId\":\"input-2\",\"targetNodeId\":\"transform-plus\",\"sourcePort\":\"output\",\"targetPort\":\"input2\"},{\"id\":\"conn-3\",\"sourceNodeId\":\"transform-plus\",\"targetNodeId\":\"return-result\",\"sourcePort\":\"output\",\"targetPort\":\"input\"}],\"validation\":{\"isValid\":true,\"errors\":[]}}"}
{"level":"info","message":"nodes: [{\"id\":\"input-1\",\"type\":\"input\",\"config\":{\"name\":\"firstNumber\",\"dataType\":\"number\",\"required\":true},\"position\":{\"x\":100,\"y\":100}},{\"id\":\"input-2\",\"type\":\"input\",\"config\":{\"name\":\"secondNumber\",\"dataType\":\"number\",\"required\":true},\"position\":{\"x\":100,\"y\":200}},{\"id\":\"transform-plus\",\"type\":\"transform\",\"config\":{\"operation\":\"math\",\"method\":\"add\"},\"position\":{\"x\":300,\"y\":150}},{\"id\":\"return-result\",\"type\":\"return\",\"config\":{\"name\":\"sum\",\"dataType\":\"number\"},\"position\":{\"x\":500,\"y\":150}}]"}
{"level":"info","message":"node: {\"id\":\"input-1\",\"type\":\"input\",\"config\":{\"name\":\"firstNumber\",\"dataType\":\"number\",\"required\":true},\"position\":{\"x\":100,\"y\":100}}"}
{"level":"info","message":"[collectNodeInputs][0]: input-1, [{\"id\":\"conn-1\",\"sourceNodeId\":\"input-1\",\"targetNodeId\":\"transform-plus\",\"sourcePort\":\"output\",\"targetPort\":\"input1\"},{\"id\":\"conn-2\",\"sourceNodeId\":\"input-2\",\"targetNodeId\":\"transform-plus\",\"sourcePort\":\"output\",\"targetPort\":\"input2\"},{\"id\":\"conn-3\",\"sourceNodeId\":\"transform-plus\",\"targetNodeId\":\"return-result\",\"sourcePort\":\"output\",\"targetPort\":\"input\"}]"}
{"level":"info","message":"[collectNodeInputs][2]: {}"}
{"level":"info","message":"nodeInputs: {}"}
{"level":"info","message":"node: {\"id\":\"input-2\",\"type\":\"input\",\"config\":{\"name\":\"secondNumber\",\"dataType\":\"number\",\"required\":true},\"position\":{\"x\":100,\"y\":200}}"}
{"level":"info","message":"[collectNodeInputs][0]: input-2, [{\"id\":\"conn-1\",\"sourceNodeId\":\"input-1\",\"targetNodeId\":\"transform-plus\",\"sourcePort\":\"output\",\"targetPort\":\"input1\"},{\"id\":\"conn-2\",\"sourceNodeId\":\"input-2\",\"targetNodeId\":\"transform-plus\",\"sourcePort\":\"output\",\"targetPort\":\"input2\"},{\"id\":\"conn-3\",\"sourceNodeId\":\"transform-plus\",\"targetNodeId\":\"return-result\",\"sourcePort\":\"output\",\"targetPort\":\"input\"}]"}
{"level":"info","message":"[collectNodeInputs][2]: {}"}
{"level":"info","message":"nodeInputs: {}"}
{"level":"info","message":"node: {\"id\":\"transform-plus\",\"type\":\"transform\",\"config\":{\"operation\":\"math\",\"method\":\"add\"},\"position\":{\"x\":300,\"y\":150}}"}
{"level":"info","message":"[collectNodeInputs][0]: transform-plus, [{\"id\":\"conn-1\",\"sourceNodeId\":\"input-1\",\"targetNodeId\":\"transform-plus\",\"sourcePort\":\"output\",\"targetPort\":\"input1\"},{\"id\":\"conn-2\",\"sourceNodeId\":\"input-2\",\"targetNodeId\":\"transform-plus\",\"sourcePort\":\"output\",\"targetPort\":\"input2\"},{\"id\":\"conn-3\",\"sourceNodeId\":\"transform-plus\",\"targetNodeId\":\"return-result\",\"sourcePort\":\"output\",\"targetPort\":\"input\"}]"}
{"level":"info","message":"[collectNodeInputs][1] conn.targetPort: input1"}
{"level":"info","message":"[collectNodeInputs][1] conn.targetPort: input2"}
{"level":"info","message":"[collectNodeInputs][2]: {\"input1\":\"transform-plus\",\"input2\":\"transform-plus\"}"}
{"level":"info","message":"nodeInputs: {\"input1\":\"transform-plus\",\"input2\":\"transform-plus\"}"}
{"level":"info","message":"node: {\"id\":\"return-result\",\"type\":\"return\",\"config\":{\"name\":\"sum\",\"dataType\":\"number\"},\"position\":{\"x\":500,\"y\":150}}"}
{"level":"info","message":"[collectNodeInputs][0]: return-result, [{\"id\":\"conn-1\",\"sourceNodeId\":\"input-1\",\"targetNodeId\":\"transform-plus\",\"sourcePort\":\"output\",\"targetPort\":\"input1\"},{\"id\":\"conn-2\",\"sourceNodeId\":\"input-2\",\"targetNodeId\":\"transform-plus\",\"sourcePort\":\"output\",\"targetPort\":\"input2\"},{\"id\":\"conn-3\",\"sourceNodeId\":\"transform-plus\",\"targetNodeId\":\"return-result\",\"sourcePort\":\"output\",\"targetPort\":\"input\"}]"}
{"level":"info","message":"[collectNodeInputs][1] conn.targetPort: input"}
{"level":"info","message":"[collectNodeInputs][2]: {\"input\":\"return-result\"}"}
{"level":"info","message":"nodeInputs: {\"input\":\"return-result\"}"}
{"level":"info","message":"[executePipeline] output: \"transform-plustransform-plus\""}
{"level":"info","message":"Node transform-plus executed successfully."}
{"level":"info","message":"pipeline: {\"id\":\"math-pipeline-001\",\"projectId\":\"math-test-project-001\",\"name\":\"summ(a, b) Pipeline\",\"description\":\"Pipeline for adding two numbers\",\"templateId\":\"simple-math-template-001\",\"mode\":\"last-result\",\"status\":\"active\",\"created\":\"2024-03-20T10:00:00Z\",\"updated\":\"2024-03-20T10:00:00Z\",\"settings\":{\"timeout\":60,\"retryPolicy\":{\"attempts\":3,\"delay\":5}},\"trigger\":{\"type\":\"manual\",\"config\":{\"inputValidation\":true}}}"}
{"level":"info","message":"Executing pipeline: summ(a, b) Pipeline"}
{"level":"info","message":"executionLog: {\"pipelineId\":\"math-pipeline-001\",\"timestamp\":\"2025-02-08T18:41:51.412Z\",\"status\":\"running\",\"result\":null}"}
{"level":"info","message":"template: {\"id\":\"simple-math-template-001\",\"name\":\"Simple Addition Template\",\"description\":\"Template for adding two numbers\",\"version\":\"1.0.0\",\"nodes\":[{\"id\":\"input-1\",\"type\":\"number\",\"value\":5,\"position\":{\"x\":100,\"y\":100}},{\"id\":\"input-2\",\"type\":\"number\",\"value\":3,\"position\":{\"x\":100,\"y\":200}},{\"id\":\"transform-plus\",\"type\":\"transform\",\"config\":{\"operation\":\"math\",\"method\":\"add\"},\"position\":{\"x\":300,\"y\":150}}],\"connections\":[{\"id\":\"conn-1\",\"sourceNodeId\":\"input-1\",\"targetNodeId\":\"transform-plus\",\"sourcePort\":\"output\",\"targetPort\":\"input1\"},{\"id\":\"conn-2\",\"sourceNodeId\":\"input-2\",\"targetNodeId\":\"transform-plus\",\"sourcePort\":\"output\",\"targetPort\":\"input2\"},{\"id\":\"conn-3\",\"sourceNodeId\":\"transform-plus\",\"targetNodeId\":\"return-result\",\"sourcePort\":\"output\",\"targetPort\":\"input\"}],\"validation\":{\"isValid\":true,\"errors\":[]}}"}
{"level":"info","message":"nodes: [{\"id\":\"input-1\",\"type\":\"number\",\"value\":5,\"position\":{\"x\":100,\"y\":100}},{\"id\":\"input-2\",\"type\":\"number\",\"value\":3,\"position\":{\"x\":100,\"y\":200}},{\"id\":\"transform-plus\",\"type\":\"transform\",\"config\":{\"operation\":\"math\",\"method\":\"add\"},\"position\":{\"x\":300,\"y\":150}}]"}
{"level":"info","message":"node: {\"id\":\"input-1\",\"type\":\"number\",\"value\":5,\"position\":{\"x\":100,\"y\":100}}"}
{"level":"info","message":"[collectNodeInputs][0]: input-1, [{\"id\":\"conn-1\",\"sourceNodeId\":\"input-1\",\"targetNodeId\":\"transform-plus\",\"sourcePort\":\"output\",\"targetPort\":\"input1\"},{\"id\":\"conn-2\",\"sourceNodeId\":\"input-2\",\"targetNodeId\":\"transform-plus\",\"sourcePort\":\"output\",\"targetPort\":\"input2\"},{\"id\":\"conn-3\",\"sourceNodeId\":\"transform-plus\",\"targetNodeId\":\"return-result\",\"sourcePort\":\"output\",\"targetPort\":\"input\"}]"}
{"level":"info","message":"[collectNodeInputs][2]: {}"}
{"level":"info","message":"nodeInputs: {}"}
{"level":"info","message":"[executePipeline] pipeline: {\"id\":\"math-pipeline-001\",\"projectId\":\"math-test-project-001\",\"name\":\"summ(a, b) Pipeline\",\"description\":\"Pipeline for adding two numbers\",\"templateId\":\"simple-math-template-001\",\"mode\":\"last-result\",\"status\":\"active\",\"created\":\"2024-03-20T10:00:00Z\",\"updated\":\"2024-03-20T10:00:00Z\",\"settings\":{\"timeout\":60,\"retryPolicy\":{\"attempts\":3,\"delay\":5}},\"trigger\":{\"type\":\"manual\",\"config\":{\"inputValidation\":true}}}"}
{"level":"info","message":"[executePipeline] Executing pipeline: summ(a, b) Pipeline"}
{"level":"info","message":"[executePipeline] executionLog: {\"pipelineId\":\"math-pipeline-001\",\"timestamp\":\"2025-02-08T18:44:47.451Z\",\"status\":\"running\",\"result\":null}"}
{"level":"info","message":"template: {\"id\":\"simple-math-template-001\",\"name\":\"Simple Addition Template\",\"description\":\"Template for adding two numbers\",\"version\":\"1.0.0\",\"nodes\":[{\"id\":\"input-1\",\"type\":\"number\",\"value\":5,\"position\":{\"x\":100,\"y\":100}},{\"id\":\"input-2\",\"type\":\"number\",\"value\":3,\"position\":{\"x\":100,\"y\":200}},{\"id\":\"transform-plus\",\"type\":\"transform\",\"config\":{\"operation\":\"math\",\"method\":\"add\"},\"position\":{\"x\":300,\"y\":150}}],\"connections\":[{\"id\":\"conn-1\",\"sourceNodeId\":\"input-1\",\"targetNodeId\":\"transform-plus\",\"sourcePort\":\"output\",\"targetPort\":\"input1\"},{\"id\":\"conn-2\",\"sourceNodeId\":\"input-2\",\"targetNodeId\":\"transform-plus\",\"sourcePort\":\"output\",\"targetPort\":\"input2\"},{\"id\":\"conn-3\",\"sourceNodeId\":\"transform-plus\",\"targetNodeId\":\"return-result\",\"sourcePort\":\"output\",\"targetPort\":\"input\"}],\"validation\":{\"isValid\":true,\"errors\":[]}}"}
{"level":"info","message":"nodes: [{\"id\":\"input-1\",\"type\":\"number\",\"value\":5,\"position\":{\"x\":100,\"y\":100}},{\"id\":\"input-2\",\"type\":\"number\",\"value\":3,\"position\":{\"x\":100,\"y\":200}},{\"id\":\"transform-plus\",\"type\":\"transform\",\"config\":{\"operation\":\"math\",\"method\":\"add\"},\"position\":{\"x\":300,\"y\":150}}]"}
{"level":"info","message":"[executePipeline] node: {\"id\":\"input-1\",\"type\":\"number\",\"value\":5,\"position\":{\"x\":100,\"y\":100}}"}
{"level":"info","message":"[collectNodeInputs][0]: input-1, [{\"id\":\"conn-1\",\"sourceNodeId\":\"input-1\",\"targetNodeId\":\"transform-plus\",\"sourcePort\":\"output\",\"targetPort\":\"input1\"},{\"id\":\"conn-2\",\"sourceNodeId\":\"input-2\",\"targetNodeId\":\"transform-plus\",\"sourcePort\":\"output\",\"targetPort\":\"input2\"},{\"id\":\"conn-3\",\"sourceNodeId\":\"transform-plus\",\"targetNodeId\":\"return-result\",\"sourcePort\":\"output\",\"targetPort\":\"input\"}]"}
{"level":"info","message":"[collectNodeInputs][2]: {}"}
{"level":"info","message":"[executePipeline] nodeInputs: {}"}
{"level":"info","message":"[executePipeline] pipeline: {\"id\":\"math-pipeline-001\",\"projectId\":\"math-test-project-001\",\"name\":\"summ(a, b) Pipeline\",\"description\":\"Pipeline for adding two numbers\",\"templateId\":\"simple-math-template-001\",\"mode\":\"last-result\",\"status\":\"active\",\"created\":\"2024-03-20T10:00:00Z\",\"updated\":\"2024-03-20T10:00:00Z\",\"settings\":{\"timeout\":60,\"retryPolicy\":{\"attempts\":3,\"delay\":5}},\"trigger\":{\"type\":\"manual\",\"config\":{\"inputValidation\":true}}}"}
{"level":"info","message":"[executePipeline] Executing pipeline: summ(a, b) Pipeline"}
{"level":"info","message":"[executePipeline] executionLog: {\"pipelineId\":\"math-pipeline-001\",\"timestamp\":\"2025-02-08T18:44:51.785Z\",\"status\":\"running\",\"result\":null}"}
{"level":"info","message":"template: {\"id\":\"simple-math-template-001\",\"name\":\"Simple Addition Template\",\"description\":\"Template for adding two numbers\",\"version\":\"1.0.0\",\"nodes\":[{\"id\":\"input-1\",\"type\":\"number\",\"value\":5,\"position\":{\"x\":100,\"y\":100}},{\"id\":\"input-2\",\"type\":\"number\",\"value\":3,\"position\":{\"x\":100,\"y\":200}},{\"id\":\"transform-plus\",\"type\":\"transform\",\"config\":{\"operation\":\"math\",\"method\":\"add\"},\"position\":{\"x\":300,\"y\":150}}],\"connections\":[{\"id\":\"conn-1\",\"sourceNodeId\":\"input-1\",\"targetNodeId\":\"transform-plus\",\"sourcePort\":\"output\",\"targetPort\":\"input1\"},{\"id\":\"conn-2\",\"sourceNodeId\":\"input-2\",\"targetNodeId\":\"transform-plus\",\"sourcePort\":\"output\",\"targetPort\":\"input2\"},{\"id\":\"conn-3\",\"sourceNodeId\":\"transform-plus\",\"targetNodeId\":\"return-result\",\"sourcePort\":\"output\",\"targetPort\":\"input\"}],\"validation\":{\"isValid\":true,\"errors\":[]}}"}
{"level":"info","message":"nodes: [{\"id\":\"input-1\",\"type\":\"number\",\"value\":5,\"position\":{\"x\":100,\"y\":100}},{\"id\":\"input-2\",\"type\":\"number\",\"value\":3,\"position\":{\"x\":100,\"y\":200}},{\"id\":\"transform-plus\",\"type\":\"transform\",\"config\":{\"operation\":\"math\",\"method\":\"add\"},\"position\":{\"x\":300,\"y\":150}}]"}
{"level":"info","message":"[executePipeline] node: {\"id\":\"input-1\",\"type\":\"number\",\"value\":5,\"position\":{\"x\":100,\"y\":100}}"}
{"level":"info","message":"[collectNodeInputs][0]: input-1, [{\"id\":\"conn-1\",\"sourceNodeId\":\"input-1\",\"targetNodeId\":\"transform-plus\",\"sourcePort\":\"output\",\"targetPort\":\"input1\"},{\"id\":\"conn-2\",\"sourceNodeId\":\"input-2\",\"targetNodeId\":\"transform-plus\",\"sourcePort\":\"output\",\"targetPort\":\"input2\"},{\"id\":\"conn-3\",\"sourceNodeId\":\"transform-plus\",\"targetNodeId\":\"return-result\",\"sourcePort\":\"output\",\"targetPort\":\"input\"}]"}
{"level":"info","message":"[collectNodeInputs][2]: {}"}
{"level":"info","message":"[executePipeline] nodeInputs: {}"}
{"level":"info","message":"[executePipeline] pipeline: {\"id\":\"math-pipeline-001\",\"projectId\":\"math-test-project-001\",\"name\":\"summ(a, b) Pipeline\",\"description\":\"Pipeline for adding two numbers\",\"templateId\":\"simple-math-template-001\",\"mode\":\"last-result\",\"status\":\"active\",\"created\":\"2024-03-20T10:00:00Z\",\"updated\":\"2024-03-20T10:00:00Z\",\"settings\":{\"timeout\":60,\"retryPolicy\":{\"attempts\":3,\"delay\":5}},\"trigger\":{\"type\":\"manual\",\"config\":{\"inputValidation\":true}}}"}
{"level":"info","message":"[executePipeline] Executing pipeline: summ(a, b) Pipeline"}
{"level":"info","message":"[executePipeline] executionLog: {\"pipelineId\":\"math-pipeline-001\",\"timestamp\":\"2025-02-08T18:49:11.359Z\",\"status\":\"running\",\"result\":null}"}
{"level":"info","message":"template: {\"id\":\"simple-math-template-001\",\"name\":\"Simple Addition Template\",\"description\":\"Template for adding two numbers\",\"version\":\"1.0.0\",\"nodes\":[{\"id\":\"input-1\",\"type\":\"number\",\"value\":5,\"position\":{\"x\":100,\"y\":100}},{\"id\":\"input-2\",\"type\":\"number\",\"value\":3,\"position\":{\"x\":100,\"y\":200}},{\"id\":\"transform-plus\",\"type\":\"transform\",\"config\":{\"operation\":\"math\",\"method\":\"add\"},\"position\":{\"x\":300,\"y\":150}}],\"connections\":[{\"id\":\"conn-1\",\"sourceNodeId\":\"input-1\",\"targetNodeId\":\"transform-plus\",\"sourcePort\":\"output\",\"targetPort\":\"input1\"},{\"id\":\"conn-2\",\"sourceNodeId\":\"input-2\",\"targetNodeId\":\"transform-plus\",\"sourcePort\":\"output\",\"targetPort\":\"input2\"},{\"id\":\"conn-3\",\"sourceNodeId\":\"transform-plus\",\"targetNodeId\":\"return-result\",\"sourcePort\":\"output\",\"targetPort\":\"input\"}],\"validation\":{\"isValid\":true,\"errors\":[]}}"}
{"level":"info","message":"nodes: [{\"id\":\"input-1\",\"type\":\"number\",\"value\":5,\"position\":{\"x\":100,\"y\":100}},{\"id\":\"input-2\",\"type\":\"number\",\"value\":3,\"position\":{\"x\":100,\"y\":200}},{\"id\":\"transform-plus\",\"type\":\"transform\",\"config\":{\"operation\":\"math\",\"method\":\"add\"},\"position\":{\"x\":300,\"y\":150}}]"}
{"level":"info","message":"[executePipeline] node: {\"id\":\"input-1\",\"type\":\"number\",\"value\":5,\"position\":{\"x\":100,\"y\":100}}"}
{"level":"info","message":"[collectNodeInputs][0]: input-1, [{\"id\":\"conn-1\",\"sourceNodeId\":\"input-1\",\"targetNodeId\":\"transform-plus\",\"sourcePort\":\"output\",\"targetPort\":\"input1\"},{\"id\":\"conn-2\",\"sourceNodeId\":\"input-2\",\"targetNodeId\":\"transform-plus\",\"sourcePort\":\"output\",\"targetPort\":\"input2\"},{\"id\":\"conn-3\",\"sourceNodeId\":\"transform-plus\",\"targetNodeId\":\"return-result\",\"sourcePort\":\"output\",\"targetPort\":\"input\"}]"}
{"level":"info","message":"[collectNodeInputs][2]: {}"}
{"level":"info","message":"[executePipeline] nodeInputs: {}"}
{"level":"info","message":"[executePipeline] node: {\"id\":\"input-2\",\"type\":\"number\",\"value\":3,\"position\":{\"x\":100,\"y\":200}}"}
{"level":"info","message":"[collectNodeInputs][0]: input-2, [{\"id\":\"conn-1\",\"sourceNodeId\":\"input-1\",\"targetNodeId\":\"transform-plus\",\"sourcePort\":\"output\",\"targetPort\":\"input1\"},{\"id\":\"conn-2\",\"sourceNodeId\":\"input-2\",\"targetNodeId\":\"transform-plus\",\"sourcePort\":\"output\",\"targetPort\":\"input2\"},{\"id\":\"conn-3\",\"sourceNodeId\":\"transform-plus\",\"targetNodeId\":\"return-result\",\"sourcePort\":\"output\",\"targetPort\":\"input\"}]"}
{"level":"info","message":"[collectNodeInputs][2]: {}"}
{"level":"info","message":"[executePipeline] nodeInputs: {}"}
{"level":"info","message":"[executePipeline] node: {\"id\":\"transform-plus\",\"type\":\"transform\",\"config\":{\"operation\":\"math\",\"method\":\"add\"},\"position\":{\"x\":300,\"y\":150}}"}
{"level":"info","message":"[collectNodeInputs][0]: transform-plus, [{\"id\":\"conn-1\",\"sourceNodeId\":\"input-1\",\"targetNodeId\":\"transform-plus\",\"sourcePort\":\"output\",\"targetPort\":\"input1\"},{\"id\":\"conn-2\",\"sourceNodeId\":\"input-2\",\"targetNodeId\":\"transform-plus\",\"sourcePort\":\"output\",\"targetPort\":\"input2\"},{\"id\":\"conn-3\",\"sourceNodeId\":\"transform-plus\",\"targetNodeId\":\"return-result\",\"sourcePort\":\"output\",\"targetPort\":\"input\"}]"}
{"level":"info","message":"[collectNodeInputs][1] conn.targetPort: input1"}
{"level":"info","message":"[collectNodeInputs][1] conn.targetPort: input2"}
{"level":"info","message":"[collectNodeInputs][2]: {\"input1\":\"transform-plus\",\"input2\":\"transform-plus\"}"}
{"level":"info","message":"[executePipeline] nodeInputs: {\"input1\":\"transform-plus\",\"input2\":\"transform-plus\"}"}
{"level":"info","message":"[executePipeline] output: \"transform-plustransform-plus\""}
{"level":"info","message":"Node transform-plus executed successfully."}
{"level":"info","message":"[executePipeline] Pipeline execution completed. Result: undefined"}
{"level":"info","message":"[executePipeline] pipeline: {\"id\":\"math-pipeline-001\",\"projectId\":\"math-test-project-001\",\"name\":\"summ(a, b) Pipeline\",\"description\":\"Pipeline for adding two numbers\",\"templateId\":\"simple-math-template-001\",\"mode\":\"last-result\",\"status\":\"active\",\"created\":\"2024-03-20T10:00:00Z\",\"updated\":\"2024-03-20T10:00:00Z\",\"settings\":{\"timeout\":60,\"retryPolicy\":{\"attempts\":3,\"delay\":5}},\"trigger\":{\"type\":\"manual\",\"config\":{\"inputValidation\":true}}}"}
{"level":"info","message":"[executePipeline] Executing pipeline: summ(a, b) Pipeline"}
{"level":"info","message":"[executePipeline] executionLog: {\"pipelineId\":\"math-pipeline-001\",\"timestamp\":\"2025-02-08T18:49:28.801Z\",\"status\":\"running\",\"result\":null}"}
{"level":"info","message":"template: {\"id\":\"simple-math-template-001\",\"name\":\"Simple Addition Template\",\"description\":\"Template for adding two numbers\",\"version\":\"1.0.0\",\"nodes\":[{\"id\":\"input-1\",\"type\":\"number\",\"value\":5,\"position\":{\"x\":100,\"y\":100}},{\"id\":\"input-2\",\"type\":\"number\",\"value\":3,\"position\":{\"x\":100,\"y\":200}},{\"id\":\"transform-plus\",\"type\":\"transform\",\"config\":{\"operation\":\"math\",\"method\":\"add\"},\"position\":{\"x\":300,\"y\":150}}],\"connections\":[{\"id\":\"conn-1\",\"sourceNodeId\":\"input-1\",\"targetNodeId\":\"transform-plus\",\"sourcePort\":\"output\",\"targetPort\":\"input1\"},{\"id\":\"conn-2\",\"sourceNodeId\":\"input-2\",\"targetNodeId\":\"transform-plus\",\"sourcePort\":\"output\",\"targetPort\":\"input2\"},{\"id\":\"conn-3\",\"sourceNodeId\":\"transform-plus\",\"targetNodeId\":\"return-result\",\"sourcePort\":\"output\",\"targetPort\":\"input\"}],\"validation\":{\"isValid\":true,\"errors\":[]}}"}
{"level":"info","message":"nodes: [{\"id\":\"input-1\",\"type\":\"number\",\"value\":5,\"position\":{\"x\":100,\"y\":100}},{\"id\":\"input-2\",\"type\":\"number\",\"value\":3,\"position\":{\"x\":100,\"y\":200}},{\"id\":\"transform-plus\",\"type\":\"transform\",\"config\":{\"operation\":\"math\",\"method\":\"add\"},\"position\":{\"x\":300,\"y\":150}}]"}
{"level":"info","message":"[executePipeline] node: {\"id\":\"input-1\",\"type\":\"number\",\"value\":5,\"position\":{\"x\":100,\"y\":100}}"}
{"level":"info","message":"[collectNodeInputs][0]: input-1, [{\"id\":\"conn-1\",\"sourceNodeId\":\"input-1\",\"targetNodeId\":\"transform-plus\",\"sourcePort\":\"output\",\"targetPort\":\"input1\"},{\"id\":\"conn-2\",\"sourceNodeId\":\"input-2\",\"targetNodeId\":\"transform-plus\",\"sourcePort\":\"output\",\"targetPort\":\"input2\"},{\"id\":\"conn-3\",\"sourceNodeId\":\"transform-plus\",\"targetNodeId\":\"return-result\",\"sourcePort\":\"output\",\"targetPort\":\"input\"}]"}
{"level":"info","message":"[collectNodeInputs][2]: {}"}
{"level":"info","message":"[executePipeline] nodeInputs: {}"}
{"level":"info","message":"[executePipeline] node: {\"id\":\"input-2\",\"type\":\"number\",\"value\":3,\"position\":{\"x\":100,\"y\":200}}"}
{"level":"info","message":"[collectNodeInputs][0]: input-2, [{\"id\":\"conn-1\",\"sourceNodeId\":\"input-1\",\"targetNodeId\":\"transform-plus\",\"sourcePort\":\"output\",\"targetPort\":\"input1\"},{\"id\":\"conn-2\",\"sourceNodeId\":\"input-2\",\"targetNodeId\":\"transform-plus\",\"sourcePort\":\"output\",\"targetPort\":\"input2\"},{\"id\":\"conn-3\",\"sourceNodeId\":\"transform-plus\",\"targetNodeId\":\"return-result\",\"sourcePort\":\"output\",\"targetPort\":\"input\"}]"}
{"level":"info","message":"[collectNodeInputs][2]: {}"}
{"level":"info","message":"[executePipeline] nodeInputs: {}"}
{"level":"info","message":"[executePipeline] node: {\"id\":\"transform-plus\",\"type\":\"transform\",\"config\":{\"operation\":\"math\",\"method\":\"add\"},\"position\":{\"x\":300,\"y\":150}}"}
{"level":"info","message":"[collectNodeInputs][0]: transform-plus, [{\"id\":\"conn-1\",\"sourceNodeId\":\"input-1\",\"targetNodeId\":\"transform-plus\",\"sourcePort\":\"output\",\"targetPort\":\"input1\"},{\"id\":\"conn-2\",\"sourceNodeId\":\"input-2\",\"targetNodeId\":\"transform-plus\",\"sourcePort\":\"output\",\"targetPort\":\"input2\"},{\"id\":\"conn-3\",\"sourceNodeId\":\"transform-plus\",\"targetNodeId\":\"return-result\",\"sourcePort\":\"output\",\"targetPort\":\"input\"}]"}
{"level":"info","message":"[collectNodeInputs][1] conn.targetPort: input1"}
{"level":"info","message":"[collectNodeInputs][1] conn.targetPort: input2"}
{"level":"info","message":"[collectNodeInputs][2]: {\"input1\":\"transform-plus\",\"input2\":\"transform-plus\"}"}
{"level":"info","message":"[executePipeline] nodeInputs: {\"input1\":\"transform-plus\",\"input2\":\"transform-plus\"}"}
{"level":"info","message":"[executePipeline] output: \"transform-plustransform-plus\""}
{"level":"info","message":"Node transform-plus executed successfully."}
{"level":"info","message":"[executePipeline] Pipeline execution completed. Result: undefined"}
{"level":"info","message":"[executePipeline] pipeline: {\"id\":\"math-pipeline-001\",\"projectId\":\"math-test-project-001\",\"name\":\"summ(a, b) Pipeline\",\"description\":\"Pipeline for adding two numbers\",\"templateId\":\"simple-math-template-001\",\"mode\":\"last-result\",\"status\":\"active\",\"created\":\"2024-03-20T10:00:00Z\",\"updated\":\"2024-03-20T10:00:00Z\",\"settings\":{\"timeout\":60,\"retryPolicy\":{\"attempts\":3,\"delay\":5}},\"trigger\":{\"type\":\"manual\",\"config\":{\"inputValidation\":true}}}"}
{"level":"info","message":"[executePipeline] Executing pipeline: summ(a, b) Pipeline"}
{"level":"info","message":"[executePipeline] executionLog: {\"pipelineId\":\"math-pipeline-001\",\"timestamp\":\"2025-02-08T18:49:48.607Z\",\"status\":\"running\",\"result\":null}"}
{"level":"info","message":"template: {\"id\":\"simple-math-template-001\",\"name\":\"Simple Addition Template\",\"description\":\"Template for adding two numbers\",\"version\":\"1.0.0\",\"nodes\":[{\"id\":\"input-1\",\"type\":\"number\",\"value\":5,\"position\":{\"x\":100,\"y\":100}},{\"id\":\"input-2\",\"type\":\"number\",\"value\":3,\"position\":{\"x\":100,\"y\":200}},{\"id\":\"transform-plus\",\"type\":\"transform\",\"config\":{\"operation\":\"math\",\"method\":\"add\"},\"position\":{\"x\":300,\"y\":150}}],\"connections\":[{\"id\":\"conn-1\",\"sourceNodeId\":\"input-1\",\"targetNodeId\":\"transform-plus\",\"sourcePort\":\"output\",\"targetPort\":\"input1\"},{\"id\":\"conn-2\",\"sourceNodeId\":\"input-2\",\"targetNodeId\":\"transform-plus\",\"sourcePort\":\"output\",\"targetPort\":\"input2\"},{\"id\":\"conn-3\",\"sourceNodeId\":\"transform-plus\",\"targetNodeId\":\"return-result\",\"sourcePort\":\"output\",\"targetPort\":\"input\"}],\"validation\":{\"isValid\":true,\"errors\":[]}}"}
{"level":"info","message":"nodes: [{\"id\":\"input-1\",\"type\":\"number\",\"value\":5,\"position\":{\"x\":100,\"y\":100}},{\"id\":\"input-2\",\"type\":\"number\",\"value\":3,\"position\":{\"x\":100,\"y\":200}},{\"id\":\"transform-plus\",\"type\":\"transform\",\"config\":{\"operation\":\"math\",\"method\":\"add\"},\"position\":{\"x\":300,\"y\":150}}]"}
{"level":"info","message":"[executePipeline] node: {\"id\":\"input-1\",\"type\":\"number\",\"value\":5,\"position\":{\"x\":100,\"y\":100}}"}
{"level":"info","message":"[collectNodeInputs][0]: input-1, [{\"id\":\"conn-1\",\"sourceNodeId\":\"input-1\",\"targetNodeId\":\"transform-plus\",\"sourcePort\":\"output\",\"targetPort\":\"input1\"},{\"id\":\"conn-2\",\"sourceNodeId\":\"input-2\",\"targetNodeId\":\"transform-plus\",\"sourcePort\":\"output\",\"targetPort\":\"input2\"},{\"id\":\"conn-3\",\"sourceNodeId\":\"transform-plus\",\"targetNodeId\":\"return-result\",\"sourcePort\":\"output\",\"targetPort\":\"input\"}]"}
{"level":"info","message":"[collectNodeInputs][2]: {}"}
{"level":"info","message":"[executePipeline] nodeInputs: {}"}
{"level":"info","message":"[executePipeline] node: {\"id\":\"input-2\",\"type\":\"number\",\"value\":3,\"position\":{\"x\":100,\"y\":200}}"}
{"level":"info","message":"[collectNodeInputs][0]: input-2, [{\"id\":\"conn-1\",\"sourceNodeId\":\"input-1\",\"targetNodeId\":\"transform-plus\",\"sourcePort\":\"output\",\"targetPort\":\"input1\"},{\"id\":\"conn-2\",\"sourceNodeId\":\"input-2\",\"targetNodeId\":\"transform-plus\",\"sourcePort\":\"output\",\"targetPort\":\"input2\"},{\"id\":\"conn-3\",\"sourceNodeId\":\"transform-plus\",\"targetNodeId\":\"return-result\",\"sourcePort\":\"output\",\"targetPort\":\"input\"}]"}
{"level":"info","message":"[collectNodeInputs][2]: {}"}
{"level":"info","message":"[executePipeline] nodeInputs: {}"}
{"level":"info","message":"[executePipeline] node: {\"id\":\"transform-plus\",\"type\":\"transform\",\"config\":{\"operation\":\"math\",\"method\":\"add\"},\"position\":{\"x\":300,\"y\":150}}"}
{"level":"info","message":"[collectNodeInputs][0]: transform-plus, [{\"id\":\"conn-1\",\"sourceNodeId\":\"input-1\",\"targetNodeId\":\"transform-plus\",\"sourcePort\":\"output\",\"targetPort\":\"input1\"},{\"id\":\"conn-2\",\"sourceNodeId\":\"input-2\",\"targetNodeId\":\"transform-plus\",\"sourcePort\":\"output\",\"targetPort\":\"input2\"},{\"id\":\"conn-3\",\"sourceNodeId\":\"transform-plus\",\"targetNodeId\":\"return-result\",\"sourcePort\":\"output\",\"targetPort\":\"input\"}]"}
{"level":"info","message":"[collectNodeInputs][1] conn.targetPort: input1"}
{"level":"info","message":"[collectNodeInputs][1] conn.targetPort: input2"}
{"level":"info","message":"[collectNodeInputs][2]: {\"input1\":\"transform-plus\",\"input2\":\"transform-plus\"}"}
{"level":"info","message":"[executePipeline] nodeInputs: {\"input1\":\"transform-plus\",\"input2\":\"transform-plus\"}"}
{"level":"info","message":"[executePipeline] output: \"transform-plustransform-plus\""}
{"level":"info","message":"Node transform-plus executed successfully."}
{"level":"info","message":"[executePipeline] Pipeline execution completed. Result: undefined"}
{"level":"info","message":"[executePipeline] pipeline: {\"id\":\"math-pipeline-001\",\"projectId\":\"math-test-project-001\",\"name\":\"summ(a, b) Pipeline\",\"description\":\"Pipeline for adding two numbers\",\"templateId\":\"simple-math-template-001\",\"mode\":\"last-result\",\"status\":\"active\",\"created\":\"2024-03-20T10:00:00Z\",\"updated\":\"2024-03-20T10:00:00Z\",\"settings\":{\"timeout\":60,\"retryPolicy\":{\"attempts\":3,\"delay\":5}},\"trigger\":{\"type\":\"manual\",\"config\":{\"inputValidation\":true}}}"}
{"level":"info","message":"[executePipeline] Executing pipeline: summ(a, b) Pipeline"}
{"level":"info","message":"[executePipeline] executionLog: {\"pipelineId\":\"math-pipeline-001\",\"timestamp\":\"2025-02-08T18:50:41.666Z\",\"status\":\"running\",\"result\":null}"}
{"level":"info","message":"template: {\"id\":\"simple-math-template-001\",\"name\":\"Simple Addition Template\",\"description\":\"Template for adding two numbers\",\"version\":\"1.0.0\",\"nodes\":[{\"id\":\"input-1\",\"type\":\"number\",\"value\":5,\"position\":{\"x\":100,\"y\":100}},{\"id\":\"input-2\",\"type\":\"number\",\"value\":3,\"position\":{\"x\":100,\"y\":200}},{\"id\":\"transform-plus\",\"type\":\"transform\",\"config\":{\"operation\":\"math\",\"method\":\"add\"},\"position\":{\"x\":300,\"y\":150}}],\"connections\":[{\"id\":\"conn-1\",\"sourceNodeId\":\"input-1\",\"targetNodeId\":\"transform-plus\",\"sourcePort\":\"output\",\"targetPort\":\"input1\"},{\"id\":\"conn-2\",\"sourceNodeId\":\"input-2\",\"targetNodeId\":\"transform-plus\",\"sourcePort\":\"output\",\"targetPort\":\"input2\"},{\"id\":\"conn-3\",\"sourceNodeId\":\"transform-plus\",\"targetNodeId\":\"return-result\",\"sourcePort\":\"output\",\"targetPort\":\"input\"}],\"validation\":{\"isValid\":true,\"errors\":[]}}"}
{"level":"info","message":"nodes: [{\"id\":\"input-1\",\"type\":\"number\",\"value\":5,\"position\":{\"x\":100,\"y\":100}},{\"id\":\"input-2\",\"type\":\"number\",\"value\":3,\"position\":{\"x\":100,\"y\":200}},{\"id\":\"transform-plus\",\"type\":\"transform\",\"config\":{\"operation\":\"math\",\"method\":\"add\"},\"position\":{\"x\":300,\"y\":150}}]"}
{"level":"info","message":"[executePipeline] node: {\"id\":\"input-1\",\"type\":\"number\",\"value\":5,\"position\":{\"x\":100,\"y\":100}}"}
{"level":"info","message":"[collectNodeInputs][0]: input-1, [{\"id\":\"conn-1\",\"sourceNodeId\":\"input-1\",\"targetNodeId\":\"transform-plus\",\"sourcePort\":\"output\",\"targetPort\":\"input1\"},{\"id\":\"conn-2\",\"sourceNodeId\":\"input-2\",\"targetNodeId\":\"transform-plus\",\"sourcePort\":\"output\",\"targetPort\":\"input2\"},{\"id\":\"conn-3\",\"sourceNodeId\":\"transform-plus\",\"targetNodeId\":\"return-result\",\"sourcePort\":\"output\",\"targetPort\":\"input\"}]"}
{"level":"info","message":"[collectNodeInputs][2]: {}"}
{"level":"info","message":"[executePipeline] nodeInputs: {}"}
{"level":"info","message":"[executePipeline] node: {\"id\":\"input-2\",\"type\":\"number\",\"value\":3,\"position\":{\"x\":100,\"y\":200}}"}
{"level":"info","message":"[collectNodeInputs][0]: input-2, [{\"id\":\"conn-1\",\"sourceNodeId\":\"input-1\",\"targetNodeId\":\"transform-plus\",\"sourcePort\":\"output\",\"targetPort\":\"input1\"},{\"id\":\"conn-2\",\"sourceNodeId\":\"input-2\",\"targetNodeId\":\"transform-plus\",\"sourcePort\":\"output\",\"targetPort\":\"input2\"},{\"id\":\"conn-3\",\"sourceNodeId\":\"transform-plus\",\"targetNodeId\":\"return-result\",\"sourcePort\":\"output\",\"targetPort\":\"input\"}]"}
{"level":"info","message":"[collectNodeInputs][2]: {}"}
{"level":"info","message":"[executePipeline] nodeInputs: {}"}
{"level":"info","message":"[executePipeline] node: {\"id\":\"transform-plus\",\"type\":\"transform\",\"config\":{\"operation\":\"math\",\"method\":\"add\"},\"position\":{\"x\":300,\"y\":150}}"}
{"level":"info","message":"[collectNodeInputs][0]: transform-plus, [{\"id\":\"conn-1\",\"sourceNodeId\":\"input-1\",\"targetNodeId\":\"transform-plus\",\"sourcePort\":\"output\",\"targetPort\":\"input1\"},{\"id\":\"conn-2\",\"sourceNodeId\":\"input-2\",\"targetNodeId\":\"transform-plus\",\"sourcePort\":\"output\",\"targetPort\":\"input2\"},{\"id\":\"conn-3\",\"sourceNodeId\":\"transform-plus\",\"targetNodeId\":\"return-result\",\"sourcePort\":\"output\",\"targetPort\":\"input\"}]"}
{"level":"info","message":"[collectNodeInputs][1] conn.targetPort: input1"}
{"level":"info","message":"[collectNodeInputs][1] conn.targetPort: input2"}
{"level":"info","message":"[collectNodeInputs][2]: {\"input1\":\"transform-plus\",\"input2\":\"transform-plus\"}"}
{"level":"info","message":"[executePipeline] nodeInputs: {\"input1\":\"transform-plus\",\"input2\":\"transform-plus\"}"}
{"level":"info","message":"[executePipeline] output: \"transform-plustransform-plus\""}
{"level":"info","message":"[executePipeline][end] id: \"transform-plus, status: success, result: transform-plustransform-plus"}
{"level":"info","message":"[executePipeline] Pipeline execution completed. Result: undefined"}
{"level":"info","message":"[executePipeline] pipeline: {\"id\":\"math-pipeline-001\",\"projectId\":\"math-test-project-001\",\"name\":\"summ(a, b) Pipeline\",\"description\":\"Pipeline for adding two numbers\",\"templateId\":\"simple-math-template-001\",\"mode\":\"last-result\",\"status\":\"active\",\"created\":\"2024-03-20T10:00:00Z\",\"updated\":\"2024-03-20T10:00:00Z\",\"settings\":{\"timeout\":60,\"retryPolicy\":{\"attempts\":3,\"delay\":5}},\"trigger\":{\"type\":\"manual\",\"config\":{\"inputValidation\":true}}}"}
{"level":"info","message":"[executePipeline] Executing pipeline: summ(a, b) Pipeline"}
{"level":"info","message":"[executePipeline] executionLog: {\"pipelineId\":\"math-pipeline-001\",\"timestamp\":\"2025-02-08T18:50:43.229Z\",\"status\":\"running\",\"result\":null}"}
{"level":"info","message":"template: {\"id\":\"simple-math-template-001\",\"name\":\"Simple Addition Template\",\"description\":\"Template for adding two numbers\",\"version\":\"1.0.0\",\"nodes\":[{\"id\":\"input-1\",\"type\":\"number\",\"value\":5,\"position\":{\"x\":100,\"y\":100}},{\"id\":\"input-2\",\"type\":\"number\",\"value\":3,\"position\":{\"x\":100,\"y\":200}},{\"id\":\"transform-plus\",\"type\":\"transform\",\"config\":{\"operation\":\"math\",\"method\":\"add\"},\"position\":{\"x\":300,\"y\":150}}],\"connections\":[{\"id\":\"conn-1\",\"sourceNodeId\":\"input-1\",\"targetNodeId\":\"transform-plus\",\"sourcePort\":\"output\",\"targetPort\":\"input1\"},{\"id\":\"conn-2\",\"sourceNodeId\":\"input-2\",\"targetNodeId\":\"transform-plus\",\"sourcePort\":\"output\",\"targetPort\":\"input2\"},{\"id\":\"conn-3\",\"sourceNodeId\":\"transform-plus\",\"targetNodeId\":\"return-result\",\"sourcePort\":\"output\",\"targetPort\":\"input\"}],\"validation\":{\"isValid\":true,\"errors\":[]}}"}
{"level":"info","message":"nodes: [{\"id\":\"input-1\",\"type\":\"number\",\"value\":5,\"position\":{\"x\":100,\"y\":100}},{\"id\":\"input-2\",\"type\":\"number\",\"value\":3,\"position\":{\"x\":100,\"y\":200}},{\"id\":\"transform-plus\",\"type\":\"transform\",\"config\":{\"operation\":\"math\",\"method\":\"add\"},\"position\":{\"x\":300,\"y\":150}}]"}
{"level":"info","message":"[executePipeline] node: {\"id\":\"input-1\",\"type\":\"number\",\"value\":5,\"position\":{\"x\":100,\"y\":100}}"}
{"level":"info","message":"[collectNodeInputs][0]: input-1, [{\"id\":\"conn-1\",\"sourceNodeId\":\"input-1\",\"targetNodeId\":\"transform-plus\",\"sourcePort\":\"output\",\"targetPort\":\"input1\"},{\"id\":\"conn-2\",\"sourceNodeId\":\"input-2\",\"targetNodeId\":\"transform-plus\",\"sourcePort\":\"output\",\"targetPort\":\"input2\"},{\"id\":\"conn-3\",\"sourceNodeId\":\"transform-plus\",\"targetNodeId\":\"return-result\",\"sourcePort\":\"output\",\"targetPort\":\"input\"}]"}
{"level":"info","message":"[collectNodeInputs][2]: {}"}
{"level":"info","message":"[executePipeline] nodeInputs: {}"}
{"level":"info","message":"[executePipeline] node: {\"id\":\"input-2\",\"type\":\"number\",\"value\":3,\"position\":{\"x\":100,\"y\":200}}"}
{"level":"info","message":"[collectNodeInputs][0]: input-2, [{\"id\":\"conn-1\",\"sourceNodeId\":\"input-1\",\"targetNodeId\":\"transform-plus\",\"sourcePort\":\"output\",\"targetPort\":\"input1\"},{\"id\":\"conn-2\",\"sourceNodeId\":\"input-2\",\"targetNodeId\":\"transform-plus\",\"sourcePort\":\"output\",\"targetPort\":\"input2\"},{\"id\":\"conn-3\",\"sourceNodeId\":\"transform-plus\",\"targetNodeId\":\"return-result\",\"sourcePort\":\"output\",\"targetPort\":\"input\"}]"}
{"level":"info","message":"[collectNodeInputs][2]: {}"}
{"level":"info","message":"[executePipeline] nodeInputs: {}"}
{"level":"info","message":"[executePipeline] node: {\"id\":\"transform-plus\",\"type\":\"transform\",\"config\":{\"operation\":\"math\",\"method\":\"add\"},\"position\":{\"x\":300,\"y\":150}}"}
{"level":"info","message":"[collectNodeInputs][0]: transform-plus, [{\"id\":\"conn-1\",\"sourceNodeId\":\"input-1\",\"targetNodeId\":\"transform-plus\",\"sourcePort\":\"output\",\"targetPort\":\"input1\"},{\"id\":\"conn-2\",\"sourceNodeId\":\"input-2\",\"targetNodeId\":\"transform-plus\",\"sourcePort\":\"output\",\"targetPort\":\"input2\"},{\"id\":\"conn-3\",\"sourceNodeId\":\"transform-plus\",\"targetNodeId\":\"return-result\",\"sourcePort\":\"output\",\"targetPort\":\"input\"}]"}
{"level":"info","message":"[collectNodeInputs][1] conn.targetPort: input1"}
{"level":"info","message":"[collectNodeInputs][1] conn.targetPort: input2"}
{"level":"info","message":"[collectNodeInputs][2]: {\"input1\":\"transform-plus\",\"input2\":\"transform-plus\"}"}
{"level":"info","message":"[executePipeline] nodeInputs: {\"input1\":\"transform-plus\",\"input2\":\"transform-plus\"}"}
{"level":"info","message":"[executePipeline] output: \"transform-plustransform-plus\""}
{"level":"info","message":"[executePipeline][end] id: transform-plus, status: success, result: transform-plustransform-plus"}
{"level":"info","message":"[executePipeline] Pipeline execution completed. Result: undefined"}
{"level":"info","message":"[executePipeline] pipeline: {\"id\":\"math-pipeline-001\",\"projectId\":\"math-test-project-001\",\"name\":\"summ(a, b) Pipeline\",\"description\":\"Pipeline for adding two numbers\",\"templateId\":\"simple-math-template-001\",\"mode\":\"last-result\",\"status\":\"active\",\"created\":\"2024-03-20T10:00:00Z\",\"updated\":\"2024-03-20T10:00:00Z\",\"settings\":{\"timeout\":60,\"retryPolicy\":{\"attempts\":3,\"delay\":5}},\"trigger\":{\"type\":\"manual\",\"config\":{\"inputValidation\":true}}}"}
{"level":"info","message":"[executePipeline] Executing pipeline: summ(a, b) Pipeline"}
{"level":"info","message":"[executePipeline] executionLog: {\"pipelineId\":\"math-pipeline-001\",\"timestamp\":\"2025-02-08T18:51:34.578Z\",\"status\":\"running\",\"result\":null}"}
{"level":"info","message":"template: {\"id\":\"simple-math-template-001\",\"name\":\"Simple Addition Template\",\"description\":\"Template for adding two numbers\",\"version\":\"1.0.0\",\"nodes\":[{\"id\":\"input-1\",\"type\":\"number\",\"value\":5,\"position\":{\"x\":100,\"y\":100}},{\"id\":\"input-2\",\"type\":\"number\",\"value\":3,\"position\":{\"x\":100,\"y\":200}},{\"id\":\"transform-plus\",\"type\":\"transform\",\"config\":{\"operation\":\"math\",\"method\":\"add\"},\"position\":{\"x\":300,\"y\":150}}],\"connections\":[{\"id\":\"conn-1\",\"sourceNodeId\":\"input-1\",\"targetNodeId\":\"transform-plus\",\"sourcePort\":\"output\",\"targetPort\":\"input1\"},{\"id\":\"conn-2\",\"sourceNodeId\":\"input-2\",\"targetNodeId\":\"transform-plus\",\"sourcePort\":\"output\",\"targetPort\":\"input2\"},{\"id\":\"conn-3\",\"sourceNodeId\":\"transform-plus\",\"targetNodeId\":\"return-result\",\"sourcePort\":\"output\",\"targetPort\":\"input\"}],\"validation\":{\"isValid\":true,\"errors\":[]}}"}
{"level":"info","message":"nodes: [{\"id\":\"input-1\",\"type\":\"number\",\"value\":5,\"position\":{\"x\":100,\"y\":100}},{\"id\":\"input-2\",\"type\":\"number\",\"value\":3,\"position\":{\"x\":100,\"y\":200}},{\"id\":\"transform-plus\",\"type\":\"transform\",\"config\":{\"operation\":\"math\",\"method\":\"add\"},\"position\":{\"x\":300,\"y\":150}}]"}
{"level":"info","message":"[executePipeline] node: {\"id\":\"input-1\",\"type\":\"number\",\"value\":5,\"position\":{\"x\":100,\"y\":100}}"}
{"level":"info","message":"[collectNodeInputs][0]: input-1, [{\"id\":\"conn-1\",\"sourceNodeId\":\"input-1\",\"targetNodeId\":\"transform-plus\",\"sourcePort\":\"output\",\"targetPort\":\"input1\"},{\"id\":\"conn-2\",\"sourceNodeId\":\"input-2\",\"targetNodeId\":\"transform-plus\",\"sourcePort\":\"output\",\"targetPort\":\"input2\"},{\"id\":\"conn-3\",\"sourceNodeId\":\"transform-plus\",\"targetNodeId\":\"return-result\",\"sourcePort\":\"output\",\"targetPort\":\"input\"}]"}
{"level":"info","message":"[collectNodeInputs][2]: {}"}
{"level":"info","message":"[executePipeline] nodeInputs: {}"}
{"level":"info","message":"[executePipeline] node: {\"id\":\"input-2\",\"type\":\"number\",\"value\":3,\"position\":{\"x\":100,\"y\":200}}"}
{"level":"info","message":"[collectNodeInputs][0]: input-2, [{\"id\":\"conn-1\",\"sourceNodeId\":\"input-1\",\"targetNodeId\":\"transform-plus\",\"sourcePort\":\"output\",\"targetPort\":\"input1\"},{\"id\":\"conn-2\",\"sourceNodeId\":\"input-2\",\"targetNodeId\":\"transform-plus\",\"sourcePort\":\"output\",\"targetPort\":\"input2\"},{\"id\":\"conn-3\",\"sourceNodeId\":\"transform-plus\",\"targetNodeId\":\"return-result\",\"sourcePort\":\"output\",\"targetPort\":\"input\"}]"}
{"level":"info","message":"[collectNodeInputs][2]: {}"}
{"level":"info","message":"[executePipeline] nodeInputs: {}"}
{"level":"info","message":"[executePipeline] node: {\"id\":\"transform-plus\",\"type\":\"transform\",\"config\":{\"operation\":\"math\",\"method\":\"add\"},\"position\":{\"x\":300,\"y\":150}}"}
{"level":"info","message":"[collectNodeInputs][0]: transform-plus, [{\"id\":\"conn-1\",\"sourceNodeId\":\"input-1\",\"targetNodeId\":\"transform-plus\",\"sourcePort\":\"output\",\"targetPort\":\"input1\"},{\"id\":\"conn-2\",\"sourceNodeId\":\"input-2\",\"targetNodeId\":\"transform-plus\",\"sourcePort\":\"output\",\"targetPort\":\"input2\"},{\"id\":\"conn-3\",\"sourceNodeId\":\"transform-plus\",\"targetNodeId\":\"return-result\",\"sourcePort\":\"output\",\"targetPort\":\"input\"}]"}
{"level":"info","message":"[collectNodeInputs][1] conn.targetPort: input1"}
{"level":"info","message":"[collectNodeInputs][1] conn.targetPort: input2"}
{"level":"info","message":"[collectNodeInputs][2]: {\"input1\":\"transform-plus\",\"input2\":\"transform-plus\"}"}
{"level":"info","message":"[executePipeline] nodeInputs: {\"input1\":\"transform-plus\",\"input2\":\"transform-plus\"}"}
{"level":"info","message":"[executePipeline] output: null"}
{"level":"info","message":"[executePipeline][end] id: transform-plus, status: success, result: NaN"}
{"level":"info","message":"[executePipeline] Pipeline execution completed. Result: undefined"}
{"level":"info","message":"[executePipeline] pipeline: {\"id\":\"math-pipeline-001\",\"projectId\":\"math-test-project-001\",\"name\":\"summ(a, b) Pipeline\",\"description\":\"Pipeline for adding two numbers\",\"templateId\":\"simple-math-template-001\",\"mode\":\"last-result\",\"status\":\"active\",\"created\":\"2024-03-20T10:00:00Z\",\"updated\":\"2024-03-20T10:00:00Z\",\"settings\":{\"timeout\":60,\"retryPolicy\":{\"attempts\":3,\"delay\":5}},\"trigger\":{\"type\":\"manual\",\"config\":{\"inputValidation\":true}}}"}
{"level":"info","message":"[TransformNode] inputs: {\"input1\":\"transform-plus\",\"input2\":\"transform-plus\"}"}
{"level":"info","message":"[executePipeline] Executing pipeline: summ(a, b) Pipeline"}
{"level":"info","message":"[executePipeline] executionLog: {\"pipelineId\":\"math-pipeline-001\",\"timestamp\":\"2025-02-08T18:54:18.180Z\",\"status\":\"running\",\"result\":null}"}
{"level":"info","message":"template: {\"id\":\"simple-math-template-001\",\"name\":\"Simple Addition Template\",\"description\":\"Template for adding two numbers\",\"version\":\"1.0.0\",\"nodes\":[{\"id\":\"input-1\",\"type\":\"number\",\"value\":5,\"position\":{\"x\":100,\"y\":100}},{\"id\":\"input-2\",\"type\":\"number\",\"value\":3,\"position\":{\"x\":100,\"y\":200}},{\"id\":\"transform-plus\",\"type\":\"transform\",\"config\":{\"operation\":\"math\",\"method\":\"add\"},\"position\":{\"x\":300,\"y\":150}}],\"connections\":[{\"id\":\"conn-1\",\"sourceNodeId\":\"input-1\",\"targetNodeId\":\"transform-plus\",\"sourcePort\":\"output\",\"targetPort\":\"input1\"},{\"id\":\"conn-2\",\"sourceNodeId\":\"input-2\",\"targetNodeId\":\"transform-plus\",\"sourcePort\":\"output\",\"targetPort\":\"input2\"},{\"id\":\"conn-3\",\"sourceNodeId\":\"transform-plus\",\"targetNodeId\":\"return-result\",\"sourcePort\":\"output\",\"targetPort\":\"input\"}],\"validation\":{\"isValid\":true,\"errors\":[]}}"}
{"level":"info","message":"nodes: [{\"id\":\"input-1\",\"type\":\"number\",\"value\":5,\"position\":{\"x\":100,\"y\":100}},{\"id\":\"input-2\",\"type\":\"number\",\"value\":3,\"position\":{\"x\":100,\"y\":200}},{\"id\":\"transform-plus\",\"type\":\"transform\",\"config\":{\"operation\":\"math\",\"method\":\"add\"},\"position\":{\"x\":300,\"y\":150}}]"}
{"level":"info","message":"[executePipeline] node: {\"id\":\"input-1\",\"type\":\"number\",\"value\":5,\"position\":{\"x\":100,\"y\":100}}"}
{"level":"info","message":"[collectNodeInputs][0]: input-1, [{\"id\":\"conn-1\",\"sourceNodeId\":\"input-1\",\"targetNodeId\":\"transform-plus\",\"sourcePort\":\"output\",\"targetPort\":\"input1\"},{\"id\":\"conn-2\",\"sourceNodeId\":\"input-2\",\"targetNodeId\":\"transform-plus\",\"sourcePort\":\"output\",\"targetPort\":\"input2\"},{\"id\":\"conn-3\",\"sourceNodeId\":\"transform-plus\",\"targetNodeId\":\"return-result\",\"sourcePort\":\"output\",\"targetPort\":\"input\"}]"}
{"level":"info","message":"[collectNodeInputs][2]: {}"}
{"level":"info","message":"[executePipeline] nodeInputs: {}"}
{"level":"info","message":"[executePipeline] node: {\"id\":\"input-2\",\"type\":\"number\",\"value\":3,\"position\":{\"x\":100,\"y\":200}}"}
{"level":"info","message":"[collectNodeInputs][0]: input-2, [{\"id\":\"conn-1\",\"sourceNodeId\":\"input-1\",\"targetNodeId\":\"transform-plus\",\"sourcePort\":\"output\",\"targetPort\":\"input1\"},{\"id\":\"conn-2\",\"sourceNodeId\":\"input-2\",\"targetNodeId\":\"transform-plus\",\"sourcePort\":\"output\",\"targetPort\":\"input2\"},{\"id\":\"conn-3\",\"sourceNodeId\":\"transform-plus\",\"targetNodeId\":\"return-result\",\"sourcePort\":\"output\",\"targetPort\":\"input\"}]"}
{"level":"info","message":"[collectNodeInputs][2]: {}"}
{"level":"info","message":"[executePipeline] nodeInputs: {}"}
{"level":"info","message":"[executePipeline] node: {\"id\":\"transform-plus\",\"type\":\"transform\",\"config\":{\"operation\":\"math\",\"method\":\"add\"},\"position\":{\"x\":300,\"y\":150}}"}
{"level":"info","message":"[collectNodeInputs][0]: transform-plus, [{\"id\":\"conn-1\",\"sourceNodeId\":\"input-1\",\"targetNodeId\":\"transform-plus\",\"sourcePort\":\"output\",\"targetPort\":\"input1\"},{\"id\":\"conn-2\",\"sourceNodeId\":\"input-2\",\"targetNodeId\":\"transform-plus\",\"sourcePort\":\"output\",\"targetPort\":\"input2\"},{\"id\":\"conn-3\",\"sourceNodeId\":\"transform-plus\",\"targetNodeId\":\"return-result\",\"sourcePort\":\"output\",\"targetPort\":\"input\"}]"}
{"level":"info","message":"[collectNodeInputs][1] conn.targetPort: input1"}
{"level":"info","message":"[collectNodeInputs][1] conn.targetPort: input2"}
{"level":"info","message":"[collectNodeInputs][2]: {\"input1\":\"transform-plus\",\"input2\":\"transform-plus\"}"}
{"level":"info","message":"[executePipeline] nodeInputs: {\"input1\":\"transform-plus\",\"input2\":\"transform-plus\"}"}
{"level":"info","message":"[executePipeline] output: null"}
{"level":"info","message":"[executePipeline][end] id: transform-plus, status: success, result: NaN"}
{"level":"info","message":"[executePipeline] Pipeline execution completed. Result: undefined"}
{"level":"info","message":"[executePipeline] pipeline: {\"id\":\"math-pipeline-001\",\"projectId\":\"math-test-project-001\",\"name\":\"summ(a, b) Pipeline\",\"description\":\"Pipeline for adding two numbers\",\"templateId\":\"simple-math-template-001\",\"mode\":\"last-result\",\"status\":\"active\",\"created\":\"2024-03-20T10:00:00Z\",\"updated\":\"2024-03-20T10:00:00Z\",\"settings\":{\"timeout\":60,\"retryPolicy\":{\"attempts\":3,\"delay\":5}},\"trigger\":{\"type\":\"manual\",\"config\":{\"inputValidation\":true}}}"}
{"level":"info","message":"[TransformNode] inputs: {\"input1\":\"transform-plus\",\"input2\":\"transform-plus\"}"}
{"level":"info","message":"[executePipeline] Executing pipeline: summ(a, b) Pipeline"}
{"level":"info","message":"[executePipeline] executionLog: {\"pipelineId\":\"math-pipeline-001\",\"timestamp\":\"2025-02-08T18:55:04.303Z\",\"status\":\"running\",\"result\":null}"}
{"level":"info","message":"template: {\"id\":\"simple-math-template-001\",\"name\":\"Simple Addition Template\",\"description\":\"Template for adding two numbers\",\"version\":\"1.0.0\",\"nodes\":[{\"id\":\"input-1\",\"type\":\"number\",\"value\":5,\"position\":{\"x\":100,\"y\":100}},{\"id\":\"input-2\",\"type\":\"number\",\"value\":3,\"position\":{\"x\":100,\"y\":200}},{\"id\":\"transform-plus\",\"type\":\"transform\",\"config\":{\"operation\":\"math\",\"method\":\"add\"},\"position\":{\"x\":300,\"y\":150}}],\"connections\":[{\"id\":\"conn-1\",\"sourceNodeId\":\"input-1\",\"targetNodeId\":\"transform-plus\",\"sourcePort\":\"output\",\"targetPort\":\"input1\"},{\"id\":\"conn-2\",\"sourceNodeId\":\"input-2\",\"targetNodeId\":\"transform-plus\",\"sourcePort\":\"output\",\"targetPort\":\"input2\"},{\"id\":\"conn-3\",\"sourceNodeId\":\"transform-plus\",\"targetNodeId\":\"return-result\",\"sourcePort\":\"output\",\"targetPort\":\"input\"}],\"validation\":{\"isValid\":true,\"errors\":[]}}"}
{"level":"info","message":"nodes: [{\"id\":\"input-1\",\"type\":\"number\",\"value\":5,\"position\":{\"x\":100,\"y\":100}},{\"id\":\"input-2\",\"type\":\"number\",\"value\":3,\"position\":{\"x\":100,\"y\":200}},{\"id\":\"transform-plus\",\"type\":\"transform\",\"config\":{\"operation\":\"math\",\"method\":\"add\"},\"position\":{\"x\":300,\"y\":150}}]"}
{"level":"info","message":"[executePipeline] node: {\"id\":\"input-1\",\"type\":\"number\",\"value\":5,\"position\":{\"x\":100,\"y\":100}}"}
{"level":"info","message":"[collectNodeInputs][0]: input-1, [{\"id\":\"conn-1\",\"sourceNodeId\":\"input-1\",\"targetNodeId\":\"transform-plus\",\"sourcePort\":\"output\",\"targetPort\":\"input1\"},{\"id\":\"conn-2\",\"sourceNodeId\":\"input-2\",\"targetNodeId\":\"transform-plus\",\"sourcePort\":\"output\",\"targetPort\":\"input2\"},{\"id\":\"conn-3\",\"sourceNodeId\":\"transform-plus\",\"targetNodeId\":\"return-result\",\"sourcePort\":\"output\",\"targetPort\":\"input\"}]"}
{"level":"info","message":"[collectNodeInputs][2]: {}"}
{"level":"info","message":"[executePipeline] nodeInputs: {}"}
{"level":"info","message":"[executePipeline] node: {\"id\":\"input-2\",\"type\":\"number\",\"value\":3,\"position\":{\"x\":100,\"y\":200}}"}
{"level":"info","message":"[collectNodeInputs][0]: input-2, [{\"id\":\"conn-1\",\"sourceNodeId\":\"input-1\",\"targetNodeId\":\"transform-plus\",\"sourcePort\":\"output\",\"targetPort\":\"input1\"},{\"id\":\"conn-2\",\"sourceNodeId\":\"input-2\",\"targetNodeId\":\"transform-plus\",\"sourcePort\":\"output\",\"targetPort\":\"input2\"},{\"id\":\"conn-3\",\"sourceNodeId\":\"transform-plus\",\"targetNodeId\":\"return-result\",\"sourcePort\":\"output\",\"targetPort\":\"input\"}]"}
{"level":"info","message":"[collectNodeInputs][2]: {}"}
{"level":"info","message":"[executePipeline] nodeInputs: {}"}
{"level":"info","message":"[executePipeline] node: {\"id\":\"transform-plus\",\"type\":\"transform\",\"config\":{\"operation\":\"math\",\"method\":\"add\"},\"position\":{\"x\":300,\"y\":150}}"}
{"level":"info","message":"[collectNodeInputs][0]: transform-plus, [{\"id\":\"conn-1\",\"sourceNodeId\":\"input-1\",\"targetNodeId\":\"transform-plus\",\"sourcePort\":\"output\",\"targetPort\":\"input1\"},{\"id\":\"conn-2\",\"sourceNodeId\":\"input-2\",\"targetNodeId\":\"transform-plus\",\"sourcePort\":\"output\",\"targetPort\":\"input2\"},{\"id\":\"conn-3\",\"sourceNodeId\":\"transform-plus\",\"targetNodeId\":\"return-result\",\"sourcePort\":\"output\",\"targetPort\":\"input\"}]"}
{"level":"info","message":"[collectNodeInputs][1] conn.targetPort: input1"}
{"level":"info","message":"[collectNodeInputs][1] conn.targetPort: input2"}
{"level":"info","message":"[collectNodeInputs][2]: {\"input1\":\"transform-plus\",\"input2\":\"transform-plus\"}"}
{"level":"info","message":"[executePipeline] nodeInputs: {\"input1\":\"transform-plus\",\"input2\":\"transform-plus\"}"}
{"level":"info","message":"[executePipeline] output: \"transform-plustransform-plus\""}
{"level":"info","message":"[executePipeline][end] id: transform-plus, status: success, result: transform-plustransform-plus"}
{"level":"info","message":"[executePipeline] Pipeline execution completed. Result: undefined"}
{"level":"info","message":"[executePipeline] pipeline: {\"id\":\"math-pipeline-001\",\"projectId\":\"math-test-project-001\",\"name\":\"summ(a, b) Pipeline\",\"description\":\"Pipeline for adding two numbers\",\"templateId\":\"simple-math-template-001\",\"mode\":\"last-result\",\"status\":\"active\",\"created\":\"2024-03-20T10:00:00Z\",\"updated\":\"2024-03-20T10:00:00Z\",\"settings\":{\"timeout\":60,\"retryPolicy\":{\"attempts\":3,\"delay\":5}},\"trigger\":{\"type\":\"manual\",\"config\":{\"inputValidation\":true}}}"}
{"level":"info","message":"[TransformNode] inputs: {\"input1\":\"transform-plus\",\"input2\":\"transform-plus\"}"}
{"level":"info","message":"[executePipeline] Executing pipeline: summ(a, b) Pipeline"}
{"level":"info","message":"[executePipeline] executionLog: {\"pipelineId\":\"math-pipeline-001\",\"timestamp\":\"2025-02-08T18:57:31.045Z\",\"status\":\"running\",\"result\":null}"}
{"level":"info","message":"template: {\"id\":\"simple-math-template-001\",\"name\":\"Simple Addition Template\",\"description\":\"Template for adding two numbers\",\"version\":\"1.0.0\",\"nodes\":[{\"id\":\"input-1\",\"type\":\"number\",\"value\":5,\"position\":{\"x\":100,\"y\":100}},{\"id\":\"input-2\",\"type\":\"number\",\"value\":3,\"position\":{\"x\":100,\"y\":200}},{\"id\":\"transform-plus\",\"type\":\"transform\",\"config\":{\"operation\":\"math\",\"method\":\"add\"},\"position\":{\"x\":300,\"y\":150}}],\"connections\":[{\"id\":\"conn-1\",\"sourceNodeId\":\"input-1\",\"targetNodeId\":\"transform-plus\",\"sourcePort\":\"output\",\"targetPort\":\"input1\"},{\"id\":\"conn-2\",\"sourceNodeId\":\"input-2\",\"targetNodeId\":\"transform-plus\",\"sourcePort\":\"output\",\"targetPort\":\"input2\"},{\"id\":\"conn-3\",\"sourceNodeId\":\"transform-plus\",\"targetNodeId\":\"return-result\",\"sourcePort\":\"output\",\"targetPort\":\"input\"}],\"validation\":{\"isValid\":true,\"errors\":[]}}"}
{"level":"info","message":"nodes: [{\"id\":\"input-1\",\"type\":\"number\",\"value\":5,\"position\":{\"x\":100,\"y\":100}},{\"id\":\"input-2\",\"type\":\"number\",\"value\":3,\"position\":{\"x\":100,\"y\":200}},{\"id\":\"transform-plus\",\"type\":\"transform\",\"config\":{\"operation\":\"math\",\"method\":\"add\"},\"position\":{\"x\":300,\"y\":150}}]"}
{"level":"info","message":"[executePipeline] node: {\"id\":\"input-1\",\"type\":\"number\",\"value\":5,\"position\":{\"x\":100,\"y\":100}}"}
{"level":"info","message":"[collectNodeInputs][0]: input-1, [{\"id\":\"conn-1\",\"sourceNodeId\":\"input-1\",\"targetNodeId\":\"transform-plus\",\"sourcePort\":\"output\",\"targetPort\":\"input1\"},{\"id\":\"conn-2\",\"sourceNodeId\":\"input-2\",\"targetNodeId\":\"transform-plus\",\"sourcePort\":\"output\",\"targetPort\":\"input2\"},{\"id\":\"conn-3\",\"sourceNodeId\":\"transform-plus\",\"targetNodeId\":\"return-result\",\"sourcePort\":\"output\",\"targetPort\":\"input\"}]"}
{"level":"info","message":"[collectNodeInputs][2]: {}"}
{"level":"info","message":"[executePipeline] nodeInputs: {}"}
{"level":"info","message":"[executePipeline] node: {\"id\":\"input-2\",\"type\":\"number\",\"value\":3,\"position\":{\"x\":100,\"y\":200}}"}
{"level":"info","message":"[collectNodeInputs][0]: input-2, [{\"id\":\"conn-1\",\"sourceNodeId\":\"input-1\",\"targetNodeId\":\"transform-plus\",\"sourcePort\":\"output\",\"targetPort\":\"input1\"},{\"id\":\"conn-2\",\"sourceNodeId\":\"input-2\",\"targetNodeId\":\"transform-plus\",\"sourcePort\":\"output\",\"targetPort\":\"input2\"},{\"id\":\"conn-3\",\"sourceNodeId\":\"transform-plus\",\"targetNodeId\":\"return-result\",\"sourcePort\":\"output\",\"targetPort\":\"input\"}]"}
{"level":"info","message":"[collectNodeInputs][2]: {}"}
{"level":"info","message":"[executePipeline] nodeInputs: {}"}
{"level":"info","message":"[executePipeline] node: {\"id\":\"transform-plus\",\"type\":\"transform\",\"config\":{\"operation\":\"math\",\"method\":\"add\"},\"position\":{\"x\":300,\"y\":150}}"}
{"level":"info","message":"[collectNodeInputs][0]: transform-plus, [{\"id\":\"conn-1\",\"sourceNodeId\":\"input-1\",\"targetNodeId\":\"transform-plus\",\"sourcePort\":\"output\",\"targetPort\":\"input1\"},{\"id\":\"conn-2\",\"sourceNodeId\":\"input-2\",\"targetNodeId\":\"transform-plus\",\"sourcePort\":\"output\",\"targetPort\":\"input2\"},{\"id\":\"conn-3\",\"sourceNodeId\":\"transform-plus\",\"targetNodeId\":\"return-result\",\"sourcePort\":\"output\",\"targetPort\":\"input\"}]"}
{"level":"info","message":"[collectNodeInputs][1] conn.targetPort: input1"}
{"level":"info","message":"[collectNodeInputs][1] conn.targetPort: input2"}
{"level":"info","message":"[collectNodeInputs][2]: {\"input1\":\"transform-plus\",\"input2\":\"transform-plus\"}"}
{"level":"info","message":"[executePipeline] nodeInputs: {\"input1\":\"transform-plus\",\"input2\":\"transform-plus\"}"}
{"level":"info","message":"[executePipeline] output: \"transform-plustransform-plus\""}
{"level":"info","message":"[executePipeline][end] id: transform-plus, status: success, result: transform-plustransform-plus"}
{"level":"info","message":"[executePipeline] Pipeline execution completed. Result: undefined"}
{"level":"info","message":"[executePipeline] pipeline: {\"id\":\"math-pipeline-001\",\"projectId\":\"math-test-project-001\",\"name\":\"summ(a, b) Pipeline\",\"description\":\"Pipeline for adding two numbers\",\"templateId\":\"simple-math-template-001\",\"mode\":\"last-result\",\"status\":\"active\",\"created\":\"2024-03-20T10:00:00Z\",\"updated\":\"2024-03-20T10:00:00Z\",\"settings\":{\"timeout\":60,\"retryPolicy\":{\"attempts\":3,\"delay\":5}},\"trigger\":{\"type\":\"manual\",\"config\":{\"inputValidation\":true}}}"}
{"level":"info","message":"[TransformNode] inputs: {\"input1\":\"transform-plus\",\"input2\":\"transform-plus\"}"}
{"level":"info","message":"[executePipeline] Executing pipeline: summ(a, b) Pipeline"}
{"level":"info","message":"[executePipeline] executionLog: {\"pipelineId\":\"math-pipeline-001\",\"timestamp\":\"2025-02-08T18:57:51.305Z\",\"status\":\"running\",\"result\":null}"}
{"level":"info","message":"template: {\"id\":\"simple-math-template-001\",\"name\":\"Simple Addition Template\",\"description\":\"Template for adding two numbers\",\"version\":\"1.0.0\",\"nodes\":[{\"id\":\"input-1\",\"type\":\"number\",\"value\":5,\"position\":{\"x\":100,\"y\":100}},{\"id\":\"input-2\",\"type\":\"number\",\"value\":3,\"position\":{\"x\":100,\"y\":200}},{\"id\":\"transform-plus\",\"type\":\"transform\",\"config\":{\"operation\":\"math\",\"method\":\"add\"},\"position\":{\"x\":300,\"y\":150}}],\"connections\":[{\"id\":\"conn-1\",\"sourceNodeId\":\"input-1\",\"targetNodeId\":\"transform-plus\",\"sourcePort\":\"output\",\"targetPort\":\"input1\"},{\"id\":\"conn-2\",\"sourceNodeId\":\"input-2\",\"targetNodeId\":\"transform-plus\",\"sourcePort\":\"output\",\"targetPort\":\"input2\"},{\"id\":\"conn-3\",\"sourceNodeId\":\"transform-plus\",\"targetNodeId\":\"return-result\",\"sourcePort\":\"output\",\"targetPort\":\"input\"}],\"validation\":{\"isValid\":true,\"errors\":[]}}"}
{"level":"info","message":"nodes: [{\"id\":\"input-1\",\"type\":\"number\",\"value\":5,\"position\":{\"x\":100,\"y\":100}},{\"id\":\"input-2\",\"type\":\"number\",\"value\":3,\"position\":{\"x\":100,\"y\":200}},{\"id\":\"transform-plus\",\"type\":\"transform\",\"config\":{\"operation\":\"math\",\"method\":\"add\"},\"position\":{\"x\":300,\"y\":150}}]"}
{"level":"info","message":"[executePipeline] node: {\"id\":\"input-1\",\"type\":\"number\",\"value\":5,\"position\":{\"x\":100,\"y\":100}}"}
{"level":"info","message":"[collectNodeInputs][0]: input-1, [{\"id\":\"conn-1\",\"sourceNodeId\":\"input-1\",\"targetNodeId\":\"transform-plus\",\"sourcePort\":\"output\",\"targetPort\":\"input1\"},{\"id\":\"conn-2\",\"sourceNodeId\":\"input-2\",\"targetNodeId\":\"transform-plus\",\"sourcePort\":\"output\",\"targetPort\":\"input2\"},{\"id\":\"conn-3\",\"sourceNodeId\":\"transform-plus\",\"targetNodeId\":\"return-result\",\"sourcePort\":\"output\",\"targetPort\":\"input\"}]"}
{"level":"info","message":"[collectNodeInputs][2]: {}"}
{"level":"info","message":"[executePipeline] nodeInputs: {}"}
{"level":"info","message":"[executePipeline] node: {\"id\":\"input-2\",\"type\":\"number\",\"value\":3,\"position\":{\"x\":100,\"y\":200}}"}
{"level":"info","message":"[collectNodeInputs][0]: input-2, [{\"id\":\"conn-1\",\"sourceNodeId\":\"input-1\",\"targetNodeId\":\"transform-plus\",\"sourcePort\":\"output\",\"targetPort\":\"input1\"},{\"id\":\"conn-2\",\"sourceNodeId\":\"input-2\",\"targetNodeId\":\"transform-plus\",\"sourcePort\":\"output\",\"targetPort\":\"input2\"},{\"id\":\"conn-3\",\"sourceNodeId\":\"transform-plus\",\"targetNodeId\":\"return-result\",\"sourcePort\":\"output\",\"targetPort\":\"input\"}]"}
{"level":"info","message":"[collectNodeInputs][2]: {}"}
{"level":"info","message":"[executePipeline] nodeInputs: {}"}
{"level":"info","message":"[executePipeline] node: {\"id\":\"transform-plus\",\"type\":\"transform\",\"config\":{\"operation\":\"math\",\"method\":\"add\"},\"position\":{\"x\":300,\"y\":150}}"}
{"level":"info","message":"[collectNodeInputs][0]: transform-plus, [{\"id\":\"conn-1\",\"sourceNodeId\":\"input-1\",\"targetNodeId\":\"transform-plus\",\"sourcePort\":\"output\",\"targetPort\":\"input1\"},{\"id\":\"conn-2\",\"sourceNodeId\":\"input-2\",\"targetNodeId\":\"transform-plus\",\"sourcePort\":\"output\",\"targetPort\":\"input2\"},{\"id\":\"conn-3\",\"sourceNodeId\":\"transform-plus\",\"targetNodeId\":\"return-result\",\"sourcePort\":\"output\",\"targetPort\":\"input\"}]"}
{"level":"info","message":"[collectNodeInputs][1] conn.targetPort: input1"}
{"level":"info","message":"[collectNodeInputs][1] conn.targetPort: input2"}
{"level":"info","message":"[collectNodeInputs][2]: {\"input1\":\"transform-plus\",\"input2\":\"transform-plus\"}"}
{"level":"info","message":"[executePipeline] nodeInputs: {\"input1\":\"transform-plus\",\"input2\":\"transform-plus\"}"}
{"level":"info","message":"[executePipeline] output: \"transform-plustransform-plus\""}
{"level":"info","message":"[executePipeline][end] id: transform-plus, status: success, result: transform-plustransform-plus"}
{"level":"info","message":"[executePipeline] Pipeline execution completed. Result: undefined"}
{"level":"info","message":"[executePipeline] pipeline: {\"id\":\"math-pipeline-001\",\"projectId\":\"math-test-project-001\",\"name\":\"summ(a, b) Pipeline\",\"description\":\"Pipeline for adding two numbers\",\"templateId\":\"simple-math-template-001\",\"mode\":\"last-result\",\"status\":\"active\",\"created\":\"2024-03-20T10:00:00Z\",\"updated\":\"2024-03-20T10:00:00Z\",\"settings\":{\"timeout\":60,\"retryPolicy\":{\"attempts\":3,\"delay\":5}},\"trigger\":{\"type\":\"manual\",\"config\":{\"inputValidation\":true}}}"}
{"level":"info","message":"[TransformNode] inputs: {\"input1\":\"transform-plus\",\"input2\":\"transform-plus\"}"}
{"level":"info","message":"[executePipeline] Executing pipeline: summ(a, b) Pipeline"}
{"level":"info","message":"[executePipeline] executionLog: {\"pipelineId\":\"math-pipeline-001\",\"timestamp\":\"2025-02-08T18:58:04.358Z\",\"status\":\"running\",\"result\":null}"}
{"level":"info","message":"template: {\"id\":\"simple-math-template-001\",\"name\":\"Simple Addition Template\",\"description\":\"Template for adding two numbers\",\"version\":\"1.0.0\",\"nodes\":[{\"id\":\"input-1\",\"type\":\"number\",\"value\":5,\"position\":{\"x\":100,\"y\":100}},{\"id\":\"input-2\",\"type\":\"number\",\"value\":3,\"position\":{\"x\":100,\"y\":200}},{\"id\":\"transform-plus\",\"type\":\"transform\",\"config\":{\"operation\":\"math\",\"method\":\"add\"},\"position\":{\"x\":300,\"y\":150}}],\"connections\":[{\"id\":\"conn-1\",\"sourceNodeId\":\"input-1\",\"targetNodeId\":\"transform-plus\",\"sourcePort\":\"output\",\"targetPort\":\"input1\"},{\"id\":\"conn-2\",\"sourceNodeId\":\"input-2\",\"targetNodeId\":\"transform-plus\",\"sourcePort\":\"output\",\"targetPort\":\"input2\"},{\"id\":\"conn-3\",\"sourceNodeId\":\"transform-plus\",\"targetNodeId\":\"return-result\",\"sourcePort\":\"output\",\"targetPort\":\"input\"}],\"validation\":{\"isValid\":true,\"errors\":[]}}"}
{"level":"info","message":"nodes: [{\"id\":\"input-1\",\"type\":\"number\",\"value\":5,\"position\":{\"x\":100,\"y\":100}},{\"id\":\"input-2\",\"type\":\"number\",\"value\":3,\"position\":{\"x\":100,\"y\":200}},{\"id\":\"transform-plus\",\"type\":\"transform\",\"config\":{\"operation\":\"math\",\"method\":\"add\"},\"position\":{\"x\":300,\"y\":150}}]"}
{"level":"info","message":"[executePipeline] node: {\"id\":\"input-1\",\"type\":\"number\",\"value\":5,\"position\":{\"x\":100,\"y\":100}}"}
{"level":"info","message":"[collectNodeInputs][0]: input-1, [{\"id\":\"conn-1\",\"sourceNodeId\":\"input-1\",\"targetNodeId\":\"transform-plus\",\"sourcePort\":\"output\",\"targetPort\":\"input1\"},{\"id\":\"conn-2\",\"sourceNodeId\":\"input-2\",\"targetNodeId\":\"transform-plus\",\"sourcePort\":\"output\",\"targetPort\":\"input2\"},{\"id\":\"conn-3\",\"sourceNodeId\":\"transform-plus\",\"targetNodeId\":\"return-result\",\"sourcePort\":\"output\",\"targetPort\":\"input\"}]"}
{"level":"info","message":"[collectNodeInputs][2]: {}"}
{"level":"info","message":"[executePipeline] nodeInputs: {}"}
{"level":"info","message":"[executePipeline] node: {\"id\":\"input-2\",\"type\":\"number\",\"value\":3,\"position\":{\"x\":100,\"y\":200}}"}
{"level":"info","message":"[collectNodeInputs][0]: input-2, [{\"id\":\"conn-1\",\"sourceNodeId\":\"input-1\",\"targetNodeId\":\"transform-plus\",\"sourcePort\":\"output\",\"targetPort\":\"input1\"},{\"id\":\"conn-2\",\"sourceNodeId\":\"input-2\",\"targetNodeId\":\"transform-plus\",\"sourcePort\":\"output\",\"targetPort\":\"input2\"},{\"id\":\"conn-3\",\"sourceNodeId\":\"transform-plus\",\"targetNodeId\":\"return-result\",\"sourcePort\":\"output\",\"targetPort\":\"input\"}]"}
{"level":"info","message":"[collectNodeInputs][2]: {}"}
{"level":"info","message":"[executePipeline] nodeInputs: {}"}
{"level":"info","message":"[executePipeline] node: {\"id\":\"transform-plus\",\"type\":\"transform\",\"config\":{\"operation\":\"math\",\"method\":\"add\"},\"position\":{\"x\":300,\"y\":150}}"}
{"level":"info","message":"[collectNodeInputs][0]: transform-plus, [{\"id\":\"conn-1\",\"sourceNodeId\":\"input-1\",\"targetNodeId\":\"transform-plus\",\"sourcePort\":\"output\",\"targetPort\":\"input1\"},{\"id\":\"conn-2\",\"sourceNodeId\":\"input-2\",\"targetNodeId\":\"transform-plus\",\"sourcePort\":\"output\",\"targetPort\":\"input2\"},{\"id\":\"conn-3\",\"sourceNodeId\":\"transform-plus\",\"targetNodeId\":\"return-result\",\"sourcePort\":\"output\",\"targetPort\":\"input\"}]"}
{"level":"info","message":"[collectNodeInputs][1] conn.targetPort: input1"}
{"level":"info","message":"[collectNodeInputs][1] conn.targetPort: input2"}
{"level":"info","message":"[collectNodeInputs][2]: {\"input1\":\"transform-plus\",\"input2\":\"transform-plus\"}"}
{"level":"info","message":"[executePipeline] nodeInputs: {\"input1\":\"transform-plus\",\"input2\":\"transform-plus\"}"}
{"level":"info","message":"[executePipeline] output: \"transform-plustransform-plus\""}
{"level":"info","message":"[executePipeline][end] id: transform-plus, status: success, result: transform-plustransform-plus"}
{"level":"info","message":"[executePipeline] Pipeline execution completed. Result: undefined"}
{"level":"info","message":"[executePipeline] pipeline: {\"id\":\"math-pipeline-001\",\"projectId\":\"math-test-project-001\",\"name\":\"summ(a, b) Pipeline\",\"description\":\"Pipeline for adding two numbers\",\"templateId\":\"simple-math-template-001\",\"mode\":\"last-result\",\"status\":\"active\",\"created\":\"2024-03-20T10:00:00Z\",\"updated\":\"2024-03-20T10:00:00Z\",\"settings\":{\"timeout\":60,\"retryPolicy\":{\"attempts\":3,\"delay\":5}},\"trigger\":{\"type\":\"manual\",\"config\":{\"inputValidation\":true}}}"}
{"level":"info","message":"[TransformNode] inputs: {\"input1\":\"transform-plus\",\"input2\":\"transform-plus\"}"}
{"level":"info","message":"[executePipeline] Executing pipeline: summ(a, b) Pipeline"}
{"level":"info","message":"[executePipeline] executionLog: {\"pipelineId\":\"math-pipeline-001\",\"timestamp\":\"2025-02-08T18:58:41.687Z\",\"status\":\"running\",\"result\":null}"}
{"level":"info","message":"template: {\"id\":\"simple-math-template-001\",\"name\":\"Simple Addition Template\",\"description\":\"Template for adding two numbers\",\"version\":\"1.0.0\",\"nodes\":[{\"id\":\"input-1\",\"type\":\"number\",\"value\":5,\"position\":{\"x\":100,\"y\":100}},{\"id\":\"input-2\",\"type\":\"number\",\"value\":3,\"position\":{\"x\":100,\"y\":200}},{\"id\":\"transform-plus\",\"type\":\"transform\",\"config\":{\"operation\":\"math\",\"method\":\"add\"},\"position\":{\"x\":300,\"y\":150}}],\"connections\":[{\"id\":\"conn-1\",\"sourceNodeId\":\"input-1\",\"targetNodeId\":\"transform-plus\",\"sourcePort\":\"output\",\"targetPort\":\"input1\"},{\"id\":\"conn-2\",\"sourceNodeId\":\"input-2\",\"targetNodeId\":\"transform-plus\",\"sourcePort\":\"output\",\"targetPort\":\"input2\"},{\"id\":\"conn-3\",\"sourceNodeId\":\"transform-plus\",\"targetNodeId\":\"return-result\",\"sourcePort\":\"output\",\"targetPort\":\"input\"}],\"validation\":{\"isValid\":true,\"errors\":[]}}"}
{"level":"info","message":"nodes: [{\"id\":\"input-1\",\"type\":\"number\",\"value\":5,\"position\":{\"x\":100,\"y\":100}},{\"id\":\"input-2\",\"type\":\"number\",\"value\":3,\"position\":{\"x\":100,\"y\":200}},{\"id\":\"transform-plus\",\"type\":\"transform\",\"config\":{\"operation\":\"math\",\"method\":\"add\"},\"position\":{\"x\":300,\"y\":150}}]"}
{"level":"info","message":"[executePipeline] node: {\"id\":\"input-1\",\"type\":\"number\",\"value\":5,\"position\":{\"x\":100,\"y\":100}}"}
{"level":"info","message":"[collectNodeInputs][0]: input-1, [{\"id\":\"conn-1\",\"sourceNodeId\":\"input-1\",\"targetNodeId\":\"transform-plus\",\"sourcePort\":\"output\",\"targetPort\":\"input1\"},{\"id\":\"conn-2\",\"sourceNodeId\":\"input-2\",\"targetNodeId\":\"transform-plus\",\"sourcePort\":\"output\",\"targetPort\":\"input2\"},{\"id\":\"conn-3\",\"sourceNodeId\":\"transform-plus\",\"targetNodeId\":\"return-result\",\"sourcePort\":\"output\",\"targetPort\":\"input\"}]"}
{"level":"info","message":"[collectNodeInputs][2]: {}"}
{"level":"info","message":"[executePipeline] nodeInputs: {}"}
{"level":"info","message":"[executePipeline] node: {\"id\":\"input-2\",\"type\":\"number\",\"value\":3,\"position\":{\"x\":100,\"y\":200}}"}
{"level":"info","message":"[collectNodeInputs][0]: input-2, [{\"id\":\"conn-1\",\"sourceNodeId\":\"input-1\",\"targetNodeId\":\"transform-plus\",\"sourcePort\":\"output\",\"targetPort\":\"input1\"},{\"id\":\"conn-2\",\"sourceNodeId\":\"input-2\",\"targetNodeId\":\"transform-plus\",\"sourcePort\":\"output\",\"targetPort\":\"input2\"},{\"id\":\"conn-3\",\"sourceNodeId\":\"transform-plus\",\"targetNodeId\":\"return-result\",\"sourcePort\":\"output\",\"targetPort\":\"input\"}]"}
{"level":"info","message":"[collectNodeInputs][2]: {}"}
{"level":"info","message":"[executePipeline] nodeInputs: {}"}
{"level":"info","message":"[executePipeline] node: {\"id\":\"transform-plus\",\"type\":\"transform\",\"config\":{\"operation\":\"math\",\"method\":\"add\"},\"position\":{\"x\":300,\"y\":150}}"}
{"level":"info","message":"[collectNodeInputs][0]: transform-plus, [{\"id\":\"conn-1\",\"sourceNodeId\":\"input-1\",\"targetNodeId\":\"transform-plus\",\"sourcePort\":\"output\",\"targetPort\":\"input1\"},{\"id\":\"conn-2\",\"sourceNodeId\":\"input-2\",\"targetNodeId\":\"transform-plus\",\"sourcePort\":\"output\",\"targetPort\":\"input2\"},{\"id\":\"conn-3\",\"sourceNodeId\":\"transform-plus\",\"targetNodeId\":\"return-result\",\"sourcePort\":\"output\",\"targetPort\":\"input\"}]"}
{"level":"info","message":"[collectNodeInputs][1] conn.targetPort: input1"}
{"level":"info","message":"[collectNodeInputs][1] conn.targetPort: input2"}
{"level":"info","message":"[collectNodeInputs][2]: {\"input1\":\"transform-plus\",\"input2\":\"transform-plus\"}"}
{"level":"info","message":"[executePipeline] nodeInputs: {\"input1\":\"transform-plus\",\"input2\":\"transform-plus\"}"}
{"level":"info","message":"[executePipeline] output: \"transform-plustransform-plus\""}
{"level":"info","message":"[executePipeline][end] id: transform-plus, status: success, result: transform-plustransform-plus"}
{"level":"info","message":"[executePipeline] Pipeline execution completed. Result: undefined"}
{"level":"info","message":"[executePipeline] pipeline: {\"id\":\"math-pipeline-001\",\"projectId\":\"math-test-project-001\",\"name\":\"summ(a, b) Pipeline\",\"description\":\"Pipeline for adding two numbers\",\"templateId\":\"simple-math-template-001\",\"mode\":\"last-result\",\"status\":\"active\",\"created\":\"2024-03-20T10:00:00Z\",\"updated\":\"2024-03-20T10:00:00Z\",\"settings\":{\"timeout\":60,\"retryPolicy\":{\"attempts\":3,\"delay\":5}},\"trigger\":{\"type\":\"manual\",\"config\":{\"inputValidation\":true}}}"}
{"level":"info","message":"[TransformNode] inputs: {\"input1\":\"transform-plus\",\"input2\":\"transform-plus\"}"}
{"level":"info","message":"[executePipeline] Executing pipeline: summ(a, b) Pipeline"}
{"level":"info","message":"[executePipeline] executionLog: {\"pipelineId\":\"math-pipeline-001\",\"timestamp\":\"2025-02-08T18:58:43.773Z\",\"status\":\"running\",\"result\":null}"}
{"level":"info","message":"template: {\"id\":\"simple-math-template-001\",\"name\":\"Simple Addition Template\",\"description\":\"Template for adding two numbers\",\"version\":\"1.0.0\",\"nodes\":[{\"id\":\"input-1\",\"type\":\"number\",\"value\":5,\"position\":{\"x\":100,\"y\":100}},{\"id\":\"input-2\",\"type\":\"number\",\"value\":3,\"position\":{\"x\":100,\"y\":200}},{\"id\":\"transform-plus\",\"type\":\"transform\",\"config\":{\"operation\":\"math\",\"method\":\"add\"},\"position\":{\"x\":300,\"y\":150}}],\"connections\":[{\"id\":\"conn-1\",\"sourceNodeId\":\"input-1\",\"targetNodeId\":\"transform-plus\",\"sourcePort\":\"output\",\"targetPort\":\"input1\"},{\"id\":\"conn-2\",\"sourceNodeId\":\"input-2\",\"targetNodeId\":\"transform-plus\",\"sourcePort\":\"output\",\"targetPort\":\"input2\"},{\"id\":\"conn-3\",\"sourceNodeId\":\"transform-plus\",\"targetNodeId\":\"return-result\",\"sourcePort\":\"output\",\"targetPort\":\"input\"}],\"validation\":{\"isValid\":true,\"errors\":[]}}"}
{"level":"info","message":"nodes: [{\"id\":\"input-1\",\"type\":\"number\",\"value\":5,\"position\":{\"x\":100,\"y\":100}},{\"id\":\"input-2\",\"type\":\"number\",\"value\":3,\"position\":{\"x\":100,\"y\":200}},{\"id\":\"transform-plus\",\"type\":\"transform\",\"config\":{\"operation\":\"math\",\"method\":\"add\"},\"position\":{\"x\":300,\"y\":150}}]"}
{"level":"info","message":"[executePipeline] node: {\"id\":\"input-1\",\"type\":\"number\",\"value\":5,\"position\":{\"x\":100,\"y\":100}}"}
{"level":"info","message":"[collectNodeInputs][0]: input-1, [{\"id\":\"conn-1\",\"sourceNodeId\":\"input-1\",\"targetNodeId\":\"transform-plus\",\"sourcePort\":\"output\",\"targetPort\":\"input1\"},{\"id\":\"conn-2\",\"sourceNodeId\":\"input-2\",\"targetNodeId\":\"transform-plus\",\"sourcePort\":\"output\",\"targetPort\":\"input2\"},{\"id\":\"conn-3\",\"sourceNodeId\":\"transform-plus\",\"targetNodeId\":\"return-result\",\"sourcePort\":\"output\",\"targetPort\":\"input\"}]"}
{"level":"info","message":"[collectNodeInputs][2]: {}"}
{"level":"info","message":"[executePipeline] nodeInputs: {}"}
{"level":"info","message":"[executePipeline] node: {\"id\":\"input-2\",\"type\":\"number\",\"value\":3,\"position\":{\"x\":100,\"y\":200}}"}
{"level":"info","message":"[collectNodeInputs][0]: input-2, [{\"id\":\"conn-1\",\"sourceNodeId\":\"input-1\",\"targetNodeId\":\"transform-plus\",\"sourcePort\":\"output\",\"targetPort\":\"input1\"},{\"id\":\"conn-2\",\"sourceNodeId\":\"input-2\",\"targetNodeId\":\"transform-plus\",\"sourcePort\":\"output\",\"targetPort\":\"input2\"},{\"id\":\"conn-3\",\"sourceNodeId\":\"transform-plus\",\"targetNodeId\":\"return-result\",\"sourcePort\":\"output\",\"targetPort\":\"input\"}]"}
{"level":"info","message":"[collectNodeInputs][2]: {}"}
{"level":"info","message":"[executePipeline] nodeInputs: {}"}
{"level":"info","message":"[executePipeline] node: {\"id\":\"transform-plus\",\"type\":\"transform\",\"config\":{\"operation\":\"math\",\"method\":\"add\"},\"position\":{\"x\":300,\"y\":150}}"}
{"level":"info","message":"[collectNodeInputs][0]: transform-plus, [{\"id\":\"conn-1\",\"sourceNodeId\":\"input-1\",\"targetNodeId\":\"transform-plus\",\"sourcePort\":\"output\",\"targetPort\":\"input1\"},{\"id\":\"conn-2\",\"sourceNodeId\":\"input-2\",\"targetNodeId\":\"transform-plus\",\"sourcePort\":\"output\",\"targetPort\":\"input2\"},{\"id\":\"conn-3\",\"sourceNodeId\":\"transform-plus\",\"targetNodeId\":\"return-result\",\"sourcePort\":\"output\",\"targetPort\":\"input\"}]"}
{"level":"info","message":"[collectNodeInputs][1] conn.targetPort: input1"}
{"level":"info","message":"[collectNodeInputs][1] conn.targetPort: input2"}
{"level":"info","message":"[collectNodeInputs][2]: {\"input1\":\"transform-plus\",\"input2\":\"transform-plus\"}"}
{"level":"info","message":"[executePipeline] nodeInputs: {\"input1\":\"transform-plus\",\"input2\":\"transform-plus\"}"}
{"level":"info","message":"[executePipeline] output: \"transform-plustransform-plus\""}
{"level":"info","message":"[executePipeline][end] id: transform-plus, status: success, result: transform-plustransform-plus"}
{"level":"info","message":"[executePipeline] Pipeline execution completed. Result: undefined"}
{"level":"info","message":"[executePipeline] pipeline: {\"id\":\"math-pipeline-001\",\"projectId\":\"math-test-project-001\",\"name\":\"summ(a, b) Pipeline\",\"description\":\"Pipeline for adding two numbers\",\"templateId\":\"simple-math-template-001\",\"mode\":\"last-result\",\"status\":\"active\",\"created\":\"2024-03-20T10:00:00Z\",\"updated\":\"2024-03-20T10:00:00Z\",\"settings\":{\"timeout\":60,\"retryPolicy\":{\"attempts\":3,\"delay\":5}},\"trigger\":{\"type\":\"manual\",\"config\":{\"inputValidation\":true}}}"}
{"level":"info","message":"[TransformNode] inputs: {\"input1\":\"transform-plus\",\"input2\":\"transform-plus\"}"}
{"level":"info","message":"[executePipeline] Executing pipeline: summ(a, b) Pipeline"}
{"level":"info","message":"[executePipeline] executionLog: {\"pipelineId\":\"math-pipeline-001\",\"timestamp\":\"2025-02-08T18:59:34.408Z\",\"status\":\"running\",\"result\":null}"}
{"level":"info","message":"template: {\"id\":\"simple-math-template-001\",\"name\":\"Simple Addition Template\",\"description\":\"Template for adding two numbers\",\"version\":\"1.0.0\",\"nodes\":[{\"id\":\"input-1\",\"type\":\"number\",\"value\":5,\"position\":{\"x\":100,\"y\":100}},{\"id\":\"input-2\",\"type\":\"number\",\"value\":3,\"position\":{\"x\":100,\"y\":200}},{\"id\":\"transform-plus\",\"type\":\"transform\",\"config\":{\"operation\":\"math\",\"method\":\"add\"},\"position\":{\"x\":300,\"y\":150}}],\"connections\":[{\"id\":\"conn-1\",\"sourceNodeId\":\"input-1\",\"targetNodeId\":\"transform-plus\",\"sourcePort\":\"output\",\"targetPort\":\"input1\"},{\"id\":\"conn-2\",\"sourceNodeId\":\"input-2\",\"targetNodeId\":\"transform-plus\",\"sourcePort\":\"output\",\"targetPort\":\"input2\"},{\"id\":\"conn-3\",\"sourceNodeId\":\"transform-plus\",\"targetNodeId\":\"return-result\",\"sourcePort\":\"output\",\"targetPort\":\"input\"}],\"validation\":{\"isValid\":true,\"errors\":[]}}"}
{"level":"info","message":"nodes: [{\"id\":\"input-1\",\"type\":\"number\",\"value\":5,\"position\":{\"x\":100,\"y\":100}},{\"id\":\"input-2\",\"type\":\"number\",\"value\":3,\"position\":{\"x\":100,\"y\":200}},{\"id\":\"transform-plus\",\"type\":\"transform\",\"config\":{\"operation\":\"math\",\"method\":\"add\"},\"position\":{\"x\":300,\"y\":150}}]"}
{"level":"info","message":"[executePipeline] node: {\"id\":\"input-1\",\"type\":\"number\",\"value\":5,\"position\":{\"x\":100,\"y\":100}}"}
{"level":"info","message":"[collectNodeInputs][0]: input-1, [{\"id\":\"conn-1\",\"sourceNodeId\":\"input-1\",\"targetNodeId\":\"transform-plus\",\"sourcePort\":\"output\",\"targetPort\":\"input1\"},{\"id\":\"conn-2\",\"sourceNodeId\":\"input-2\",\"targetNodeId\":\"transform-plus\",\"sourcePort\":\"output\",\"targetPort\":\"input2\"},{\"id\":\"conn-3\",\"sourceNodeId\":\"transform-plus\",\"targetNodeId\":\"return-result\",\"sourcePort\":\"output\",\"targetPort\":\"input\"}]"}
{"level":"info","message":"[collectNodeInputs][2]: {}"}
{"level":"info","message":"[executePipeline] nodeInputs: {}"}
{"level":"info","message":"[executePipeline] node: {\"id\":\"input-2\",\"type\":\"number\",\"value\":3,\"position\":{\"x\":100,\"y\":200}}"}
{"level":"info","message":"[collectNodeInputs][0]: input-2, [{\"id\":\"conn-1\",\"sourceNodeId\":\"input-1\",\"targetNodeId\":\"transform-plus\",\"sourcePort\":\"output\",\"targetPort\":\"input1\"},{\"id\":\"conn-2\",\"sourceNodeId\":\"input-2\",\"targetNodeId\":\"transform-plus\",\"sourcePort\":\"output\",\"targetPort\":\"input2\"},{\"id\":\"conn-3\",\"sourceNodeId\":\"transform-plus\",\"targetNodeId\":\"return-result\",\"sourcePort\":\"output\",\"targetPort\":\"input\"}]"}
{"level":"info","message":"[collectNodeInputs][2]: {}"}
{"level":"info","message":"[executePipeline] nodeInputs: {}"}
{"level":"info","message":"[executePipeline] node: {\"id\":\"transform-plus\",\"type\":\"transform\",\"config\":{\"operation\":\"math\",\"method\":\"add\"},\"position\":{\"x\":300,\"y\":150}}"}
{"level":"info","message":"[collectNodeInputs][0]: transform-plus, [{\"id\":\"conn-1\",\"sourceNodeId\":\"input-1\",\"targetNodeId\":\"transform-plus\",\"sourcePort\":\"output\",\"targetPort\":\"input1\"},{\"id\":\"conn-2\",\"sourceNodeId\":\"input-2\",\"targetNodeId\":\"transform-plus\",\"sourcePort\":\"output\",\"targetPort\":\"input2\"},{\"id\":\"conn-3\",\"sourceNodeId\":\"transform-plus\",\"targetNodeId\":\"return-result\",\"sourcePort\":\"output\",\"targetPort\":\"input\"}]"}
{"level":"info","message":"[collectNodeInputs][1] conn.targetPort: input1"}
{"level":"info","message":"[collectNodeInputs][1] conn.targetPort: input2"}
{"level":"info","message":"[collectNodeInputs][2]: {\"input1\":\"transform-plus\",\"input2\":\"transform-plus\"}"}
{"level":"info","message":"[executePipeline] nodeInputs: {\"input1\":\"transform-plus\",\"input2\":\"transform-plus\"}"}
{"level":"info","message":"[executePipeline] output: \"transform-plustransform-plus\""}
{"level":"info","message":"[executePipeline][end] id: transform-plus, status: success, result: transform-plustransform-plus"}
{"level":"info","message":"[executePipeline] Pipeline execution completed. Result: undefined"}
{"level":"info","message":"[executePipeline] pipeline: {\"id\":\"math-pipeline-001\",\"projectId\":\"math-test-project-001\",\"name\":\"summ(a, b) Pipeline\",\"description\":\"Pipeline for adding two numbers\",\"templateId\":\"simple-math-template-001\",\"mode\":\"last-result\",\"status\":\"active\",\"created\":\"2024-03-20T10:00:00Z\",\"updated\":\"2024-03-20T10:00:00Z\",\"settings\":{\"timeout\":60,\"retryPolicy\":{\"attempts\":3,\"delay\":5}},\"trigger\":{\"type\":\"manual\",\"config\":{\"inputValidation\":true}}}"}
{"level":"info","message":"[TransformNode] inputs: {\"input1\":\"transform-plus\",\"input2\":\"transform-plus\"}"}
{"level":"info","message":"[executePipeline] Executing pipeline: summ(a, b) Pipeline"}
{"level":"info","message":"[executePipeline] executionLog: {\"pipelineId\":\"math-pipeline-001\",\"timestamp\":\"2025-02-08T18:59:56.379Z\",\"status\":\"running\",\"result\":null}"}
{"level":"info","message":"template: {\"id\":\"simple-math-template-001\",\"name\":\"Simple Addition Template\",\"description\":\"Template for adding two numbers\",\"version\":\"1.0.0\",\"nodes\":[{\"id\":\"input-1\",\"type\":\"number\",\"value\":5,\"position\":{\"x\":100,\"y\":100}},{\"id\":\"input-2\",\"type\":\"number\",\"value\":3,\"position\":{\"x\":100,\"y\":200}},{\"id\":\"transform-plus\",\"type\":\"transform\",\"config\":{\"operation\":\"math\",\"method\":\"add\"},\"position\":{\"x\":300,\"y\":150}}],\"connections\":[{\"id\":\"conn-1\",\"sourceNodeId\":\"input-1\",\"targetNodeId\":\"transform-plus\",\"sourcePort\":\"output\",\"targetPort\":\"input1\"},{\"id\":\"conn-2\",\"sourceNodeId\":\"input-2\",\"targetNodeId\":\"transform-plus\",\"sourcePort\":\"output\",\"targetPort\":\"input2\"},{\"id\":\"conn-3\",\"sourceNodeId\":\"transform-plus\",\"targetNodeId\":\"return-result\",\"sourcePort\":\"output\",\"targetPort\":\"input\"}],\"validation\":{\"isValid\":true,\"errors\":[]}}"}
{"level":"info","message":"nodes: [{\"id\":\"input-1\",\"type\":\"number\",\"value\":5,\"position\":{\"x\":100,\"y\":100}},{\"id\":\"input-2\",\"type\":\"number\",\"value\":3,\"position\":{\"x\":100,\"y\":200}},{\"id\":\"transform-plus\",\"type\":\"transform\",\"config\":{\"operation\":\"math\",\"method\":\"add\"},\"position\":{\"x\":300,\"y\":150}}]"}
{"level":"info","message":"[executePipeline] node: {\"id\":\"input-1\",\"type\":\"number\",\"value\":5,\"position\":{\"x\":100,\"y\":100}}"}
{"level":"info","message":"[collectNodeInputs][0]: input-1, [{\"id\":\"conn-1\",\"sourceNodeId\":\"input-1\",\"targetNodeId\":\"transform-plus\",\"sourcePort\":\"output\",\"targetPort\":\"input1\"},{\"id\":\"conn-2\",\"sourceNodeId\":\"input-2\",\"targetNodeId\":\"transform-plus\",\"sourcePort\":\"output\",\"targetPort\":\"input2\"},{\"id\":\"conn-3\",\"sourceNodeId\":\"transform-plus\",\"targetNodeId\":\"return-result\",\"sourcePort\":\"output\",\"targetPort\":\"input\"}]"}
{"level":"info","message":"[collectNodeInputs][2]: {}"}
{"level":"info","message":"[executePipeline] nodeInputs: {}"}
{"level":"info","message":"[executePipeline] node: {\"id\":\"input-2\",\"type\":\"number\",\"value\":3,\"position\":{\"x\":100,\"y\":200}}"}
{"level":"info","message":"[collectNodeInputs][0]: input-2, [{\"id\":\"conn-1\",\"sourceNodeId\":\"input-1\",\"targetNodeId\":\"transform-plus\",\"sourcePort\":\"output\",\"targetPort\":\"input1\"},{\"id\":\"conn-2\",\"sourceNodeId\":\"input-2\",\"targetNodeId\":\"transform-plus\",\"sourcePort\":\"output\",\"targetPort\":\"input2\"},{\"id\":\"conn-3\",\"sourceNodeId\":\"transform-plus\",\"targetNodeId\":\"return-result\",\"sourcePort\":\"output\",\"targetPort\":\"input\"}]"}
{"level":"info","message":"[collectNodeInputs][2]: {}"}
{"level":"info","message":"[executePipeline] nodeInputs: {}"}
{"level":"info","message":"[executePipeline] node: {\"id\":\"transform-plus\",\"type\":\"transform\",\"config\":{\"operation\":\"math\",\"method\":\"add\"},\"position\":{\"x\":300,\"y\":150}}"}
{"level":"info","message":"[collectNodeInputs][0]: transform-plus, [{\"id\":\"conn-1\",\"sourceNodeId\":\"input-1\",\"targetNodeId\":\"transform-plus\",\"sourcePort\":\"output\",\"targetPort\":\"input1\"},{\"id\":\"conn-2\",\"sourceNodeId\":\"input-2\",\"targetNodeId\":\"transform-plus\",\"sourcePort\":\"output\",\"targetPort\":\"input2\"},{\"id\":\"conn-3\",\"sourceNodeId\":\"transform-plus\",\"targetNodeId\":\"return-result\",\"sourcePort\":\"output\",\"targetPort\":\"input\"}]"}
{"level":"info","message":"[collectNodeInputs][1] conn.targetPort: input1"}
{"level":"info","message":"[collectNodeInputs][1] conn.targetPort: input2"}
{"level":"info","message":"[collectNodeInputs][2]: {\"input1\":\"transform-plus\",\"input2\":\"transform-plus\"}"}
{"level":"info","message":"[executePipeline] nodeInputs: {\"input1\":\"transform-plus\",\"input2\":\"transform-plus\"}"}
{"level":"info","message":"[executePipeline] output: \"transform-plustransform-plus\""}
{"level":"info","message":"[executePipeline][end] id: transform-plus, status: success, result: transform-plustransform-plus"}
{"level":"info","message":"[executePipeline] Pipeline execution completed. Result: undefined"}
{"level":"info","message":"[executePipeline] pipeline: {\"id\":\"math-pipeline-001\",\"projectId\":\"math-test-project-001\",\"name\":\"summ(a, b) Pipeline\",\"description\":\"Pipeline for adding two numbers\",\"templateId\":\"simple-math-template-001\",\"mode\":\"last-result\",\"status\":\"active\",\"created\":\"2024-03-20T10:00:00Z\",\"updated\":\"2024-03-20T10:00:00Z\",\"settings\":{\"timeout\":60,\"retryPolicy\":{\"attempts\":3,\"delay\":5}},\"trigger\":{\"type\":\"manual\",\"config\":{\"inputValidation\":true}}}"}
{"level":"info","message":"[TransformNode] inputs: {\"input1\":\"transform-plus\",\"input2\":\"transform-plus\"}"}
{"level":"info","message":"[executePipeline] Executing pipeline: summ(a, b) Pipeline"}
{"level":"info","message":"[executePipeline] executionLog: {\"pipelineId\":\"math-pipeline-001\",\"timestamp\":\"2025-02-08T19:00:18.198Z\",\"status\":\"running\",\"result\":null}"}
{"level":"info","message":"template: {\"id\":\"simple-math-template-001\",\"name\":\"Simple Addition Template\",\"description\":\"Template for adding two numbers\",\"version\":\"1.0.0\",\"nodes\":[{\"id\":\"input-1\",\"type\":\"number\",\"value\":5,\"position\":{\"x\":100,\"y\":100}},{\"id\":\"input-2\",\"type\":\"number\",\"value\":3,\"position\":{\"x\":100,\"y\":200}},{\"id\":\"transform-plus\",\"type\":\"transform\",\"config\":{\"operation\":\"math\",\"method\":\"add\"},\"position\":{\"x\":300,\"y\":150}}],\"connections\":[{\"id\":\"conn-1\",\"sourceNodeId\":\"input-1\",\"targetNodeId\":\"transform-plus\",\"sourcePort\":\"output\",\"targetPort\":\"input1\"},{\"id\":\"conn-2\",\"sourceNodeId\":\"input-2\",\"targetNodeId\":\"transform-plus\",\"sourcePort\":\"output\",\"targetPort\":\"input2\"},{\"id\":\"conn-3\",\"sourceNodeId\":\"transform-plus\",\"targetNodeId\":\"return-result\",\"sourcePort\":\"output\",\"targetPort\":\"input\"}],\"validation\":{\"isValid\":true,\"errors\":[]}}"}
{"level":"info","message":"nodes: [{\"id\":\"input-1\",\"type\":\"number\",\"value\":5,\"position\":{\"x\":100,\"y\":100}},{\"id\":\"input-2\",\"type\":\"number\",\"value\":3,\"position\":{\"x\":100,\"y\":200}},{\"id\":\"transform-plus\",\"type\":\"transform\",\"config\":{\"operation\":\"math\",\"method\":\"add\"},\"position\":{\"x\":300,\"y\":150}}]"}
{"level":"info","message":"[executePipeline] node: {\"id\":\"input-1\",\"type\":\"number\",\"value\":5,\"position\":{\"x\":100,\"y\":100}}"}
{"level":"info","message":"[collectNodeInputs][0]: input-1, [{\"id\":\"conn-1\",\"sourceNodeId\":\"input-1\",\"targetNodeId\":\"transform-plus\",\"sourcePort\":\"output\",\"targetPort\":\"input1\"},{\"id\":\"conn-2\",\"sourceNodeId\":\"input-2\",\"targetNodeId\":\"transform-plus\",\"sourcePort\":\"output\",\"targetPort\":\"input2\"},{\"id\":\"conn-3\",\"sourceNodeId\":\"transform-plus\",\"targetNodeId\":\"return-result\",\"sourcePort\":\"output\",\"targetPort\":\"input\"}]"}
{"level":"info","message":"[collectNodeInputs][2]: {}"}
{"level":"info","message":"[executePipeline] nodeInputs: {}"}
{"level":"info","message":"[executePipeline] node: {\"id\":\"input-2\",\"type\":\"number\",\"value\":3,\"position\":{\"x\":100,\"y\":200}}"}
{"level":"info","message":"[collectNodeInputs][0]: input-2, [{\"id\":\"conn-1\",\"sourceNodeId\":\"input-1\",\"targetNodeId\":\"transform-plus\",\"sourcePort\":\"output\",\"targetPort\":\"input1\"},{\"id\":\"conn-2\",\"sourceNodeId\":\"input-2\",\"targetNodeId\":\"transform-plus\",\"sourcePort\":\"output\",\"targetPort\":\"input2\"},{\"id\":\"conn-3\",\"sourceNodeId\":\"transform-plus\",\"targetNodeId\":\"return-result\",\"sourcePort\":\"output\",\"targetPort\":\"input\"}]"}
{"level":"info","message":"[collectNodeInputs][2]: {}"}
{"level":"info","message":"[executePipeline] nodeInputs: {}"}
{"level":"info","message":"[executePipeline] node: {\"id\":\"transform-plus\",\"type\":\"transform\",\"config\":{\"operation\":\"math\",\"method\":\"add\"},\"position\":{\"x\":300,\"y\":150}}"}
{"level":"info","message":"[collectNodeInputs][0]: transform-plus, [{\"id\":\"conn-1\",\"sourceNodeId\":\"input-1\",\"targetNodeId\":\"transform-plus\",\"sourcePort\":\"output\",\"targetPort\":\"input1\"},{\"id\":\"conn-2\",\"sourceNodeId\":\"input-2\",\"targetNodeId\":\"transform-plus\",\"sourcePort\":\"output\",\"targetPort\":\"input2\"},{\"id\":\"conn-3\",\"sourceNodeId\":\"transform-plus\",\"targetNodeId\":\"return-result\",\"sourcePort\":\"output\",\"targetPort\":\"input\"}]"}
{"level":"info","message":"[collectNodeInputs][1] conn.targetPort: input1"}
{"level":"info","message":"[collectNodeInputs][1] conn.targetPort: input2"}
{"level":"info","message":"[collectNodeInputs][2]: {\"input1\":\"transform-plus\",\"input2\":\"transform-plus\"}"}
{"level":"info","message":"[executePipeline] nodeInputs: {\"input1\":\"transform-plus\",\"input2\":\"transform-plus\"}"}
{"level":"info","message":"[executePipeline] output: \"transform-plustransform-plus\""}
{"level":"info","message":"[executePipeline][end] id: transform-plus, status: success, result: transform-plustransform-plus"}
{"level":"info","message":"[executePipeline] Pipeline execution completed. Result: undefined"}
{"level":"info","message":"[executePipeline] pipeline: {\"id\":\"math-pipeline-001\",\"projectId\":\"math-test-project-001\",\"name\":\"summ(a, b) Pipeline\",\"description\":\"Pipeline for adding two numbers\",\"templateId\":\"simple-math-template-001\",\"mode\":\"last-result\",\"status\":\"active\",\"created\":\"2024-03-20T10:00:00Z\",\"updated\":\"2024-03-20T10:00:00Z\",\"settings\":{\"timeout\":60,\"retryPolicy\":{\"attempts\":3,\"delay\":5}},\"trigger\":{\"type\":\"manual\",\"config\":{\"inputValidation\":true}}}"}
{"level":"info","message":"[TransformNode] inputs: {\"input1\":\"transform-plus\",\"input2\":\"transform-plus\"}"}
{"level":"info","message":"[executePipeline] Executing pipeline: summ(a, b) Pipeline"}
{"level":"info","message":"[executePipeline] executionLog: {\"pipelineId\":\"math-pipeline-001\",\"timestamp\":\"2025-02-08T19:18:16.780Z\",\"status\":\"running\",\"result\":null}"}
{"level":"info","message":"template: {\"id\":\"simple-math-template-001\",\"name\":\"Simple Addition Template\",\"description\":\"Template for adding two numbers\",\"version\":\"1.0.0\",\"nodes\":[{\"id\":\"input-1\",\"type\":\"number\",\"value\":5,\"position\":{\"x\":100,\"y\":100}},{\"id\":\"input-2\",\"type\":\"number\",\"value\":3,\"position\":{\"x\":100,\"y\":200}},{\"id\":\"transform-plus\",\"type\":\"transform\",\"config\":{\"operation\":\"math\",\"method\":\"add\"},\"position\":{\"x\":300,\"y\":150}}],\"connections\":[{\"id\":\"conn-1\",\"sourceNodeId\":\"input-1\",\"targetNodeId\":\"transform-plus\",\"sourcePort\":\"output\",\"targetPort\":\"input1\"},{\"id\":\"conn-2\",\"sourceNodeId\":\"input-2\",\"targetNodeId\":\"transform-plus\",\"sourcePort\":\"output\",\"targetPort\":\"input2\"},{\"id\":\"conn-3\",\"sourceNodeId\":\"transform-plus\",\"targetNodeId\":\"return-result\",\"sourcePort\":\"output\",\"targetPort\":\"input\"}],\"validation\":{\"isValid\":true,\"errors\":[]}}"}
{"level":"info","message":"nodes: [{\"id\":\"input-1\",\"type\":\"number\",\"value\":5,\"position\":{\"x\":100,\"y\":100}},{\"id\":\"input-2\",\"type\":\"number\",\"value\":3,\"position\":{\"x\":100,\"y\":200}},{\"id\":\"transform-plus\",\"type\":\"transform\",\"config\":{\"operation\":\"math\",\"method\":\"add\"},\"position\":{\"x\":300,\"y\":150}}]"}
{"level":"info","message":"[executePipeline] node: {\"id\":\"input-1\",\"type\":\"number\",\"value\":5,\"position\":{\"x\":100,\"y\":100}}"}
{"level":"info","message":"[collectNodeInputs][0]: input-1, [{\"id\":\"conn-1\",\"sourceNodeId\":\"input-1\",\"targetNodeId\":\"transform-plus\",\"sourcePort\":\"output\",\"targetPort\":\"input1\"},{\"id\":\"conn-2\",\"sourceNodeId\":\"input-2\",\"targetNodeId\":\"transform-plus\",\"sourcePort\":\"output\",\"targetPort\":\"input2\"},{\"id\":\"conn-3\",\"sourceNodeId\":\"transform-plus\",\"targetNodeId\":\"return-result\",\"sourcePort\":\"output\",\"targetPort\":\"input\"}]"}
{"level":"info","message":"[collectNodeInputs][2]: {}"}
{"level":"info","message":"[executePipeline] nodeInputs: {}"}
{"level":"info","message":"[executePipeline] node: {\"id\":\"input-2\",\"type\":\"number\",\"value\":3,\"position\":{\"x\":100,\"y\":200}}"}
{"level":"info","message":"[collectNodeInputs][0]: input-2, [{\"id\":\"conn-1\",\"sourceNodeId\":\"input-1\",\"targetNodeId\":\"transform-plus\",\"sourcePort\":\"output\",\"targetPort\":\"input1\"},{\"id\":\"conn-2\",\"sourceNodeId\":\"input-2\",\"targetNodeId\":\"transform-plus\",\"sourcePort\":\"output\",\"targetPort\":\"input2\"},{\"id\":\"conn-3\",\"sourceNodeId\":\"transform-plus\",\"targetNodeId\":\"return-result\",\"sourcePort\":\"output\",\"targetPort\":\"input\"}]"}
{"level":"info","message":"[collectNodeInputs][2]: {}"}
{"level":"info","message":"[executePipeline] nodeInputs: {}"}
{"level":"info","message":"[executePipeline] node: {\"id\":\"transform-plus\",\"type\":\"transform\",\"config\":{\"operation\":\"math\",\"method\":\"add\"},\"position\":{\"x\":300,\"y\":150}}"}
{"level":"info","message":"[collectNodeInputs][0]: transform-plus, [{\"id\":\"conn-1\",\"sourceNodeId\":\"input-1\",\"targetNodeId\":\"transform-plus\",\"sourcePort\":\"output\",\"targetPort\":\"input1\"},{\"id\":\"conn-2\",\"sourceNodeId\":\"input-2\",\"targetNodeId\":\"transform-plus\",\"sourcePort\":\"output\",\"targetPort\":\"input2\"},{\"id\":\"conn-3\",\"sourceNodeId\":\"transform-plus\",\"targetNodeId\":\"return-result\",\"sourcePort\":\"output\",\"targetPort\":\"input\"}]"}
{"level":"info","message":"[collectNodeInputs][1] conn.targetPort: input1"}
{"level":"info","message":"[collectNodeInputs][1] conn.targetPort: input2"}
{"level":"info","message":"[collectNodeInputs][2]: {\"input1\":\"transform-plus\",\"input2\":\"transform-plus\"}"}
{"level":"info","message":"[executePipeline] nodeInputs: {\"input1\":\"transform-plus\",\"input2\":\"transform-plus\"}"}
{"level":"info","message":"[executePipeline] output: \"transform-plustransform-plus\""}
{"level":"info","message":"[executePipeline][end] id: transform-plus, status: success, result: transform-plustransform-plus"}
{"level":"info","message":"[executePipeline] Pipeline execution completed. Result: undefined"}
{"level":"info","message":"[executePipeline] pipeline: {\"id\":\"math-pipeline-001\",\"projectId\":\"math-test-project-001\",\"name\":\"summ(a, b) Pipeline\",\"description\":\"Pipeline for adding two numbers\",\"templateId\":\"simple-math-template-001\",\"mode\":\"last-result\",\"status\":\"active\",\"created\":\"2024-03-20T10:00:00Z\",\"updated\":\"2024-03-20T10:00:00Z\",\"settings\":{\"timeout\":60,\"retryPolicy\":{\"attempts\":3,\"delay\":5}},\"trigger\":{\"type\":\"manual\",\"config\":{\"inputValidation\":true}}}"}
{"level":"info","message":"[TransformNode] inputs: {\"input1\":\"transform-plus\",\"input2\":\"transform-plus\"}"}
{"level":"info","message":"[executePipeline] Executing pipeline: summ(a, b) Pipeline"}
{"level":"info","message":"[executePipeline] executionLog: {\"pipelineId\":\"math-pipeline-001\",\"timestamp\":\"2025-02-08T19:18:29.829Z\",\"status\":\"running\",\"result\":null}"}
{"level":"info","message":"template: {\"id\":\"simple-math-template-001\",\"name\":\"Simple Addition Template\",\"description\":\"Template for adding two numbers\",\"version\":\"1.0.0\",\"nodes\":[{\"id\":\"input-1\",\"type\":\"number\",\"value\":5,\"position\":{\"x\":100,\"y\":100}},{\"id\":\"input-2\",\"type\":\"number\",\"value\":3,\"position\":{\"x\":100,\"y\":200}},{\"id\":\"transform-plus\",\"type\":\"transform\",\"config\":{\"operation\":\"math\",\"method\":\"add\"},\"position\":{\"x\":300,\"y\":150}}],\"connections\":[{\"id\":\"conn-1\",\"sourceNodeId\":\"input-1\",\"targetNodeId\":\"transform-plus\",\"sourcePort\":\"output\",\"targetPort\":\"input1\"},{\"id\":\"conn-2\",\"sourceNodeId\":\"input-2\",\"targetNodeId\":\"transform-plus\",\"sourcePort\":\"output\",\"targetPort\":\"input2\"},{\"id\":\"conn-3\",\"sourceNodeId\":\"transform-plus\",\"targetNodeId\":\"return-result\",\"sourcePort\":\"output\",\"targetPort\":\"input\"}],\"validation\":{\"isValid\":true,\"errors\":[]}}"}
{"level":"info","message":"nodes: [{\"id\":\"input-1\",\"type\":\"number\",\"value\":5,\"position\":{\"x\":100,\"y\":100}},{\"id\":\"input-2\",\"type\":\"number\",\"value\":3,\"position\":{\"x\":100,\"y\":200}},{\"id\":\"transform-plus\",\"type\":\"transform\",\"config\":{\"operation\":\"math\",\"method\":\"add\"},\"position\":{\"x\":300,\"y\":150}}]"}
{"level":"info","message":"[executePipeline] node: {\"id\":\"input-1\",\"type\":\"number\",\"value\":5,\"position\":{\"x\":100,\"y\":100}}"}
{"level":"info","message":"[collectNodeInputs][0]: input-1, [{\"id\":\"conn-1\",\"sourceNodeId\":\"input-1\",\"targetNodeId\":\"transform-plus\",\"sourcePort\":\"output\",\"targetPort\":\"input1\"},{\"id\":\"conn-2\",\"sourceNodeId\":\"input-2\",\"targetNodeId\":\"transform-plus\",\"sourcePort\":\"output\",\"targetPort\":\"input2\"},{\"id\":\"conn-3\",\"sourceNodeId\":\"transform-plus\",\"targetNodeId\":\"return-result\",\"sourcePort\":\"output\",\"targetPort\":\"input\"}]"}
{"level":"info","message":"[collectNodeInputs][2]: {}"}
{"level":"info","message":"[executePipeline] nodeInputs: {}"}
{"level":"info","message":"[executePipeline] node: {\"id\":\"input-2\",\"type\":\"number\",\"value\":3,\"position\":{\"x\":100,\"y\":200}}"}
{"level":"info","message":"[collectNodeInputs][0]: input-2, [{\"id\":\"conn-1\",\"sourceNodeId\":\"input-1\",\"targetNodeId\":\"transform-plus\",\"sourcePort\":\"output\",\"targetPort\":\"input1\"},{\"id\":\"conn-2\",\"sourceNodeId\":\"input-2\",\"targetNodeId\":\"transform-plus\",\"sourcePort\":\"output\",\"targetPort\":\"input2\"},{\"id\":\"conn-3\",\"sourceNodeId\":\"transform-plus\",\"targetNodeId\":\"return-result\",\"sourcePort\":\"output\",\"targetPort\":\"input\"}]"}
{"level":"info","message":"[collectNodeInputs][2]: {}"}
{"level":"info","message":"[executePipeline] nodeInputs: {}"}
{"level":"info","message":"[executePipeline] node: {\"id\":\"transform-plus\",\"type\":\"transform\",\"config\":{\"operation\":\"math\",\"method\":\"add\"},\"position\":{\"x\":300,\"y\":150}}"}
{"level":"info","message":"[collectNodeInputs][0]: transform-plus, [{\"id\":\"conn-1\",\"sourceNodeId\":\"input-1\",\"targetNodeId\":\"transform-plus\",\"sourcePort\":\"output\",\"targetPort\":\"input1\"},{\"id\":\"conn-2\",\"sourceNodeId\":\"input-2\",\"targetNodeId\":\"transform-plus\",\"sourcePort\":\"output\",\"targetPort\":\"input2\"},{\"id\":\"conn-3\",\"sourceNodeId\":\"transform-plus\",\"targetNodeId\":\"return-result\",\"sourcePort\":\"output\",\"targetPort\":\"input\"}]"}
{"level":"info","message":"[collectNodeInputs][1] conn.targetPort: input1"}
{"level":"info","message":"[collectNodeInputs][1] conn.targetPort: input2"}
{"level":"info","message":"[collectNodeInputs][2]: {\"input1\":\"transform-plus\",\"input2\":\"transform-plus\"}"}
{"level":"info","message":"[executePipeline] nodeInputs: {\"input1\":\"transform-plus\",\"input2\":\"transform-plus\"}"}
{"level":"info","message":"[executePipeline] output: \"transform-plustransform-plus\""}
{"level":"info","message":"[executePipeline][end] id: transform-plus, status: success, result: transform-plustransform-plus"}
{"level":"info","message":"[executePipeline] Pipeline execution completed. Result: undefined"}
{"level":"info","message":"[executePipeline] pipeline: {\"id\":\"math-pipeline-001\",\"projectId\":\"math-test-project-001\",\"name\":\"summ(a, b) Pipeline\",\"description\":\"Pipeline for adding two numbers\",\"templateId\":\"simple-math-template-001\",\"mode\":\"last-result\",\"status\":\"active\",\"created\":\"2024-03-20T10:00:00Z\",\"updated\":\"2024-03-20T10:00:00Z\",\"settings\":{\"timeout\":60,\"retryPolicy\":{\"attempts\":3,\"delay\":5}},\"trigger\":{\"type\":\"manual\",\"config\":{\"inputValidation\":true}}}"}
{"level":"info","message":"[TransformNode] inputs: {\"input1\":\"transform-plus\",\"input2\":\"transform-plus\"}"}
{"level":"info","message":"[executePipeline] Executing pipeline: summ(a, b) Pipeline"}
{"level":"info","message":"[executePipeline] executionLog: {\"pipelineId\":\"math-pipeline-001\",\"timestamp\":\"2025-02-08T19:20:54.797Z\",\"status\":\"running\",\"result\":null}"}
{"level":"info","message":"template: {\"id\":\"simple-math-template-001\",\"name\":\"Simple Addition Template\",\"description\":\"Template for adding two numbers\",\"version\":\"1.0.0\",\"nodes\":[{\"id\":\"input-1\",\"type\":\"number\",\"value\":5,\"position\":{\"x\":100,\"y\":100}},{\"id\":\"input-2\",\"type\":\"number\",\"value\":3,\"position\":{\"x\":100,\"y\":200}},{\"id\":\"transform-plus\",\"type\":\"transform\",\"config\":{\"operation\":\"math\",\"method\":\"add\"},\"position\":{\"x\":300,\"y\":150}}],\"connections\":[{\"id\":\"conn-1\",\"sourceNodeId\":\"input-1\",\"targetNodeId\":\"transform-plus\",\"sourcePort\":\"output\",\"targetPort\":\"input1\"},{\"id\":\"conn-2\",\"sourceNodeId\":\"input-2\",\"targetNodeId\":\"transform-plus\",\"sourcePort\":\"output\",\"targetPort\":\"input2\"},{\"id\":\"conn-3\",\"sourceNodeId\":\"transform-plus\",\"targetNodeId\":\"return-result\",\"sourcePort\":\"output\",\"targetPort\":\"input\"}],\"validation\":{\"isValid\":true,\"errors\":[]}}"}
{"level":"info","message":"nodes: [{\"id\":\"input-1\",\"type\":\"number\",\"value\":5,\"position\":{\"x\":100,\"y\":100}},{\"id\":\"input-2\",\"type\":\"number\",\"value\":3,\"position\":{\"x\":100,\"y\":200}},{\"id\":\"transform-plus\",\"type\":\"transform\",\"config\":{\"operation\":\"math\",\"method\":\"add\"},\"position\":{\"x\":300,\"y\":150}}]"}
{"level":"info","message":"[executePipeline] node: {\"id\":\"input-1\",\"type\":\"number\",\"value\":5,\"position\":{\"x\":100,\"y\":100}}"}
{"level":"info","message":"[collectNodeInputs][0]: input-1, [{\"id\":\"conn-1\",\"sourceNodeId\":\"input-1\",\"targetNodeId\":\"transform-plus\",\"sourcePort\":\"output\",\"targetPort\":\"input1\"},{\"id\":\"conn-2\",\"sourceNodeId\":\"input-2\",\"targetNodeId\":\"transform-plus\",\"sourcePort\":\"output\",\"targetPort\":\"input2\"},{\"id\":\"conn-3\",\"sourceNodeId\":\"transform-plus\",\"targetNodeId\":\"return-result\",\"sourcePort\":\"output\",\"targetPort\":\"input\"}]"}
{"level":"info","message":"[collectNodeInputs][2]: {}"}
{"level":"info","message":"[executePipeline] node: {\"id\":\"input-2\",\"type\":\"number\",\"value\":3,\"position\":{\"x\":100,\"y\":200}}"}
{"level":"info","message":"[collectNodeInputs][0]: input-2, [{\"id\":\"conn-1\",\"sourceNodeId\":\"input-1\",\"targetNodeId\":\"transform-plus\",\"sourcePort\":\"output\",\"targetPort\":\"input1\"},{\"id\":\"conn-2\",\"sourceNodeId\":\"input-2\",\"targetNodeId\":\"transform-plus\",\"sourcePort\":\"output\",\"targetPort\":\"input2\"},{\"id\":\"conn-3\",\"sourceNodeId\":\"transform-plus\",\"targetNodeId\":\"return-result\",\"sourcePort\":\"output\",\"targetPort\":\"input\"}]"}
{"level":"info","message":"[collectNodeInputs][2]: {}"}
{"level":"info","message":"[executePipeline] node: {\"id\":\"transform-plus\",\"type\":\"transform\",\"config\":{\"operation\":\"math\",\"method\":\"add\"},\"position\":{\"x\":300,\"y\":150}}"}
{"level":"info","message":"[collectNodeInputs][0]: transform-plus, [{\"id\":\"conn-1\",\"sourceNodeId\":\"input-1\",\"targetNodeId\":\"transform-plus\",\"sourcePort\":\"output\",\"targetPort\":\"input1\"},{\"id\":\"conn-2\",\"sourceNodeId\":\"input-2\",\"targetNodeId\":\"transform-plus\",\"sourcePort\":\"output\",\"targetPort\":\"input2\"},{\"id\":\"conn-3\",\"sourceNodeId\":\"transform-plus\",\"targetNodeId\":\"return-result\",\"sourcePort\":\"output\",\"targetPort\":\"input\"}]"}
{"level":"info","message":"[collectNodeInputs][1] conn.targetPort: input1"}
{"level":"info","message":"[collectNodeInputs][1] conn.targetPort: input2"}
{"level":"info","message":"[collectNodeInputs][2]: {\"input1\":\"transform-plus\",\"input2\":\"transform-plus\"}"}
{"level":"info","message":"[executePipeline] output: \"transform-plustransform-plus\""}
{"level":"info","message":"[executePipeline][end] id: transform-plus, status: success, result: transform-plustransform-plus"}
{"level":"info","message":"[executePipeline] Pipeline execution completed. Result: undefined"}
{"level":"info","message":"[executePipeline] pipeline: {\"id\":\"math-pipeline-001\",\"projectId\":\"math-test-project-001\",\"name\":\"summ(a, b) Pipeline\",\"description\":\"Pipeline for adding two numbers\",\"templateId\":\"simple-math-template-001\",\"mode\":\"last-result\",\"status\":\"active\",\"created\":\"2024-03-20T10:00:00Z\",\"updated\":\"2024-03-20T10:00:00Z\",\"settings\":{\"timeout\":60,\"retryPolicy\":{\"attempts\":3,\"delay\":5}},\"trigger\":{\"type\":\"manual\",\"config\":{\"inputValidation\":true}}}"}
{"level":"info","message":"[TransformNode] inputs: {\"input1\":\"transform-plus\",\"input2\":\"transform-plus\"}"}
{"level":"info","message":"[executePipeline] Executing pipeline: summ(a, b) Pipeline"}
{"level":"info","message":"[executePipeline] executionLog: {\"pipelineId\":\"math-pipeline-001\",\"timestamp\":\"2025-02-08T19:20:57.489Z\",\"status\":\"running\",\"result\":null}"}
{"level":"info","message":"template: {\"id\":\"simple-math-template-001\",\"name\":\"Simple Addition Template\",\"description\":\"Template for adding two numbers\",\"version\":\"1.0.0\",\"nodes\":[{\"id\":\"input-1\",\"type\":\"number\",\"value\":5,\"position\":{\"x\":100,\"y\":100}},{\"id\":\"input-2\",\"type\":\"number\",\"value\":3,\"position\":{\"x\":100,\"y\":200}},{\"id\":\"transform-plus\",\"type\":\"transform\",\"config\":{\"operation\":\"math\",\"method\":\"add\"},\"position\":{\"x\":300,\"y\":150}}],\"connections\":[{\"id\":\"conn-1\",\"sourceNodeId\":\"input-1\",\"targetNodeId\":\"transform-plus\",\"sourcePort\":\"output\",\"targetPort\":\"input1\"},{\"id\":\"conn-2\",\"sourceNodeId\":\"input-2\",\"targetNodeId\":\"transform-plus\",\"sourcePort\":\"output\",\"targetPort\":\"input2\"},{\"id\":\"conn-3\",\"sourceNodeId\":\"transform-plus\",\"targetNodeId\":\"return-result\",\"sourcePort\":\"output\",\"targetPort\":\"input\"}],\"validation\":{\"isValid\":true,\"errors\":[]}}"}
{"level":"info","message":"nodes: [{\"id\":\"input-1\",\"type\":\"number\",\"value\":5,\"position\":{\"x\":100,\"y\":100}},{\"id\":\"input-2\",\"type\":\"number\",\"value\":3,\"position\":{\"x\":100,\"y\":200}},{\"id\":\"transform-plus\",\"type\":\"transform\",\"config\":{\"operation\":\"math\",\"method\":\"add\"},\"position\":{\"x\":300,\"y\":150}}]"}
{"level":"info","message":"[collectNodeInputs][0]: input-1, [{\"id\":\"conn-1\",\"sourceNodeId\":\"input-1\",\"targetNodeId\":\"transform-plus\",\"sourcePort\":\"output\",\"targetPort\":\"input1\"},{\"id\":\"conn-2\",\"sourceNodeId\":\"input-2\",\"targetNodeId\":\"transform-plus\",\"sourcePort\":\"output\",\"targetPort\":\"input2\"},{\"id\":\"conn-3\",\"sourceNodeId\":\"transform-plus\",\"targetNodeId\":\"return-result\",\"sourcePort\":\"output\",\"targetPort\":\"input\"}]"}
{"level":"info","message":"[collectNodeInputs][2]: {}"}
{"level":"info","message":"[collectNodeInputs][0]: input-2, [{\"id\":\"conn-1\",\"sourceNodeId\":\"input-1\",\"targetNodeId\":\"transform-plus\",\"sourcePort\":\"output\",\"targetPort\":\"input1\"},{\"id\":\"conn-2\",\"sourceNodeId\":\"input-2\",\"targetNodeId\":\"transform-plus\",\"sourcePort\":\"output\",\"targetPort\":\"input2\"},{\"id\":\"conn-3\",\"sourceNodeId\":\"transform-plus\",\"targetNodeId\":\"return-result\",\"sourcePort\":\"output\",\"targetPort\":\"input\"}]"}
{"level":"info","message":"[collectNodeInputs][2]: {}"}
{"level":"info","message":"[collectNodeInputs][0]: transform-plus, [{\"id\":\"conn-1\",\"sourceNodeId\":\"input-1\",\"targetNodeId\":\"transform-plus\",\"sourcePort\":\"output\",\"targetPort\":\"input1\"},{\"id\":\"conn-2\",\"sourceNodeId\":\"input-2\",\"targetNodeId\":\"transform-plus\",\"sourcePort\":\"output\",\"targetPort\":\"input2\"},{\"id\":\"conn-3\",\"sourceNodeId\":\"transform-plus\",\"targetNodeId\":\"return-result\",\"sourcePort\":\"output\",\"targetPort\":\"input\"}]"}
{"level":"info","message":"[collectNodeInputs][1] conn.targetPort: input1"}
{"level":"info","message":"[collectNodeInputs][1] conn.targetPort: input2"}
{"level":"info","message":"[collectNodeInputs][2]: {\"input1\":\"transform-plus\",\"input2\":\"transform-plus\"}"}
{"level":"info","message":"[executePipeline] output: \"transform-plustransform-plus\""}
{"level":"info","message":"[executePipeline][end] id: transform-plus, status: success, result: transform-plustransform-plus"}
{"level":"info","message":"[executePipeline] Pipeline execution completed. Result: undefined"}
{"level":"info","message":"[executePipeline] pipeline: {\"id\":\"math-pipeline-001\",\"projectId\":\"math-test-project-001\",\"name\":\"summ(a, b) Pipeline\",\"description\":\"Pipeline for adding two numbers\",\"templateId\":\"simple-math-template-001\",\"mode\":\"last-result\",\"status\":\"active\",\"created\":\"2024-03-20T10:00:00Z\",\"updated\":\"2024-03-20T10:00:00Z\",\"settings\":{\"timeout\":60,\"retryPolicy\":{\"attempts\":3,\"delay\":5}},\"trigger\":{\"type\":\"manual\",\"config\":{\"inputValidation\":true}}}"}
{"level":"info","message":"[TransformNode] inputs: {\"input1\":\"transform-plus\",\"input2\":\"transform-plus\"}"}
{"level":"info","message":"[executePipeline] Executing pipeline: summ(a, b) Pipeline"}
{"level":"info","message":"[executePipeline] executionLog: {\"pipelineId\":\"math-pipeline-001\",\"timestamp\":\"2025-02-08T19:20:59.174Z\",\"status\":\"running\",\"result\":null}"}
{"level":"info","message":"template: {\"id\":\"simple-math-template-001\",\"name\":\"Simple Addition Template\",\"description\":\"Template for adding two numbers\",\"version\":\"1.0.0\",\"nodes\":[{\"id\":\"input-1\",\"type\":\"number\",\"value\":5,\"position\":{\"x\":100,\"y\":100}},{\"id\":\"input-2\",\"type\":\"number\",\"value\":3,\"position\":{\"x\":100,\"y\":200}},{\"id\":\"transform-plus\",\"type\":\"transform\",\"config\":{\"operation\":\"math\",\"method\":\"add\"},\"position\":{\"x\":300,\"y\":150}}],\"connections\":[{\"id\":\"conn-1\",\"sourceNodeId\":\"input-1\",\"targetNodeId\":\"transform-plus\",\"sourcePort\":\"output\",\"targetPort\":\"input1\"},{\"id\":\"conn-2\",\"sourceNodeId\":\"input-2\",\"targetNodeId\":\"transform-plus\",\"sourcePort\":\"output\",\"targetPort\":\"input2\"},{\"id\":\"conn-3\",\"sourceNodeId\":\"transform-plus\",\"targetNodeId\":\"return-result\",\"sourcePort\":\"output\",\"targetPort\":\"input\"}],\"validation\":{\"isValid\":true,\"errors\":[]}}"}
{"level":"info","message":"nodes: [{\"id\":\"input-1\",\"type\":\"number\",\"value\":5,\"position\":{\"x\":100,\"y\":100}},{\"id\":\"input-2\",\"type\":\"number\",\"value\":3,\"position\":{\"x\":100,\"y\":200}},{\"id\":\"transform-plus\",\"type\":\"transform\",\"config\":{\"operation\":\"math\",\"method\":\"add\"},\"position\":{\"x\":300,\"y\":150}}]"}
{"level":"info","message":"[collectNodeInputs][0]: input-1, [{\"id\":\"conn-1\",\"sourceNodeId\":\"input-1\",\"targetNodeId\":\"transform-plus\",\"sourcePort\":\"output\",\"targetPort\":\"input1\"},{\"id\":\"conn-2\",\"sourceNodeId\":\"input-2\",\"targetNodeId\":\"transform-plus\",\"sourcePort\":\"output\",\"targetPort\":\"input2\"},{\"id\":\"conn-3\",\"sourceNodeId\":\"transform-plus\",\"targetNodeId\":\"return-result\",\"sourcePort\":\"output\",\"targetPort\":\"input\"}]"}
{"level":"info","message":"[collectNodeInputs][2]: {}"}
{"level":"info","message":"[collectNodeInputs][0]: input-2, [{\"id\":\"conn-1\",\"sourceNodeId\":\"input-1\",\"targetNodeId\":\"transform-plus\",\"sourcePort\":\"output\",\"targetPort\":\"input1\"},{\"id\":\"conn-2\",\"sourceNodeId\":\"input-2\",\"targetNodeId\":\"transform-plus\",\"sourcePort\":\"output\",\"targetPort\":\"input2\"},{\"id\":\"conn-3\",\"sourceNodeId\":\"transform-plus\",\"targetNodeId\":\"return-result\",\"sourcePort\":\"output\",\"targetPort\":\"input\"}]"}
{"level":"info","message":"[collectNodeInputs][2]: {}"}
{"level":"info","message":"[collectNodeInputs][0]: transform-plus, [{\"id\":\"conn-1\",\"sourceNodeId\":\"input-1\",\"targetNodeId\":\"transform-plus\",\"sourcePort\":\"output\",\"targetPort\":\"input1\"},{\"id\":\"conn-2\",\"sourceNodeId\":\"input-2\",\"targetNodeId\":\"transform-plus\",\"sourcePort\":\"output\",\"targetPort\":\"input2\"},{\"id\":\"conn-3\",\"sourceNodeId\":\"transform-plus\",\"targetNodeId\":\"return-result\",\"sourcePort\":\"output\",\"targetPort\":\"input\"}]"}
{"level":"info","message":"[collectNodeInputs][1] conn.targetPort: input1"}
{"level":"info","message":"[collectNodeInputs][1] conn.targetPort: input2"}
{"level":"info","message":"[collectNodeInputs][2]: {\"input1\":\"transform-plus\",\"input2\":\"transform-plus\"}"}
{"level":"info","message":"[executePipeline] output: \"transform-plustransform-plus\""}
{"level":"info","message":"[executePipeline][end] id: transform-plus, status: success, result: transform-plustransform-plus"}
{"level":"info","message":"[executePipeline] Pipeline execution completed. Result: undefined"}
{"level":"info","message":"[executePipeline] pipeline: {\"id\":\"math-pipeline-001\",\"projectId\":\"math-test-project-001\",\"name\":\"summ(a, b) Pipeline\",\"description\":\"Pipeline for adding two numbers\",\"templateId\":\"simple-math-template-001\",\"mode\":\"last-result\",\"status\":\"active\",\"created\":\"2024-03-20T10:00:00Z\",\"updated\":\"2024-03-20T10:00:00Z\",\"settings\":{\"timeout\":60,\"retryPolicy\":{\"attempts\":3,\"delay\":5}},\"trigger\":{\"type\":\"manual\",\"config\":{\"inputValidation\":true}}}"}
{"level":"info","message":"[TransformNode] inputs: {\"input1\":\"transform-plus\",\"input2\":\"transform-plus\"}"}
{"level":"info","message":"[executePipeline] Executing pipeline: summ(a, b) Pipeline"}
{"level":"info","message":"[executePipeline] executionLog: {\"pipelineId\":\"math-pipeline-001\",\"timestamp\":\"2025-02-08T19:21:08.140Z\",\"status\":\"running\",\"result\":null}"}
{"level":"info","message":"template: {\"id\":\"simple-math-template-001\",\"name\":\"Simple Addition Template\",\"description\":\"Template for adding two numbers\",\"version\":\"1.0.0\",\"nodes\":[{\"id\":\"input-1\",\"type\":\"number\",\"value\":5,\"position\":{\"x\":100,\"y\":100}},{\"id\":\"input-2\",\"type\":\"number\",\"value\":3,\"position\":{\"x\":100,\"y\":200}},{\"id\":\"transform-plus\",\"type\":\"transform\",\"config\":{\"operation\":\"math\",\"method\":\"add\"},\"position\":{\"x\":300,\"y\":150}}],\"connections\":[{\"id\":\"conn-1\",\"sourceNodeId\":\"input-1\",\"targetNodeId\":\"transform-plus\",\"sourcePort\":\"output\",\"targetPort\":\"input1\"},{\"id\":\"conn-2\",\"sourceNodeId\":\"input-2\",\"targetNodeId\":\"transform-plus\",\"sourcePort\":\"output\",\"targetPort\":\"input2\"},{\"id\":\"conn-3\",\"sourceNodeId\":\"transform-plus\",\"targetNodeId\":\"return-result\",\"sourcePort\":\"output\",\"targetPort\":\"input\"}],\"validation\":{\"isValid\":true,\"errors\":[]}}"}
{"level":"info","message":"nodes: [{\"id\":\"input-1\",\"type\":\"number\",\"value\":5,\"position\":{\"x\":100,\"y\":100}},{\"id\":\"input-2\",\"type\":\"number\",\"value\":3,\"position\":{\"x\":100,\"y\":200}},{\"id\":\"transform-plus\",\"type\":\"transform\",\"config\":{\"operation\":\"math\",\"method\":\"add\"},\"position\":{\"x\":300,\"y\":150}}]"}
{"level":"info","message":"[collectNodeInputs][0]: input-1, [{\"id\":\"conn-1\",\"sourceNodeId\":\"input-1\",\"targetNodeId\":\"transform-plus\",\"sourcePort\":\"output\",\"targetPort\":\"input1\"},{\"id\":\"conn-2\",\"sourceNodeId\":\"input-2\",\"targetNodeId\":\"transform-plus\",\"sourcePort\":\"output\",\"targetPort\":\"input2\"},{\"id\":\"conn-3\",\"sourceNodeId\":\"transform-plus\",\"targetNodeId\":\"return-result\",\"sourcePort\":\"output\",\"targetPort\":\"input\"}]"}
{"level":"info","message":"[collectNodeInputs][2]: {}"}
{"level":"info","message":"[collectNodeInputs][0]: input-2, [{\"id\":\"conn-1\",\"sourceNodeId\":\"input-1\",\"targetNodeId\":\"transform-plus\",\"sourcePort\":\"output\",\"targetPort\":\"input1\"},{\"id\":\"conn-2\",\"sourceNodeId\":\"input-2\",\"targetNodeId\":\"transform-plus\",\"sourcePort\":\"output\",\"targetPort\":\"input2\"},{\"id\":\"conn-3\",\"sourceNodeId\":\"transform-plus\",\"targetNodeId\":\"return-result\",\"sourcePort\":\"output\",\"targetPort\":\"input\"}]"}
{"level":"info","message":"[collectNodeInputs][2]: {}"}
{"level":"info","message":"[collectNodeInputs][0]: transform-plus, [{\"id\":\"conn-1\",\"sourceNodeId\":\"input-1\",\"targetNodeId\":\"transform-plus\",\"sourcePort\":\"output\",\"targetPort\":\"input1\"},{\"id\":\"conn-2\",\"sourceNodeId\":\"input-2\",\"targetNodeId\":\"transform-plus\",\"sourcePort\":\"output\",\"targetPort\":\"input2\"},{\"id\":\"conn-3\",\"sourceNodeId\":\"transform-plus\",\"targetNodeId\":\"return-result\",\"sourcePort\":\"output\",\"targetPort\":\"input\"}]"}
{"level":"info","message":"[collectNodeInputs][1] conn.targetPort: input1"}
{"level":"info","message":"[collectNodeInputs][1] conn.targetPort: input2"}
{"level":"info","message":"[collectNodeInputs][2]: {\"input1\":\"transform-plus\",\"input2\":\"transform-plus\"}"}
{"level":"info","message":"[executePipeline] output: \"transform-plustransform-plus\""}
{"level":"info","message":"[executePipeline][end] id: transform-plus, status: success, result: transform-plustransform-plus"}
{"level":"info","message":"[executePipeline] Pipeline execution completed. Result: undefined"}
{"level":"info","message":"[executePipeline] pipeline: {\"id\":\"math-pipeline-001\",\"projectId\":\"math-test-project-001\",\"name\":\"summ(a, b) Pipeline\",\"description\":\"Pipeline for adding two numbers\",\"templateId\":\"simple-math-template-001\",\"mode\":\"last-result\",\"status\":\"active\",\"created\":\"2024-03-20T10:00:00Z\",\"updated\":\"2024-03-20T10:00:00Z\",\"settings\":{\"timeout\":60,\"retryPolicy\":{\"attempts\":3,\"delay\":5}},\"trigger\":{\"type\":\"manual\",\"config\":{\"inputValidation\":true}}}"}
{"level":"info","message":"[TransformNode] inputs: {\"input1\":\"transform-plus\",\"input2\":\"transform-plus\"}"}
{"level":"info","message":"[executePipeline] Executing pipeline: summ(a, b) Pipeline"}
{"level":"info","message":"[executePipeline] executionLog: {\"pipelineId\":\"math-pipeline-001\",\"timestamp\":\"2025-02-08T19:21:10.109Z\",\"status\":\"running\",\"result\":null}"}
{"level":"info","message":"template: {\"id\":\"simple-math-template-001\",\"name\":\"Simple Addition Template\",\"description\":\"Template for adding two numbers\",\"version\":\"1.0.0\",\"nodes\":[{\"id\":\"input-1\",\"type\":\"number\",\"value\":5,\"position\":{\"x\":100,\"y\":100}},{\"id\":\"input-2\",\"type\":\"number\",\"value\":3,\"position\":{\"x\":100,\"y\":200}},{\"id\":\"transform-plus\",\"type\":\"transform\",\"config\":{\"operation\":\"math\",\"method\":\"add\"},\"position\":{\"x\":300,\"y\":150}}],\"connections\":[{\"id\":\"conn-1\",\"sourceNodeId\":\"input-1\",\"targetNodeId\":\"transform-plus\",\"sourcePort\":\"output\",\"targetPort\":\"input1\"},{\"id\":\"conn-2\",\"sourceNodeId\":\"input-2\",\"targetNodeId\":\"transform-plus\",\"sourcePort\":\"output\",\"targetPort\":\"input2\"},{\"id\":\"conn-3\",\"sourceNodeId\":\"transform-plus\",\"targetNodeId\":\"return-result\",\"sourcePort\":\"output\",\"targetPort\":\"input\"}],\"validation\":{\"isValid\":true,\"errors\":[]}}"}
{"level":"info","message":"nodes: [{\"id\":\"input-1\",\"type\":\"number\",\"value\":5,\"position\":{\"x\":100,\"y\":100}},{\"id\":\"input-2\",\"type\":\"number\",\"value\":3,\"position\":{\"x\":100,\"y\":200}},{\"id\":\"transform-plus\",\"type\":\"transform\",\"config\":{\"operation\":\"math\",\"method\":\"add\"},\"position\":{\"x\":300,\"y\":150}}]"}
{"level":"info","message":"[collectNodeInputs][0]: input-1, [{\"id\":\"conn-1\",\"sourceNodeId\":\"input-1\",\"targetNodeId\":\"transform-plus\",\"sourcePort\":\"output\",\"targetPort\":\"input1\"},{\"id\":\"conn-2\",\"sourceNodeId\":\"input-2\",\"targetNodeId\":\"transform-plus\",\"sourcePort\":\"output\",\"targetPort\":\"input2\"},{\"id\":\"conn-3\",\"sourceNodeId\":\"transform-plus\",\"targetNodeId\":\"return-result\",\"sourcePort\":\"output\",\"targetPort\":\"input\"}]"}
{"level":"info","message":"[collectNodeInputs][2]: {}"}
{"level":"info","message":"[collectNodeInputs][0]: input-2, [{\"id\":\"conn-1\",\"sourceNodeId\":\"input-1\",\"targetNodeId\":\"transform-plus\",\"sourcePort\":\"output\",\"targetPort\":\"input1\"},{\"id\":\"conn-2\",\"sourceNodeId\":\"input-2\",\"targetNodeId\":\"transform-plus\",\"sourcePort\":\"output\",\"targetPort\":\"input2\"},{\"id\":\"conn-3\",\"sourceNodeId\":\"transform-plus\",\"targetNodeId\":\"return-result\",\"sourcePort\":\"output\",\"targetPort\":\"input\"}]"}
{"level":"info","message":"[collectNodeInputs][2]: {}"}
{"level":"info","message":"[collectNodeInputs][0]: transform-plus, [{\"id\":\"conn-1\",\"sourceNodeId\":\"input-1\",\"targetNodeId\":\"transform-plus\",\"sourcePort\":\"output\",\"targetPort\":\"input1\"},{\"id\":\"conn-2\",\"sourceNodeId\":\"input-2\",\"targetNodeId\":\"transform-plus\",\"sourcePort\":\"output\",\"targetPort\":\"input2\"},{\"id\":\"conn-3\",\"sourceNodeId\":\"transform-plus\",\"targetNodeId\":\"return-result\",\"sourcePort\":\"output\",\"targetPort\":\"input\"}]"}
{"level":"info","message":"[collectNodeInputs][1] conn.targetPort: input1"}
{"level":"info","message":"[collectNodeInputs][1] conn.targetPort: input2"}
{"level":"info","message":"[collectNodeInputs][2]: {\"input1\":\"transform-plus\",\"input2\":\"transform-plus\"}"}
{"level":"info","message":"[executePipeline][end] id: transform-plus, status: success, result: transform-plustransform-plus"}
{"level":"info","message":"[executePipeline] Pipeline execution completed. Result: undefined"}
{"level":"info","message":"[executePipeline] pipeline: {\"id\":\"math-pipeline-001\",\"projectId\":\"math-test-project-001\",\"name\":\"summ(a, b) Pipeline\",\"description\":\"Pipeline for adding two numbers\",\"templateId\":\"simple-math-template-001\",\"mode\":\"last-result\",\"status\":\"active\",\"created\":\"2024-03-20T10:00:00Z\",\"updated\":\"2024-03-20T10:00:00Z\",\"settings\":{\"timeout\":60,\"retryPolicy\":{\"attempts\":3,\"delay\":5}},\"trigger\":{\"type\":\"manual\",\"config\":{\"inputValidation\":true}}}"}
{"level":"info","message":"[TransformNode] inputs: {\"input1\":\"transform-plus\",\"input2\":\"transform-plus\"}"}
{"level":"info","message":"[executePipeline] Executing pipeline: summ(a, b) Pipeline"}
{"level":"info","message":"[executePipeline] executionLog: {\"pipelineId\":\"math-pipeline-001\",\"timestamp\":\"2025-02-08T19:21:38.291Z\",\"status\":\"running\",\"result\":null}"}
{"level":"info","message":"template: {\"id\":\"simple-math-template-001\",\"name\":\"Simple Addition Template\",\"description\":\"Template for adding two numbers\",\"version\":\"1.0.0\",\"nodes\":[{\"id\":\"input-1\",\"type\":\"number\",\"value\":5,\"position\":{\"x\":100,\"y\":100}},{\"id\":\"input-2\",\"type\":\"number\",\"value\":3,\"position\":{\"x\":100,\"y\":200}},{\"id\":\"transform-plus\",\"type\":\"transform\",\"config\":{\"operation\":\"math\",\"method\":\"add\"},\"position\":{\"x\":300,\"y\":150}}],\"connections\":[{\"id\":\"conn-1\",\"sourceNodeId\":\"input-1\",\"targetNodeId\":\"transform-plus\",\"sourcePort\":\"output\",\"targetPort\":\"input1\"},{\"id\":\"conn-2\",\"sourceNodeId\":\"input-2\",\"targetNodeId\":\"transform-plus\",\"sourcePort\":\"output\",\"targetPort\":\"input2\"},{\"id\":\"conn-3\",\"sourceNodeId\":\"transform-plus\",\"targetNodeId\":\"return-result\",\"sourcePort\":\"output\",\"targetPort\":\"input\"}],\"validation\":{\"isValid\":true,\"errors\":[]}}"}
{"level":"info","message":"nodes: [{\"id\":\"input-1\",\"type\":\"number\",\"value\":5,\"position\":{\"x\":100,\"y\":100}},{\"id\":\"input-2\",\"type\":\"number\",\"value\":3,\"position\":{\"x\":100,\"y\":200}},{\"id\":\"transform-plus\",\"type\":\"transform\",\"config\":{\"operation\":\"math\",\"method\":\"add\"},\"position\":{\"x\":300,\"y\":150}}]"}
{"level":"info","message":"[collectNodeInputs][0]: input-1, [{\"id\":\"conn-1\",\"sourceNodeId\":\"input-1\",\"targetNodeId\":\"transform-plus\",\"sourcePort\":\"output\",\"targetPort\":\"input1\"},{\"id\":\"conn-2\",\"sourceNodeId\":\"input-2\",\"targetNodeId\":\"transform-plus\",\"sourcePort\":\"output\",\"targetPort\":\"input2\"},{\"id\":\"conn-3\",\"sourceNodeId\":\"transform-plus\",\"targetNodeId\":\"return-result\",\"sourcePort\":\"output\",\"targetPort\":\"input\"}]"}
{"level":"info","message":"[collectNodeInputs][2]: {}"}
{"level":"info","message":"[collectNodeInputs][0]: input-2, [{\"id\":\"conn-1\",\"sourceNodeId\":\"input-1\",\"targetNodeId\":\"transform-plus\",\"sourcePort\":\"output\",\"targetPort\":\"input1\"},{\"id\":\"conn-2\",\"sourceNodeId\":\"input-2\",\"targetNodeId\":\"transform-plus\",\"sourcePort\":\"output\",\"targetPort\":\"input2\"},{\"id\":\"conn-3\",\"sourceNodeId\":\"transform-plus\",\"targetNodeId\":\"return-result\",\"sourcePort\":\"output\",\"targetPort\":\"input\"}]"}
{"level":"info","message":"[collectNodeInputs][2]: {}"}
{"level":"info","message":"[collectNodeInputs][0]: transform-plus, [{\"id\":\"conn-1\",\"sourceNodeId\":\"input-1\",\"targetNodeId\":\"transform-plus\",\"sourcePort\":\"output\",\"targetPort\":\"input1\"},{\"id\":\"conn-2\",\"sourceNodeId\":\"input-2\",\"targetNodeId\":\"transform-plus\",\"sourcePort\":\"output\",\"targetPort\":\"input2\"},{\"id\":\"conn-3\",\"sourceNodeId\":\"transform-plus\",\"targetNodeId\":\"return-result\",\"sourcePort\":\"output\",\"targetPort\":\"input\"}]"}
{"level":"info","message":"[collectNodeInputs][1] conn.targetPort: input1"}
{"level":"info","message":"[collectNodeInputs][1] conn.targetPort: input2"}
{"level":"info","message":"[collectNodeInputs][2]: {\"input1\":\"transform-plus\",\"input2\":\"transform-plus\"}"}
{"level":"info","message":"[executePipeline][end] id: transform-plus, status: success, result: transform-plustransform-plus"}
{"level":"info","message":"[executePipeline] Pipeline execution completed. Result: undefined"}
{"level":"info","message":"[executePipeline] pipeline: {\"id\":\"math-pipeline-001\",\"projectId\":\"math-test-project-001\",\"name\":\"summ(a, b) Pipeline\",\"description\":\"Pipeline for adding two numbers\",\"templateId\":\"simple-math-template-001\",\"mode\":\"last-result\",\"status\":\"active\",\"created\":\"2024-03-20T10:00:00Z\",\"updated\":\"2024-03-20T10:00:00Z\",\"settings\":{\"timeout\":60,\"retryPolicy\":{\"attempts\":3,\"delay\":5}},\"trigger\":{\"type\":\"manual\",\"config\":{\"inputValidation\":true}}}"}
{"level":"info","message":"[TransformNode] inputs: {\"input1\":\"transform-plus\",\"input2\":\"transform-plus\"}"}
{"level":"info","message":"[executePipeline] Executing pipeline: summ(a, b) Pipeline"}
{"level":"info","message":"[executePipeline] executionLog: {\"pipelineId\":\"math-pipeline-001\",\"timestamp\":\"2025-02-08T19:21:40.180Z\",\"status\":\"running\",\"result\":null}"}
{"level":"info","message":"template: {\"id\":\"simple-math-template-001\",\"name\":\"Simple Addition Template\",\"description\":\"Template for adding two numbers\",\"version\":\"1.0.0\",\"nodes\":[{\"id\":\"input-1\",\"type\":\"number\",\"value\":5,\"position\":{\"x\":100,\"y\":100}},{\"id\":\"input-2\",\"type\":\"number\",\"value\":3,\"position\":{\"x\":100,\"y\":200}},{\"id\":\"transform-plus\",\"type\":\"transform\",\"config\":{\"operation\":\"math\",\"method\":\"add\"},\"position\":{\"x\":300,\"y\":150}}],\"connections\":[{\"id\":\"conn-1\",\"sourceNodeId\":\"input-1\",\"targetNodeId\":\"transform-plus\",\"sourcePort\":\"output\",\"targetPort\":\"input1\"},{\"id\":\"conn-2\",\"sourceNodeId\":\"input-2\",\"targetNodeId\":\"transform-plus\",\"sourcePort\":\"output\",\"targetPort\":\"input2\"},{\"id\":\"conn-3\",\"sourceNodeId\":\"transform-plus\",\"targetNodeId\":\"return-result\",\"sourcePort\":\"output\",\"targetPort\":\"input\"}],\"validation\":{\"isValid\":true,\"errors\":[]}}"}
{"level":"info","message":"nodes: [{\"id\":\"input-1\",\"type\":\"number\",\"value\":5,\"position\":{\"x\":100,\"y\":100}},{\"id\":\"input-2\",\"type\":\"number\",\"value\":3,\"position\":{\"x\":100,\"y\":200}},{\"id\":\"transform-plus\",\"type\":\"transform\",\"config\":{\"operation\":\"math\",\"method\":\"add\"},\"position\":{\"x\":300,\"y\":150}}]"}
{"level":"info","message":"[collectNodeInputs][0]: input-1, [{\"id\":\"conn-1\",\"sourceNodeId\":\"input-1\",\"targetNodeId\":\"transform-plus\",\"sourcePort\":\"output\",\"targetPort\":\"input1\"},{\"id\":\"conn-2\",\"sourceNodeId\":\"input-2\",\"targetNodeId\":\"transform-plus\",\"sourcePort\":\"output\",\"targetPort\":\"input2\"},{\"id\":\"conn-3\",\"sourceNodeId\":\"transform-plus\",\"targetNodeId\":\"return-result\",\"sourcePort\":\"output\",\"targetPort\":\"input\"}]"}
{"level":"info","message":"[collectNodeInputs][2]: {}"}
{"level":"info","message":"[collectNodeInputs][0]: input-2, [{\"id\":\"conn-1\",\"sourceNodeId\":\"input-1\",\"targetNodeId\":\"transform-plus\",\"sourcePort\":\"output\",\"targetPort\":\"input1\"},{\"id\":\"conn-2\",\"sourceNodeId\":\"input-2\",\"targetNodeId\":\"transform-plus\",\"sourcePort\":\"output\",\"targetPort\":\"input2\"},{\"id\":\"conn-3\",\"sourceNodeId\":\"transform-plus\",\"targetNodeId\":\"return-result\",\"sourcePort\":\"output\",\"targetPort\":\"input\"}]"}
{"level":"info","message":"[collectNodeInputs][2]: {}"}
{"level":"info","message":"[collectNodeInputs][0]: transform-plus, [{\"id\":\"conn-1\",\"sourceNodeId\":\"input-1\",\"targetNodeId\":\"transform-plus\",\"sourcePort\":\"output\",\"targetPort\":\"input1\"},{\"id\":\"conn-2\",\"sourceNodeId\":\"input-2\",\"targetNodeId\":\"transform-plus\",\"sourcePort\":\"output\",\"targetPort\":\"input2\"},{\"id\":\"conn-3\",\"sourceNodeId\":\"transform-plus\",\"targetNodeId\":\"return-result\",\"sourcePort\":\"output\",\"targetPort\":\"input\"}]"}
{"level":"info","message":"[collectNodeInputs][1] conn.targetPort: input1"}
{"level":"info","message":"[collectNodeInputs][1] conn.targetPort: input2"}
{"level":"info","message":"[collectNodeInputs][2]: {\"input1\":\"transform-plus\",\"input2\":\"transform-plus\"}"}
{"level":"info","message":"[executePipeline] Pipeline execution completed. Result: undefined"}
{"level":"info","message":"[executePipeline] pipeline: {\"id\":\"math-pipeline-001\",\"projectId\":\"math-test-project-001\",\"name\":\"summ(a, b) Pipeline\",\"description\":\"Pipeline for adding two numbers\",\"templateId\":\"simple-math-template-001\",\"mode\":\"last-result\",\"status\":\"active\",\"created\":\"2024-03-20T10:00:00Z\",\"updated\":\"2024-03-20T10:00:00Z\",\"settings\":{\"timeout\":60,\"retryPolicy\":{\"attempts\":3,\"delay\":5}},\"trigger\":{\"type\":\"manual\",\"config\":{\"inputValidation\":true}}}"}
{"level":"info","message":"[TransformNode] inputs: {\"input1\":\"transform-plus\",\"input2\":\"transform-plus\"}"}
{"level":"info","message":"[executePipeline] Executing pipeline: summ(a, b) Pipeline"}
{"level":"info","message":"[executePipeline] executionLog: {\"pipelineId\":\"math-pipeline-001\",\"timestamp\":\"2025-02-08T19:21:58.338Z\",\"status\":\"running\",\"result\":null}"}
{"level":"info","message":"template: {\"id\":\"simple-math-template-001\",\"name\":\"Simple Addition Template\",\"description\":\"Template for adding two numbers\",\"version\":\"1.0.0\",\"nodes\":[{\"id\":\"input-1\",\"type\":\"number\",\"value\":5,\"position\":{\"x\":100,\"y\":100}},{\"id\":\"input-2\",\"type\":\"number\",\"value\":3,\"position\":{\"x\":100,\"y\":200}},{\"id\":\"transform-plus\",\"type\":\"transform\",\"config\":{\"operation\":\"math\",\"method\":\"add\"},\"position\":{\"x\":300,\"y\":150}}],\"connections\":[{\"id\":\"conn-1\",\"sourceNodeId\":\"input-1\",\"targetNodeId\":\"transform-plus\",\"sourcePort\":\"output\",\"targetPort\":\"input1\"},{\"id\":\"conn-2\",\"sourceNodeId\":\"input-2\",\"targetNodeId\":\"transform-plus\",\"sourcePort\":\"output\",\"targetPort\":\"input2\"},{\"id\":\"conn-3\",\"sourceNodeId\":\"transform-plus\",\"targetNodeId\":\"return-result\",\"sourcePort\":\"output\",\"targetPort\":\"input\"}],\"validation\":{\"isValid\":true,\"errors\":[]}}"}
{"level":"info","message":"nodes: [{\"id\":\"input-1\",\"type\":\"number\",\"value\":5,\"position\":{\"x\":100,\"y\":100}},{\"id\":\"input-2\",\"type\":\"number\",\"value\":3,\"position\":{\"x\":100,\"y\":200}},{\"id\":\"transform-plus\",\"type\":\"transform\",\"config\":{\"operation\":\"math\",\"method\":\"add\"},\"position\":{\"x\":300,\"y\":150}}]"}
{"level":"info","message":"[collectNodeInputs][0]: input-1, [{\"id\":\"conn-1\",\"sourceNodeId\":\"input-1\",\"targetNodeId\":\"transform-plus\",\"sourcePort\":\"output\",\"targetPort\":\"input1\"},{\"id\":\"conn-2\",\"sourceNodeId\":\"input-2\",\"targetNodeId\":\"transform-plus\",\"sourcePort\":\"output\",\"targetPort\":\"input2\"},{\"id\":\"conn-3\",\"sourceNodeId\":\"transform-plus\",\"targetNodeId\":\"return-result\",\"sourcePort\":\"output\",\"targetPort\":\"input\"}]"}
{"level":"info","message":"[collectNodeInputs][2]: {}"}
{"level":"info","message":"[collectNodeInputs][0]: input-2, [{\"id\":\"conn-1\",\"sourceNodeId\":\"input-1\",\"targetNodeId\":\"transform-plus\",\"sourcePort\":\"output\",\"targetPort\":\"input1\"},{\"id\":\"conn-2\",\"sourceNodeId\":\"input-2\",\"targetNodeId\":\"transform-plus\",\"sourcePort\":\"output\",\"targetPort\":\"input2\"},{\"id\":\"conn-3\",\"sourceNodeId\":\"transform-plus\",\"targetNodeId\":\"return-result\",\"sourcePort\":\"output\",\"targetPort\":\"input\"}]"}
{"level":"info","message":"[collectNodeInputs][2]: {}"}
{"level":"info","message":"[collectNodeInputs][0]: transform-plus, [{\"id\":\"conn-1\",\"sourceNodeId\":\"input-1\",\"targetNodeId\":\"transform-plus\",\"sourcePort\":\"output\",\"targetPort\":\"input1\"},{\"id\":\"conn-2\",\"sourceNodeId\":\"input-2\",\"targetNodeId\":\"transform-plus\",\"sourcePort\":\"output\",\"targetPort\":\"input2\"},{\"id\":\"conn-3\",\"sourceNodeId\":\"transform-plus\",\"targetNodeId\":\"return-result\",\"sourcePort\":\"output\",\"targetPort\":\"input\"}]"}
{"level":"info","message":"[collectNodeInputs][1] conn.targetPort: input1"}
{"level":"info","message":"[collectNodeInputs][1] conn.targetPort: input2"}
{"level":"info","message":"[collectNodeInputs][2]: {\"input1\":\"transform-plus\",\"input2\":\"transform-plus\"}"}
{"level":"info","message":"[executePipeline] Pipeline execution completed. Result: undefined"}
{"level":"info","message":"[executePipeline] pipeline: {\"id\":\"math-pipeline-001\",\"projectId\":\"math-test-project-001\",\"name\":\"summ(a, b) Pipeline\",\"description\":\"Pipeline for adding two numbers\",\"templateId\":\"simple-math-template-001\",\"mode\":\"last-result\",\"status\":\"active\",\"created\":\"2024-03-20T10:00:00Z\",\"updated\":\"2024-03-20T10:00:00Z\",\"settings\":{\"timeout\":60,\"retryPolicy\":{\"attempts\":3,\"delay\":5}},\"trigger\":{\"type\":\"manual\",\"config\":{\"inputValidation\":true}}}"}
{"level":"info","message":"[TransformNode] inputs: {\"input1\":\"transform-plus\",\"input2\":\"transform-plus\"}"}
{"level":"info","message":"[executePipeline] Executing pipeline: summ(a, b) Pipeline"}
{"level":"info","message":"[executePipeline] executionLog: {\"pipelineId\":\"math-pipeline-001\",\"timestamp\":\"2025-02-08T19:22:09.474Z\",\"status\":\"running\",\"result\":null}"}
{"level":"info","message":"template: {\"id\":\"simple-math-template-001\",\"name\":\"Simple Addition Template\",\"description\":\"Template for adding two numbers\",\"version\":\"1.0.0\",\"nodes\":[{\"id\":\"input-1\",\"type\":\"number\",\"value\":5,\"position\":{\"x\":100,\"y\":100}},{\"id\":\"input-2\",\"type\":\"number\",\"value\":3,\"position\":{\"x\":100,\"y\":200}},{\"id\":\"transform-plus\",\"type\":\"transform\",\"config\":{\"operation\":\"math\",\"method\":\"add\"},\"position\":{\"x\":300,\"y\":150}}],\"connections\":[{\"id\":\"conn-1\",\"sourceNodeId\":\"input-1\",\"targetNodeId\":\"transform-plus\",\"sourcePort\":\"output\",\"targetPort\":\"input1\"},{\"id\":\"conn-2\",\"sourceNodeId\":\"input-2\",\"targetNodeId\":\"transform-plus\",\"sourcePort\":\"output\",\"targetPort\":\"input2\"},{\"id\":\"conn-3\",\"sourceNodeId\":\"transform-plus\",\"targetNodeId\":\"return-result\",\"sourcePort\":\"output\",\"targetPort\":\"input\"}],\"validation\":{\"isValid\":true,\"errors\":[]}}"}
{"level":"info","message":"nodes: [{\"id\":\"input-1\",\"type\":\"number\",\"value\":5,\"position\":{\"x\":100,\"y\":100}},{\"id\":\"input-2\",\"type\":\"number\",\"value\":3,\"position\":{\"x\":100,\"y\":200}},{\"id\":\"transform-plus\",\"type\":\"transform\",\"config\":{\"operation\":\"math\",\"method\":\"add\"},\"position\":{\"x\":300,\"y\":150}}]"}
{"level":"info","message":"[collectNodeInputs][0]: input-1, [{\"id\":\"conn-1\",\"sourceNodeId\":\"input-1\",\"targetNodeId\":\"transform-plus\",\"sourcePort\":\"output\",\"targetPort\":\"input1\"},{\"id\":\"conn-2\",\"sourceNodeId\":\"input-2\",\"targetNodeId\":\"transform-plus\",\"sourcePort\":\"output\",\"targetPort\":\"input2\"},{\"id\":\"conn-3\",\"sourceNodeId\":\"transform-plus\",\"targetNodeId\":\"return-result\",\"sourcePort\":\"output\",\"targetPort\":\"input\"}]"}
{"level":"info","message":"[collectNodeInputs][2]: {}"}
{"level":"info","message":"[collectNodeInputs][0]: input-2, [{\"id\":\"conn-1\",\"sourceNodeId\":\"input-1\",\"targetNodeId\":\"transform-plus\",\"sourcePort\":\"output\",\"targetPort\":\"input1\"},{\"id\":\"conn-2\",\"sourceNodeId\":\"input-2\",\"targetNodeId\":\"transform-plus\",\"sourcePort\":\"output\",\"targetPort\":\"input2\"},{\"id\":\"conn-3\",\"sourceNodeId\":\"transform-plus\",\"targetNodeId\":\"return-result\",\"sourcePort\":\"output\",\"targetPort\":\"input\"}]"}
{"level":"info","message":"[collectNodeInputs][2]: {}"}
{"level":"info","message":"[collectNodeInputs][0]: transform-plus, [{\"id\":\"conn-1\",\"sourceNodeId\":\"input-1\",\"targetNodeId\":\"transform-plus\",\"sourcePort\":\"output\",\"targetPort\":\"input1\"},{\"id\":\"conn-2\",\"sourceNodeId\":\"input-2\",\"targetNodeId\":\"transform-plus\",\"sourcePort\":\"output\",\"targetPort\":\"input2\"},{\"id\":\"conn-3\",\"sourceNodeId\":\"transform-plus\",\"targetNodeId\":\"return-result\",\"sourcePort\":\"output\",\"targetPort\":\"input\"}]"}
{"level":"info","message":"[collectNodeInputs][1] conn.targetPort: input1"}
{"level":"info","message":"[collectNodeInputs][1] conn.targetPort: input2"}
{"level":"info","message":"[collectNodeInputs][2]: {\"input1\":\"transform-plus\",\"input2\":\"transform-plus\"}"}
{"level":"info","message":"[executePipeline] Pipeline execution completed. Result: undefined"}
{"level":"info","message":"[executePipeline] pipeline: {\"id\":\"math-pipeline-001\",\"projectId\":\"math-test-project-001\",\"name\":\"summ(a, b) Pipeline\",\"description\":\"Pipeline for adding two numbers\",\"templateId\":\"simple-math-template-001\",\"mode\":\"last-result\",\"status\":\"active\",\"created\":\"2024-03-20T10:00:00Z\",\"updated\":\"2024-03-20T10:00:00Z\",\"settings\":{\"timeout\":60,\"retryPolicy\":{\"attempts\":3,\"delay\":5}},\"trigger\":{\"type\":\"manual\",\"config\":{\"inputValidation\":true}}}"}
{"level":"info","message":"[TransformNode] inputs: {\"input1\":\"transform-plus\",\"input2\":\"transform-plus\"}"}
{"level":"info","message":"[executePipeline] Executing pipeline: summ(a, b) Pipeline"}
{"level":"info","message":"[executePipeline] executionLog: {\"pipelineId\":\"math-pipeline-001\",\"timestamp\":\"2025-02-08T19:22:41.840Z\",\"status\":\"running\",\"result\":null}"}
{"level":"info","message":"template: {\"id\":\"simple-math-template-001\",\"name\":\"Simple Addition Template\",\"description\":\"Template for adding two numbers\",\"version\":\"1.0.0\",\"nodes\":[{\"id\":\"input-1\",\"type\":\"number\",\"value\":5,\"position\":{\"x\":100,\"y\":100}},{\"id\":\"input-2\",\"type\":\"number\",\"value\":3,\"position\":{\"x\":100,\"y\":200}},{\"id\":\"transform-plus\",\"type\":\"transform\",\"config\":{\"operation\":\"math\",\"method\":\"add\"},\"position\":{\"x\":300,\"y\":150}}],\"connections\":[{\"id\":\"conn-1\",\"sourceNodeId\":\"input-1\",\"targetNodeId\":\"transform-plus\",\"sourcePort\":\"output\",\"targetPort\":\"input1\"},{\"id\":\"conn-2\",\"sourceNodeId\":\"input-2\",\"targetNodeId\":\"transform-plus\",\"sourcePort\":\"output\",\"targetPort\":\"input2\"},{\"id\":\"conn-3\",\"sourceNodeId\":\"transform-plus\",\"targetNodeId\":\"return-result\",\"sourcePort\":\"output\",\"targetPort\":\"input\"}],\"validation\":{\"isValid\":true,\"errors\":[]}}"}
{"level":"info","message":"nodes: [{\"id\":\"input-1\",\"type\":\"number\",\"value\":5,\"position\":{\"x\":100,\"y\":100}},{\"id\":\"input-2\",\"type\":\"number\",\"value\":3,\"position\":{\"x\":100,\"y\":200}},{\"id\":\"transform-plus\",\"type\":\"transform\",\"config\":{\"operation\":\"math\",\"method\":\"add\"},\"position\":{\"x\":300,\"y\":150}}]"}
{"level":"info","message":"[collectNodeInputs][0]: input-1, [{\"id\":\"conn-1\",\"sourceNodeId\":\"input-1\",\"targetNodeId\":\"transform-plus\",\"sourcePort\":\"output\",\"targetPort\":\"input1\"},{\"id\":\"conn-2\",\"sourceNodeId\":\"input-2\",\"targetNodeId\":\"transform-plus\",\"sourcePort\":\"output\",\"targetPort\":\"input2\"},{\"id\":\"conn-3\",\"sourceNodeId\":\"transform-plus\",\"targetNodeId\":\"return-result\",\"sourcePort\":\"output\",\"targetPort\":\"input\"}]"}
{"level":"info","message":"[collectNodeInputs][2]: {}"}
{"level":"info","message":"[collectNodeInputs][0]: input-2, [{\"id\":\"conn-1\",\"sourceNodeId\":\"input-1\",\"targetNodeId\":\"transform-plus\",\"sourcePort\":\"output\",\"targetPort\":\"input1\"},{\"id\":\"conn-2\",\"sourceNodeId\":\"input-2\",\"targetNodeId\":\"transform-plus\",\"sourcePort\":\"output\",\"targetPort\":\"input2\"},{\"id\":\"conn-3\",\"sourceNodeId\":\"transform-plus\",\"targetNodeId\":\"return-result\",\"sourcePort\":\"output\",\"targetPort\":\"input\"}]"}
{"level":"info","message":"[collectNodeInputs][2]: {}"}
{"level":"info","message":"[collectNodeInputs][0]: transform-plus, [{\"id\":\"conn-1\",\"sourceNodeId\":\"input-1\",\"targetNodeId\":\"transform-plus\",\"sourcePort\":\"output\",\"targetPort\":\"input1\"},{\"id\":\"conn-2\",\"sourceNodeId\":\"input-2\",\"targetNodeId\":\"transform-plus\",\"sourcePort\":\"output\",\"targetPort\":\"input2\"},{\"id\":\"conn-3\",\"sourceNodeId\":\"transform-plus\",\"targetNodeId\":\"return-result\",\"sourcePort\":\"output\",\"targetPort\":\"input\"}]"}
{"level":"info","message":"[collectNodeInputs][1] conn.targetPort: input1"}
{"level":"info","message":"[collectNodeInputs][1] conn.targetPort: input2"}
{"level":"info","message":"[collectNodeInputs][2]: {\"input1\":\"transform-plus\",\"input2\":\"transform-plus\"}"}
{"level":"info","message":"[executePipeline] Pipeline execution completed. Result: undefined"}
{"level":"info","message":"[executePipeline] pipeline: {\"id\":\"math-pipeline-001\",\"projectId\":\"math-test-project-001\",\"name\":\"summ(a, b) Pipeline\",\"description\":\"Pipeline for adding two numbers\",\"templateId\":\"simple-math-template-001\",\"mode\":\"last-result\",\"status\":\"active\",\"created\":\"2024-03-20T10:00:00Z\",\"updated\":\"2024-03-20T10:00:00Z\",\"settings\":{\"timeout\":60,\"retryPolicy\":{\"attempts\":3,\"delay\":5}},\"trigger\":{\"type\":\"manual\",\"config\":{\"inputValidation\":true}}}"}
{"level":"info","message":"[TransformNode] inputs: {\"input1\":\"transform-plus\",\"input2\":\"transform-plus\"}"}
{"level":"info","message":"[executePipeline] Executing pipeline: summ(a, b) Pipeline"}
{"level":"info","message":"[executePipeline] executionLog: {\"pipelineId\":\"math-pipeline-001\",\"timestamp\":\"2025-02-08T19:22:43.788Z\",\"status\":\"running\",\"result\":null}"}
{"level":"info","message":"template: {\"id\":\"simple-math-template-001\",\"name\":\"Simple Addition Template\",\"description\":\"Template for adding two numbers\",\"version\":\"1.0.0\",\"nodes\":[{\"id\":\"input-1\",\"type\":\"number\",\"value\":5,\"position\":{\"x\":100,\"y\":100}},{\"id\":\"input-2\",\"type\":\"number\",\"value\":3,\"position\":{\"x\":100,\"y\":200}},{\"id\":\"transform-plus\",\"type\":\"transform\",\"config\":{\"operation\":\"math\",\"method\":\"add\"},\"position\":{\"x\":300,\"y\":150}}],\"connections\":[{\"id\":\"conn-1\",\"sourceNodeId\":\"input-1\",\"targetNodeId\":\"transform-plus\",\"sourcePort\":\"output\",\"targetPort\":\"input1\"},{\"id\":\"conn-2\",\"sourceNodeId\":\"input-2\",\"targetNodeId\":\"transform-plus\",\"sourcePort\":\"output\",\"targetPort\":\"input2\"},{\"id\":\"conn-3\",\"sourceNodeId\":\"transform-plus\",\"targetNodeId\":\"return-result\",\"sourcePort\":\"output\",\"targetPort\":\"input\"}],\"validation\":{\"isValid\":true,\"errors\":[]}}"}
{"level":"info","message":"nodes: [{\"id\":\"input-1\",\"type\":\"number\",\"value\":5,\"position\":{\"x\":100,\"y\":100}},{\"id\":\"input-2\",\"type\":\"number\",\"value\":3,\"position\":{\"x\":100,\"y\":200}},{\"id\":\"transform-plus\",\"type\":\"transform\",\"config\":{\"operation\":\"math\",\"method\":\"add\"},\"position\":{\"x\":300,\"y\":150}}]"}
{"level":"info","message":"[collectNodeInputs][2]: {}"}
{"level":"info","message":"[collectNodeInputs][2]: {}"}
{"level":"info","message":"[collectNodeInputs][1] conn.targetPort: input1"}
{"level":"info","message":"[collectNodeInputs][1] conn.targetPort: input2"}
{"level":"info","message":"[collectNodeInputs][2]: {\"input1\":\"transform-plus\",\"input2\":\"transform-plus\"}"}
{"level":"info","message":"[executePipeline] Pipeline execution completed. Result: undefined"}
{"level":"info","message":"[executePipeline] pipeline: {\"id\":\"math-pipeline-001\",\"projectId\":\"math-test-project-001\",\"name\":\"summ(a, b) Pipeline\",\"description\":\"Pipeline for adding two numbers\",\"templateId\":\"simple-math-template-001\",\"mode\":\"last-result\",\"status\":\"active\",\"created\":\"2024-03-20T10:00:00Z\",\"updated\":\"2024-03-20T10:00:00Z\",\"settings\":{\"timeout\":60,\"retryPolicy\":{\"attempts\":3,\"delay\":5}},\"trigger\":{\"type\":\"manual\",\"config\":{\"inputValidation\":true}}}"}
{"level":"info","message":"[TransformNode] inputs: {\"input1\":\"transform-plus\",\"input2\":\"transform-plus\"}"}
{"level":"info","message":"[executePipeline] Executing pipeline: summ(a, b) Pipeline"}
{"level":"info","message":"[executePipeline] executionLog: {\"pipelineId\":\"math-pipeline-001\",\"timestamp\":\"2025-02-08T19:22:59.231Z\",\"status\":\"running\",\"result\":null}"}
{"level":"info","message":"template: {\"id\":\"simple-math-template-001\",\"name\":\"Simple Addition Template\",\"description\":\"Template for adding two numbers\",\"version\":\"1.0.0\",\"nodes\":[{\"id\":\"input-1\",\"type\":\"number\",\"value\":5,\"position\":{\"x\":100,\"y\":100}},{\"id\":\"input-2\",\"type\":\"number\",\"value\":3,\"position\":{\"x\":100,\"y\":200}},{\"id\":\"transform-plus\",\"type\":\"transform\",\"config\":{\"operation\":\"math\",\"method\":\"add\"},\"position\":{\"x\":300,\"y\":150}}],\"connections\":[{\"id\":\"conn-1\",\"sourceNodeId\":\"input-1\",\"targetNodeId\":\"transform-plus\",\"sourcePort\":\"output\",\"targetPort\":\"input1\"},{\"id\":\"conn-2\",\"sourceNodeId\":\"input-2\",\"targetNodeId\":\"transform-plus\",\"sourcePort\":\"output\",\"targetPort\":\"input2\"},{\"id\":\"conn-3\",\"sourceNodeId\":\"transform-plus\",\"targetNodeId\":\"return-result\",\"sourcePort\":\"output\",\"targetPort\":\"input\"}],\"validation\":{\"isValid\":true,\"errors\":[]}}"}
{"level":"info","message":"nodes: [{\"id\":\"input-1\",\"type\":\"number\",\"value\":5,\"position\":{\"x\":100,\"y\":100}},{\"id\":\"input-2\",\"type\":\"number\",\"value\":3,\"position\":{\"x\":100,\"y\":200}},{\"id\":\"transform-plus\",\"type\":\"transform\",\"config\":{\"operation\":\"math\",\"method\":\"add\"},\"position\":{\"x\":300,\"y\":150}}]"}
{"level":"info","message":"[collectNodeInputs][2]: {}"}
{"level":"info","message":"[collectNodeInputs][2]: {}"}
{"level":"info","message":"[collectNodeInputs][2]: {\"input1\":\"transform-plus\",\"input2\":\"transform-plus\"}"}
{"level":"info","message":"[executePipeline] Pipeline execution completed. Result: undefined"}
{"level":"info","message":"[executePipeline] pipeline: {\"id\":\"math-pipeline-001\",\"projectId\":\"math-test-project-001\",\"name\":\"summ(a, b) Pipeline\",\"description\":\"Pipeline for adding two numbers\",\"templateId\":\"simple-math-template-001\",\"mode\":\"last-result\",\"status\":\"active\",\"created\":\"2024-03-20T10:00:00Z\",\"updated\":\"2024-03-20T10:00:00Z\",\"settings\":{\"timeout\":60,\"retryPolicy\":{\"attempts\":3,\"delay\":5}},\"trigger\":{\"type\":\"manual\",\"config\":{\"inputValidation\":true}}}"}
{"level":"info","message":"[TransformNode] inputs: {\"input1\":\"transform-plus\",\"input2\":\"transform-plus\"}"}
{"level":"info","message":"[executePipeline] Executing pipeline: summ(a, b) Pipeline"}
{"level":"info","message":"[executePipeline] executionLog: {\"pipelineId\":\"math-pipeline-001\",\"timestamp\":\"2025-02-08T19:23:06.892Z\",\"status\":\"running\",\"result\":null}"}
{"level":"info","message":"template: {\"id\":\"simple-math-template-001\",\"name\":\"Simple Addition Template\",\"description\":\"Template for adding two numbers\",\"version\":\"1.0.0\",\"nodes\":[{\"id\":\"input-1\",\"type\":\"number\",\"value\":5,\"position\":{\"x\":100,\"y\":100}},{\"id\":\"input-2\",\"type\":\"number\",\"value\":3,\"position\":{\"x\":100,\"y\":200}},{\"id\":\"transform-plus\",\"type\":\"transform\",\"config\":{\"operation\":\"math\",\"method\":\"add\"},\"position\":{\"x\":300,\"y\":150}}],\"connections\":[{\"id\":\"conn-1\",\"sourceNodeId\":\"input-1\",\"targetNodeId\":\"transform-plus\",\"sourcePort\":\"output\",\"targetPort\":\"input1\"},{\"id\":\"conn-2\",\"sourceNodeId\":\"input-2\",\"targetNodeId\":\"transform-plus\",\"sourcePort\":\"output\",\"targetPort\":\"input2\"},{\"id\":\"conn-3\",\"sourceNodeId\":\"transform-plus\",\"targetNodeId\":\"return-result\",\"sourcePort\":\"output\",\"targetPort\":\"input\"}],\"validation\":{\"isValid\":true,\"errors\":[]}}"}
{"level":"info","message":"nodes: [{\"id\":\"input-1\",\"type\":\"number\",\"value\":5,\"position\":{\"x\":100,\"y\":100}},{\"id\":\"input-2\",\"type\":\"number\",\"value\":3,\"position\":{\"x\":100,\"y\":200}},{\"id\":\"transform-plus\",\"type\":\"transform\",\"config\":{\"operation\":\"math\",\"method\":\"add\"},\"position\":{\"x\":300,\"y\":150}}]"}
{"level":"info","message":"[collectNodeInputs][2]: {}"}
{"level":"info","message":"[collectNodeInputs][2]: {}"}
{"level":"info","message":"[collectNodeInputs][2]: {\"input1\":\"transform-plus\",\"input2\":\"transform-plus\"}"}
{"level":"info","message":"[executePipeline] Pipeline execution completed. Result: undefined"}
{"level":"info","message":"[executePipeline] pipeline: {\"id\":\"math-pipeline-001\",\"projectId\":\"math-test-project-001\",\"name\":\"summ(a, b) Pipeline\",\"description\":\"Pipeline for adding two numbers\",\"templateId\":\"simple-math-template-001\",\"mode\":\"last-result\",\"status\":\"active\",\"created\":\"2024-03-20T10:00:00Z\",\"updated\":\"2024-03-20T10:00:00Z\",\"settings\":{\"timeout\":60,\"retryPolicy\":{\"attempts\":3,\"delay\":5}},\"trigger\":{\"type\":\"manual\",\"config\":{\"inputValidation\":true}}}"}
{"level":"info","message":"[TransformNode] inputs: {\"input1\":\"transform-plus\",\"input2\":\"transform-plus\"}"}
{"level":"info","message":"[executePipeline] Executing pipeline: summ(a, b) Pipeline"}
{"level":"info","message":"[executePipeline] executionLog: {\"pipelineId\":\"math-pipeline-001\",\"timestamp\":\"2025-02-08T19:23:21.985Z\",\"status\":\"running\",\"result\":null}"}
{"level":"info","message":"template: {\"id\":\"simple-math-template-001\",\"name\":\"Simple Addition Template\",\"description\":\"Template for adding two numbers\",\"version\":\"1.0.0\",\"nodes\":[{\"id\":\"input-1\",\"type\":\"number\",\"value\":5,\"position\":{\"x\":100,\"y\":100}},{\"id\":\"input-2\",\"type\":\"number\",\"value\":3,\"position\":{\"x\":100,\"y\":200}},{\"id\":\"transform-plus\",\"type\":\"transform\",\"config\":{\"operation\":\"math\",\"method\":\"add\"},\"position\":{\"x\":300,\"y\":150}}],\"connections\":[{\"id\":\"conn-1\",\"sourceNodeId\":\"input-1\",\"targetNodeId\":\"transform-plus\",\"sourcePort\":\"output\",\"targetPort\":\"input1\"},{\"id\":\"conn-2\",\"sourceNodeId\":\"input-2\",\"targetNodeId\":\"transform-plus\",\"sourcePort\":\"output\",\"targetPort\":\"input2\"},{\"id\":\"conn-3\",\"sourceNodeId\":\"transform-plus\",\"targetNodeId\":\"return-result\",\"sourcePort\":\"output\",\"targetPort\":\"input\"}],\"validation\":{\"isValid\":true,\"errors\":[]}}"}
{"level":"info","message":"nodes: [{\"id\":\"input-1\",\"type\":\"number\",\"value\":5,\"position\":{\"x\":100,\"y\":100}},{\"id\":\"input-2\",\"type\":\"number\",\"value\":3,\"position\":{\"x\":100,\"y\":200}},{\"id\":\"transform-plus\",\"type\":\"transform\",\"config\":{\"operation\":\"math\",\"method\":\"add\"},\"position\":{\"x\":300,\"y\":150}}]"}
{"level":"info","message":"[executePipeline] Pipeline execution completed. Result: undefined"}
{"level":"info","message":"[executePipeline] pipeline: {\"id\":\"math-pipeline-001\",\"projectId\":\"math-test-project-001\",\"name\":\"summ(a, b) Pipeline\",\"description\":\"Pipeline for adding two numbers\",\"templateId\":\"simple-math-template-001\",\"mode\":\"last-result\",\"status\":\"active\",\"created\":\"2024-03-20T10:00:00Z\",\"updated\":\"2024-03-20T10:00:00Z\",\"settings\":{\"timeout\":60,\"retryPolicy\":{\"attempts\":3,\"delay\":5}},\"trigger\":{\"type\":\"manual\",\"config\":{\"inputValidation\":true}}}"}
{"level":"info","message":"[TransformNode] inputs: {\"input1\":\"transform-plus\",\"input2\":\"transform-plus\"}"}
{"level":"info","message":"[executePipeline] Executing pipeline: summ(a, b) Pipeline"}
{"level":"info","message":"[executePipeline] executionLog: {\"pipelineId\":\"math-pipeline-001\",\"timestamp\":\"2025-02-08T19:23:27.047Z\",\"status\":\"running\",\"result\":null}"}
{"level":"info","message":"template: {\"id\":\"simple-math-template-001\",\"name\":\"Simple Addition Template\",\"description\":\"Template for adding two numbers\",\"version\":\"1.0.0\",\"nodes\":[{\"id\":\"input-1\",\"type\":\"number\",\"value\":5,\"position\":{\"x\":100,\"y\":100}},{\"id\":\"input-2\",\"type\":\"number\",\"value\":3,\"position\":{\"x\":100,\"y\":200}},{\"id\":\"transform-plus\",\"type\":\"transform\",\"config\":{\"operation\":\"math\",\"method\":\"add\"},\"position\":{\"x\":300,\"y\":150}}],\"connections\":[{\"id\":\"conn-1\",\"sourceNodeId\":\"input-1\",\"targetNodeId\":\"transform-plus\",\"sourcePort\":\"output\",\"targetPort\":\"input1\"},{\"id\":\"conn-2\",\"sourceNodeId\":\"input-2\",\"targetNodeId\":\"transform-plus\",\"sourcePort\":\"output\",\"targetPort\":\"input2\"},{\"id\":\"conn-3\",\"sourceNodeId\":\"transform-plus\",\"targetNodeId\":\"return-result\",\"sourcePort\":\"output\",\"targetPort\":\"input\"}],\"validation\":{\"isValid\":true,\"errors\":[]}}"}
{"level":"info","message":"nodes: [{\"id\":\"input-1\",\"type\":\"number\",\"value\":5,\"position\":{\"x\":100,\"y\":100}},{\"id\":\"input-2\",\"type\":\"number\",\"value\":3,\"position\":{\"x\":100,\"y\":200}},{\"id\":\"transform-plus\",\"type\":\"transform\",\"config\":{\"operation\":\"math\",\"method\":\"add\"},\"position\":{\"x\":300,\"y\":150}}]"}
{"level":"info","message":"[executePipeline] Pipeline execution completed. Result: undefined"}
{"level":"info","message":"[executePipeline] pipeline: {\"id\":\"math-pipeline-001\",\"projectId\":\"math-test-project-001\",\"name\":\"summ(a, b) Pipeline\",\"description\":\"Pipeline for adding two numbers\",\"templateId\":\"simple-math-template-001\",\"mode\":\"last-result\",\"status\":\"active\",\"created\":\"2024-03-20T10:00:00Z\",\"updated\":\"2024-03-20T10:00:00Z\",\"settings\":{\"timeout\":60,\"retryPolicy\":{\"attempts\":3,\"delay\":5}},\"trigger\":{\"type\":\"manual\",\"config\":{\"inputValidation\":true}}}"}
{"level":"info","message":"[TransformNode] inputs: {\"input1\":\"transform-plus\",\"input2\":\"transform-plus\"}"}
{"level":"info","message":"[executePipeline] Executing pipeline: summ(a, b) Pipeline"}
{"level":"info","message":"[executePipeline] executionLog: {\"pipelineId\":\"math-pipeline-001\",\"timestamp\":\"2025-02-08T19:23:46.748Z\",\"status\":\"running\",\"result\":null}"}
{"level":"info","message":"template: {\"id\":\"simple-math-template-001\",\"name\":\"Simple Addition Template\",\"description\":\"Template for adding two numbers\",\"version\":\"1.0.0\",\"nodes\":[{\"id\":\"input-1\",\"type\":\"number\",\"value\":5,\"position\":{\"x\":100,\"y\":100}},{\"id\":\"input-2\",\"type\":\"number\",\"value\":3,\"position\":{\"x\":100,\"y\":200}},{\"id\":\"transform-plus\",\"type\":\"transform\",\"config\":{\"operation\":\"math\",\"method\":\"add\"},\"position\":{\"x\":300,\"y\":150}}],\"connections\":[{\"id\":\"conn-1\",\"sourceNodeId\":\"input-1\",\"targetNodeId\":\"transform-plus\",\"sourcePort\":\"output\",\"targetPort\":\"input1\"},{\"id\":\"conn-2\",\"sourceNodeId\":\"input-2\",\"targetNodeId\":\"transform-plus\",\"sourcePort\":\"output\",\"targetPort\":\"input2\"},{\"id\":\"conn-3\",\"sourceNodeId\":\"transform-plus\",\"targetNodeId\":\"return-result\",\"sourcePort\":\"output\",\"targetPort\":\"input\"}],\"validation\":{\"isValid\":true,\"errors\":[]}}"}
{"level":"info","message":"nodes: [{\"id\":\"input-1\",\"type\":\"number\",\"value\":5,\"position\":{\"x\":100,\"y\":100}},{\"id\":\"input-2\",\"type\":\"number\",\"value\":3,\"position\":{\"x\":100,\"y\":200}},{\"id\":\"transform-plus\",\"type\":\"transform\",\"config\":{\"operation\":\"math\",\"method\":\"add\"},\"position\":{\"x\":300,\"y\":150}}]"}
{"level":"info","message":"[executePipeline] Pipeline execution completed. Result: undefined"}
{"level":"info","message":"[executePipeline] pipeline: {\"id\":\"math-pipeline-001\",\"projectId\":\"math-test-project-001\",\"name\":\"summ(a, b) Pipeline\",\"description\":\"Pipeline for adding two numbers\",\"templateId\":\"simple-math-template-001\",\"mode\":\"last-result\",\"status\":\"active\",\"created\":\"2024-03-20T10:00:00Z\",\"updated\":\"2024-03-20T10:00:00Z\",\"settings\":{\"timeout\":60,\"retryPolicy\":{\"attempts\":3,\"delay\":5}},\"trigger\":{\"type\":\"manual\",\"config\":{\"inputValidation\":true}}}"}
{"level":"info","message":"[TransformNode] inputs: {\"input1\":\"transform-plus\",\"input2\":\"transform-plus\"}"}
{"level":"info","message":"[executePipeline] Executing pipeline: summ(a, b) Pipeline"}
{"level":"info","message":"[executePipeline] executionLog: {\"pipelineId\":\"math-pipeline-001\",\"timestamp\":\"2025-02-08T19:25:54.217Z\",\"status\":\"running\",\"result\":null}"}
{"level":"info","message":"template: {\"id\":\"simple-math-template-001\",\"name\":\"Simple Addition Template\",\"description\":\"Template for adding two numbers\",\"version\":\"1.0.0\",\"nodes\":[{\"id\":\"input-1\",\"type\":\"number\",\"value\":5,\"position\":{\"x\":100,\"y\":100}},{\"id\":\"input-2\",\"type\":\"number\",\"value\":3,\"position\":{\"x\":100,\"y\":200}},{\"id\":\"transform-plus\",\"type\":\"transform\",\"config\":{\"operation\":\"math\",\"method\":\"add\"},\"position\":{\"x\":300,\"y\":150}}],\"connections\":[{\"id\":\"conn-1\",\"sourceNodeId\":\"input-1\",\"targetNodeId\":\"transform-plus\",\"sourcePort\":\"output\",\"targetPort\":\"input1\"},{\"id\":\"conn-2\",\"sourceNodeId\":\"input-2\",\"targetNodeId\":\"transform-plus\",\"sourcePort\":\"output\",\"targetPort\":\"input2\"},{\"id\":\"conn-3\",\"sourceNodeId\":\"transform-plus\",\"targetNodeId\":\"return-result\",\"sourcePort\":\"output\",\"targetPort\":\"input\"}],\"validation\":{\"isValid\":true,\"errors\":[]}}"}
{"level":"info","message":"nodes: [{\"id\":\"input-1\",\"type\":\"number\",\"value\":5,\"position\":{\"x\":100,\"y\":100}},{\"id\":\"input-2\",\"type\":\"number\",\"value\":3,\"position\":{\"x\":100,\"y\":200}},{\"id\":\"transform-plus\",\"type\":\"transform\",\"config\":{\"operation\":\"math\",\"method\":\"add\"},\"position\":{\"x\":300,\"y\":150}}]"}
{"level":"info","message":"[executePipeline] Pipeline execution completed. Result: undefined"}
{"level":"info","message":"[executePipeline] pipeline: {\"id\":\"math-pipeline-001\",\"projectId\":\"math-test-project-001\",\"name\":\"summ(a, b) Pipeline\",\"description\":\"Pipeline for adding two numbers\",\"templateId\":\"simple-math-template-001\",\"mode\":\"last-result\",\"status\":\"active\",\"created\":\"2024-03-20T10:00:00Z\",\"updated\":\"2024-03-20T10:00:00Z\",\"settings\":{\"timeout\":60,\"retryPolicy\":{\"attempts\":3,\"delay\":5}},\"trigger\":{\"type\":\"manual\",\"config\":{\"inputValidation\":true}}}"}
{"level":"info","message":"[executePipeline] Executing pipeline: summ(a, b) Pipeline"}
{"level":"info","message":"[executePipeline] executionLog: {\"pipelineId\":\"math-pipeline-001\",\"timestamp\":\"2025-02-08T19:26:34.369Z\",\"status\":\"running\",\"result\":null}"}
{"level":"info","message":"template: {\"id\":\"simple-math-template-001\",\"name\":\"Simple Addition Template\",\"description\":\"Template for adding two numbers\",\"version\":\"1.0.0\",\"nodes\":[{\"id\":\"input-1\",\"type\":\"number\",\"value\":5,\"position\":{\"x\":100,\"y\":100}},{\"id\":\"input-2\",\"type\":\"number\",\"value\":3,\"position\":{\"x\":100,\"y\":200}},{\"id\":\"transform-plus\",\"type\":\"transform\",\"config\":{\"operation\":\"math\",\"method\":\"add\"},\"position\":{\"x\":300,\"y\":150}}],\"connections\":[{\"id\":\"conn-1\",\"sourceNodeId\":\"input-1\",\"targetNodeId\":\"transform-plus\",\"sourcePort\":\"output\",\"targetPort\":\"input1\"},{\"id\":\"conn-2\",\"sourceNodeId\":\"input-2\",\"targetNodeId\":\"transform-plus\",\"sourcePort\":\"output\",\"targetPort\":\"input2\"},{\"id\":\"conn-3\",\"sourceNodeId\":\"transform-plus\",\"targetNodeId\":\"return-result\",\"sourcePort\":\"output\",\"targetPort\":\"input\"}],\"validation\":{\"isValid\":true,\"errors\":[]}}"}
{"level":"info","message":"nodes: [{\"id\":\"input-1\",\"type\":\"number\",\"value\":5,\"position\":{\"x\":100,\"y\":100}},{\"id\":\"input-2\",\"type\":\"number\",\"value\":3,\"position\":{\"x\":100,\"y\":200}},{\"id\":\"transform-plus\",\"type\":\"transform\",\"config\":{\"operation\":\"math\",\"method\":\"add\"},\"position\":{\"x\":300,\"y\":150}}]"}
{"level":"info","message":"[executePipeline] Pipeline execution completed. Result: undefined"}
{"level":"info","message":"[executePipeline] pipeline: {\"id\":\"math-pipeline-001\",\"projectId\":\"math-test-project-001\",\"name\":\"summ(a, b) Pipeline\",\"description\":\"Pipeline for adding two numbers\",\"templateId\":\"simple-math-template-001\",\"mode\":\"last-result\",\"status\":\"active\",\"created\":\"2024-03-20T10:00:00Z\",\"updated\":\"2024-03-20T10:00:00Z\",\"settings\":{\"timeout\":60,\"retryPolicy\":{\"attempts\":3,\"delay\":5}},\"trigger\":{\"type\":\"manual\",\"config\":{\"inputValidation\":true}}}"}
{"level":"info","message":"[executePipeline] Executing pipeline: summ(a, b) Pipeline"}
{"level":"info","message":"[executePipeline] executionLog: {\"pipelineId\":\"math-pipeline-001\",\"timestamp\":\"2025-02-08T19:26:50.083Z\",\"status\":\"running\",\"result\":null}"}
{"level":"info","message":"template: {\"id\":\"simple-math-template-001\",\"name\":\"Simple Addition Template\",\"description\":\"Template for adding two numbers\",\"version\":\"1.0.0\",\"nodes\":[{\"id\":\"input-1\",\"type\":\"number\",\"value\":5,\"position\":{\"x\":100,\"y\":100}},{\"id\":\"input-2\",\"type\":\"number\",\"value\":3,\"position\":{\"x\":100,\"y\":200}},{\"id\":\"transform-plus\",\"type\":\"transform\",\"config\":{\"operation\":\"math\",\"method\":\"add\"},\"position\":{\"x\":300,\"y\":150}}],\"connections\":[{\"id\":\"conn-1\",\"sourceNodeId\":\"input-1\",\"targetNodeId\":\"transform-plus\",\"sourcePort\":\"output\",\"targetPort\":\"input1\"},{\"id\":\"conn-2\",\"sourceNodeId\":\"input-2\",\"targetNodeId\":\"transform-plus\",\"sourcePort\":\"output\",\"targetPort\":\"input2\"},{\"id\":\"conn-3\",\"sourceNodeId\":\"transform-plus\",\"targetNodeId\":\"return-result\",\"sourcePort\":\"output\",\"targetPort\":\"input\"}],\"validation\":{\"isValid\":true,\"errors\":[]}}"}
{"level":"info","message":"nodes: [{\"id\":\"input-1\",\"type\":\"number\",\"value\":5,\"position\":{\"x\":100,\"y\":100}},{\"id\":\"input-2\",\"type\":\"number\",\"value\":3,\"position\":{\"x\":100,\"y\":200}},{\"id\":\"transform-plus\",\"type\":\"transform\",\"config\":{\"operation\":\"math\",\"method\":\"add\"},\"position\":{\"x\":300,\"y\":150}}]"}
{"level":"info","message":"[executePipeline] Pipeline execution completed. Result: undefined"}
{"level":"info","message":"[executePipeline] pipeline: {\"id\":\"math-pipeline-001\",\"projectId\":\"math-test-project-001\",\"name\":\"summ(a, b) Pipeline\",\"description\":\"Pipeline for adding two numbers\",\"templateId\":\"simple-math-template-001\",\"mode\":\"last-result\",\"status\":\"active\",\"created\":\"2024-03-20T10:00:00Z\",\"updated\":\"2024-03-20T10:00:00Z\",\"settings\":{\"timeout\":60,\"retryPolicy\":{\"attempts\":3,\"delay\":5}},\"trigger\":{\"type\":\"manual\",\"config\":{\"inputValidation\":true}}}"}
{"level":"info","message":"[executePipeline] Executing pipeline: summ(a, b) Pipeline"}
{"level":"info","message":"[executePipeline] executionLog: {\"pipelineId\":\"math-pipeline-001\",\"timestamp\":\"2025-02-08T19:26:58.189Z\",\"status\":\"running\",\"result\":null}"}
{"level":"info","message":"template: {\"id\":\"simple-math-template-001\",\"name\":\"Simple Addition Template\",\"description\":\"Template for adding two numbers\",\"version\":\"1.0.0\",\"nodes\":[{\"id\":\"input-1\",\"type\":\"number\",\"value\":5,\"position\":{\"x\":100,\"y\":100}},{\"id\":\"input-2\",\"type\":\"number\",\"value\":3,\"position\":{\"x\":100,\"y\":200}},{\"id\":\"transform-plus\",\"type\":\"transform\",\"config\":{\"operation\":\"math\",\"method\":\"add\"},\"position\":{\"x\":300,\"y\":150}}],\"connections\":[{\"id\":\"conn-1\",\"sourceNodeId\":\"input-1\",\"targetNodeId\":\"transform-plus\",\"sourcePort\":\"output\",\"targetPort\":\"input1\"},{\"id\":\"conn-2\",\"sourceNodeId\":\"input-2\",\"targetNodeId\":\"transform-plus\",\"sourcePort\":\"output\",\"targetPort\":\"input2\"},{\"id\":\"conn-3\",\"sourceNodeId\":\"transform-plus\",\"targetNodeId\":\"return-result\",\"sourcePort\":\"output\",\"targetPort\":\"input\"}],\"validation\":{\"isValid\":true,\"errors\":[]}}"}
{"level":"info","message":"nodes: [{\"id\":\"input-1\",\"type\":\"number\",\"value\":5,\"position\":{\"x\":100,\"y\":100}},{\"id\":\"input-2\",\"type\":\"number\",\"value\":3,\"position\":{\"x\":100,\"y\":200}},{\"id\":\"transform-plus\",\"type\":\"transform\",\"config\":{\"operation\":\"math\",\"method\":\"add\"},\"position\":{\"x\":300,\"y\":150}}]"}
{"level":"info","message":"[executePipeline] Pipeline execution completed. Result: undefined"}
{"level":"info","message":"[executePipeline] pipeline: {\"id\":\"math-pipeline-001\",\"projectId\":\"math-test-project-001\",\"name\":\"summ(a, b) Pipeline\",\"description\":\"Pipeline for adding two numbers\",\"templateId\":\"simple-math-template-001\",\"mode\":\"last-result\",\"status\":\"active\",\"created\":\"2024-03-20T10:00:00Z\",\"updated\":\"2024-03-20T10:00:00Z\",\"settings\":{\"timeout\":60,\"retryPolicy\":{\"attempts\":3,\"delay\":5}},\"trigger\":{\"type\":\"manual\",\"config\":{\"inputValidation\":true}}}"}
{"level":"info","message":"[executePipeline] Executing pipeline: summ(a, b) Pipeline"}
{"level":"info","message":"[executePipeline] executionLog: {\"pipelineId\":\"math-pipeline-001\",\"timestamp\":\"2025-02-08T19:27:02.938Z\",\"status\":\"running\",\"result\":null}"}
{"level":"info","message":"template: {\"id\":\"simple-math-template-001\",\"name\":\"Simple Addition Template\",\"description\":\"Template for adding two numbers\",\"version\":\"1.0.0\",\"nodes\":[{\"id\":\"input-1\",\"type\":\"number\",\"value\":5,\"position\":{\"x\":100,\"y\":100}},{\"id\":\"input-2\",\"type\":\"number\",\"value\":3,\"position\":{\"x\":100,\"y\":200}},{\"id\":\"transform-plus\",\"type\":\"transform\",\"config\":{\"operation\":\"math\",\"method\":\"add\"},\"position\":{\"x\":300,\"y\":150}}],\"connections\":[{\"id\":\"conn-1\",\"sourceNodeId\":\"input-1\",\"targetNodeId\":\"transform-plus\",\"sourcePort\":\"output\",\"targetPort\":\"input1\"},{\"id\":\"conn-2\",\"sourceNodeId\":\"input-2\",\"targetNodeId\":\"transform-plus\",\"sourcePort\":\"output\",\"targetPort\":\"input2\"},{\"id\":\"conn-3\",\"sourceNodeId\":\"transform-plus\",\"targetNodeId\":\"return-result\",\"sourcePort\":\"output\",\"targetPort\":\"input\"}],\"validation\":{\"isValid\":true,\"errors\":[]}}"}
{"level":"info","message":"nodes: [{\"id\":\"input-1\",\"type\":\"number\",\"value\":5,\"position\":{\"x\":100,\"y\":100}},{\"id\":\"input-2\",\"type\":\"number\",\"value\":3,\"position\":{\"x\":100,\"y\":200}},{\"id\":\"transform-plus\",\"type\":\"transform\",\"config\":{\"operation\":\"math\",\"method\":\"add\"},\"position\":{\"x\":300,\"y\":150}}]"}
{"level":"info","message":"[executePipeline] Pipeline execution completed. Result: undefined"}
{"level":"info","message":"[executePipeline] pipeline: {\"id\":\"math-pipeline-001\",\"projectId\":\"math-test-project-001\",\"name\":\"summ(a, b) Pipeline\",\"description\":\"Pipeline for adding two numbers\",\"templateId\":\"simple-math-template-001\",\"mode\":\"last-result\",\"status\":\"active\",\"created\":\"2024-03-20T10:00:00Z\",\"updated\":\"2024-03-20T10:00:00Z\",\"settings\":{\"timeout\":60,\"retryPolicy\":{\"attempts\":3,\"delay\":5}},\"trigger\":{\"type\":\"manual\",\"config\":{\"inputValidation\":true}}}"}
{"level":"info","message":"[executePipeline] Executing pipeline: summ(a, b) Pipeline"}
{"level":"info","message":"[executePipeline] executionLog: {\"pipelineId\":\"math-pipeline-001\",\"timestamp\":\"2025-02-08T19:27:08.405Z\",\"status\":\"running\",\"result\":null}"}
{"level":"info","message":"template: {\"id\":\"simple-math-template-001\",\"name\":\"Simple Addition Template\",\"description\":\"Template for adding two numbers\",\"version\":\"1.0.0\",\"nodes\":[{\"id\":\"input-1\",\"type\":\"number\",\"value\":5,\"position\":{\"x\":100,\"y\":100}},{\"id\":\"input-2\",\"type\":\"number\",\"value\":3,\"position\":{\"x\":100,\"y\":200}},{\"id\":\"transform-plus\",\"type\":\"transform\",\"config\":{\"operation\":\"math\",\"method\":\"add\"},\"position\":{\"x\":300,\"y\":150}}],\"connections\":[{\"id\":\"conn-1\",\"sourceNodeId\":\"input-1\",\"targetNodeId\":\"transform-plus\",\"sourcePort\":\"output\",\"targetPort\":\"input1\"},{\"id\":\"conn-2\",\"sourceNodeId\":\"input-2\",\"targetNodeId\":\"transform-plus\",\"sourcePort\":\"output\",\"targetPort\":\"input2\"},{\"id\":\"conn-3\",\"sourceNodeId\":\"transform-plus\",\"targetNodeId\":\"return-result\",\"sourcePort\":\"output\",\"targetPort\":\"input\"}],\"validation\":{\"isValid\":true,\"errors\":[]}}"}
{"level":"info","message":"nodes: [{\"id\":\"input-1\",\"type\":\"number\",\"value\":5,\"position\":{\"x\":100,\"y\":100}},{\"id\":\"input-2\",\"type\":\"number\",\"value\":3,\"position\":{\"x\":100,\"y\":200}},{\"id\":\"transform-plus\",\"type\":\"transform\",\"config\":{\"operation\":\"math\",\"method\":\"add\"},\"position\":{\"x\":300,\"y\":150}}]"}
{"level":"info","message":"[executePipeline] Pipeline execution completed. Result: undefined"}
{"level":"info","message":"[executePipeline] pipeline: {\"id\":\"math-pipeline-001\",\"projectId\":\"math-test-project-001\",\"name\":\"summ(a, b) Pipeline\",\"description\":\"Pipeline for adding two numbers\",\"templateId\":\"simple-math-template-001\",\"mode\":\"last-result\",\"status\":\"active\",\"created\":\"2024-03-20T10:00:00Z\",\"updated\":\"2024-03-20T10:00:00Z\",\"settings\":{\"timeout\":60,\"retryPolicy\":{\"attempts\":3,\"delay\":5}},\"trigger\":{\"type\":\"manual\",\"config\":{\"inputValidation\":true}}}"}
{"level":"info","message":"[executePipeline] Executing pipeline: summ(a, b) Pipeline"}
{"level":"info","message":"[executePipeline] executionLog: {\"pipelineId\":\"math-pipeline-001\",\"timestamp\":\"2025-02-08T19:27:33.051Z\",\"status\":\"running\",\"result\":null}"}
{"level":"info","message":"template: {\"id\":\"simple-math-template-001\",\"name\":\"Simple Addition Template\",\"description\":\"Template for adding two numbers\",\"version\":\"1.0.0\",\"nodes\":[{\"id\":\"input-1\",\"type\":\"number\",\"value\":5,\"position\":{\"x\":100,\"y\":100}},{\"id\":\"input-2\",\"type\":\"number\",\"value\":3,\"position\":{\"x\":100,\"y\":200}},{\"id\":\"transform-plus\",\"type\":\"transform\",\"config\":{\"operation\":\"math\",\"method\":\"add\"},\"position\":{\"x\":300,\"y\":150}}],\"connections\":[{\"id\":\"conn-1\",\"sourceNodeId\":\"input-1\",\"targetNodeId\":\"transform-plus\",\"sourcePort\":\"output\",\"targetPort\":\"input1\"},{\"id\":\"conn-2\",\"sourceNodeId\":\"input-2\",\"targetNodeId\":\"transform-plus\",\"sourcePort\":\"output\",\"targetPort\":\"input2\"},{\"id\":\"conn-3\",\"sourceNodeId\":\"transform-plus\",\"targetNodeId\":\"return-result\",\"sourcePort\":\"output\",\"targetPort\":\"input\"}],\"validation\":{\"isValid\":true,\"errors\":[]}}"}
{"level":"info","message":"nodes: [{\"id\":\"input-1\",\"type\":\"number\",\"value\":5,\"position\":{\"x\":100,\"y\":100}},{\"id\":\"input-2\",\"type\":\"number\",\"value\":3,\"position\":{\"x\":100,\"y\":200}},{\"id\":\"transform-plus\",\"type\":\"transform\",\"config\":{\"operation\":\"math\",\"method\":\"add\"},\"position\":{\"x\":300,\"y\":150}}]"}
{"level":"info","message":"[executePipeline] Pipeline execution completed. Result: undefined"}
{"level":"info","message":"[executePipeline] pipeline: {\"id\":\"math-pipeline-001\",\"projectId\":\"math-test-project-001\",\"name\":\"summ(a, b) Pipeline\",\"description\":\"Pipeline for adding two numbers\",\"templateId\":\"simple-math-template-001\",\"mode\":\"last-result\",\"status\":\"active\",\"created\":\"2024-03-20T10:00:00Z\",\"updated\":\"2024-03-20T10:00:00Z\",\"settings\":{\"timeout\":60,\"retryPolicy\":{\"attempts\":3,\"delay\":5}},\"trigger\":{\"type\":\"manual\",\"config\":{\"inputValidation\":true}}}"}
{"level":"info","message":"[executePipeline] Executing pipeline: summ(a, b) Pipeline"}
{"level":"info","message":"[executePipeline] executionLog: {\"pipelineId\":\"math-pipeline-001\",\"timestamp\":\"2025-02-08T19:27:44.671Z\",\"status\":\"running\",\"result\":null}"}
{"level":"info","message":"template: {\"id\":\"simple-math-template-001\",\"name\":\"Simple Addition Template\",\"description\":\"Template for adding two numbers\",\"version\":\"1.0.0\",\"nodes\":[{\"id\":\"input-1\",\"type\":\"number\",\"value\":5,\"position\":{\"x\":100,\"y\":100}},{\"id\":\"input-2\",\"type\":\"number\",\"value\":3,\"position\":{\"x\":100,\"y\":200}},{\"id\":\"transform-plus\",\"type\":\"transform\",\"config\":{\"operation\":\"math\",\"method\":\"add\"},\"position\":{\"x\":300,\"y\":150}}],\"connections\":[{\"id\":\"conn-1\",\"sourceNodeId\":\"input-1\",\"targetNodeId\":\"transform-plus\",\"sourcePort\":\"output\",\"targetPort\":\"input1\"},{\"id\":\"conn-2\",\"sourceNodeId\":\"input-2\",\"targetNodeId\":\"transform-plus\",\"sourcePort\":\"output\",\"targetPort\":\"input2\"},{\"id\":\"conn-3\",\"sourceNodeId\":\"transform-plus\",\"targetNodeId\":\"return-result\",\"sourcePort\":\"output\",\"targetPort\":\"input\"}],\"validation\":{\"isValid\":true,\"errors\":[]}}"}
{"level":"info","message":"nodes: [{\"id\":\"input-1\",\"type\":\"number\",\"value\":5,\"position\":{\"x\":100,\"y\":100}},{\"id\":\"input-2\",\"type\":\"number\",\"value\":3,\"position\":{\"x\":100,\"y\":200}},{\"id\":\"transform-plus\",\"type\":\"transform\",\"config\":{\"operation\":\"math\",\"method\":\"add\"},\"position\":{\"x\":300,\"y\":150}}]"}
{"level":"info","message":"[executePipeline] Pipeline execution completed. Result: undefined"}
{"level":"info","message":"[executePipeline] pipeline: {\"id\":\"math-pipeline-001\",\"projectId\":\"math-test-project-001\",\"name\":\"summ(a, b) Pipeline\",\"description\":\"Pipeline for adding two numbers\",\"templateId\":\"simple-math-template-001\",\"mode\":\"last-result\",\"status\":\"active\",\"created\":\"2024-03-20T10:00:00Z\",\"updated\":\"2024-03-20T10:00:00Z\",\"settings\":{\"timeout\":60,\"retryPolicy\":{\"attempts\":3,\"delay\":5}},\"trigger\":{\"type\":\"manual\",\"config\":{\"inputValidation\":true}}}"}
{"level":"info","message":"[executePipeline] Executing pipeline: summ(a, b) Pipeline"}
{"level":"info","message":"[executePipeline] executionLog: {\"pipelineId\":\"math-pipeline-001\",\"timestamp\":\"2025-02-08T19:27:46.769Z\",\"status\":\"running\",\"result\":null}"}
{"level":"info","message":"template: {\"id\":\"simple-math-template-001\",\"name\":\"Simple Addition Template\",\"description\":\"Template for adding two numbers\",\"version\":\"1.0.0\",\"nodes\":[{\"id\":\"input-1\",\"type\":\"number\",\"value\":5,\"position\":{\"x\":100,\"y\":100}},{\"id\":\"input-2\",\"type\":\"number\",\"value\":3,\"position\":{\"x\":100,\"y\":200}},{\"id\":\"transform-plus\",\"type\":\"transform\",\"config\":{\"operation\":\"math\",\"method\":\"add\"},\"position\":{\"x\":300,\"y\":150}}],\"connections\":[{\"id\":\"conn-1\",\"sourceNodeId\":\"input-1\",\"targetNodeId\":\"transform-plus\",\"sourcePort\":\"output\",\"targetPort\":\"input1\"},{\"id\":\"conn-2\",\"sourceNodeId\":\"input-2\",\"targetNodeId\":\"transform-plus\",\"sourcePort\":\"output\",\"targetPort\":\"input2\"},{\"id\":\"conn-3\",\"sourceNodeId\":\"transform-plus\",\"targetNodeId\":\"return-result\",\"sourcePort\":\"output\",\"targetPort\":\"input\"}],\"validation\":{\"isValid\":true,\"errors\":[]}}"}
{"level":"info","message":"nodes: [{\"id\":\"input-1\",\"type\":\"number\",\"value\":5,\"position\":{\"x\":100,\"y\":100}},{\"id\":\"input-2\",\"type\":\"number\",\"value\":3,\"position\":{\"x\":100,\"y\":200}},{\"id\":\"transform-plus\",\"type\":\"transform\",\"config\":{\"operation\":\"math\",\"method\":\"add\"},\"position\":{\"x\":300,\"y\":150}}]"}
{"level":"info","message":"[executePipeline] Pipeline execution completed. Result: undefined"}
{"level":"info","message":"[executePipeline] pipeline: {\"id\":\"math-pipeline-001\",\"projectId\":\"math-test-project-001\",\"name\":\"summ(a, b) Pipeline\",\"description\":\"Pipeline for adding two numbers\",\"templateId\":\"simple-math-template-001\",\"mode\":\"last-result\",\"status\":\"active\",\"created\":\"2024-03-20T10:00:00Z\",\"updated\":\"2024-03-20T10:00:00Z\",\"settings\":{\"timeout\":60,\"retryPolicy\":{\"attempts\":3,\"delay\":5}},\"trigger\":{\"type\":\"manual\",\"config\":{\"inputValidation\":true}}}"}
{"level":"info","message":"[executePipeline] Executing pipeline: summ(a, b) Pipeline"}
{"level":"info","message":"[executePipeline] executionLog: {\"pipelineId\":\"math-pipeline-001\",\"timestamp\":\"2025-02-08T19:31:11.469Z\",\"status\":\"running\",\"result\":null}"}
{"level":"info","message":"template: {\"id\":\"simple-math-template-001\",\"name\":\"Simple Addition Template\",\"description\":\"Template for adding two numbers\",\"version\":\"1.0.0\",\"nodes\":[{\"id\":\"input-1\",\"type\":\"number\",\"value\":5,\"position\":{\"x\":100,\"y\":100}},{\"id\":\"input-2\",\"type\":\"number\",\"value\":3,\"position\":{\"x\":100,\"y\":200}},{\"id\":\"transform-plus\",\"type\":\"transform\",\"config\":{\"operation\":\"math\",\"method\":\"add\"},\"position\":{\"x\":300,\"y\":150}}],\"connections\":[{\"id\":\"conn-1\",\"sourceNodeId\":\"input-1\",\"targetNodeId\":\"transform-plus\",\"sourcePort\":\"output\",\"targetPort\":\"input1\"},{\"id\":\"conn-2\",\"sourceNodeId\":\"input-2\",\"targetNodeId\":\"transform-plus\",\"sourcePort\":\"output\",\"targetPort\":\"input2\"},{\"id\":\"conn-3\",\"sourceNodeId\":\"transform-plus\",\"targetNodeId\":\"return-result\",\"sourcePort\":\"output\",\"targetPort\":\"input\"}],\"validation\":{\"isValid\":true,\"errors\":[]}}"}
{"level":"info","message":"nodes: [{\"id\":\"input-1\",\"type\":\"number\",\"value\":5,\"position\":{\"x\":100,\"y\":100}},{\"id\":\"input-2\",\"type\":\"number\",\"value\":3,\"position\":{\"x\":100,\"y\":200}},{\"id\":\"transform-plus\",\"type\":\"transform\",\"config\":{\"operation\":\"math\",\"method\":\"add\"},\"position\":{\"x\":300,\"y\":150}}]"}
{"level":"info","message":"[executePipeline] Pipeline execution completed. Result: undefined"}
{"level":"info","message":"[executePipeline] pipeline: {\"id\":\"math-pipeline-001\",\"projectId\":\"math-test-project-001\",\"name\":\"summ(a, b) Pipeline\",\"description\":\"Pipeline for adding two numbers\",\"templateId\":\"simple-math-template-001\",\"mode\":\"last-result\",\"status\":\"active\",\"created\":\"2024-03-20T10:00:00Z\",\"updated\":\"2024-03-20T10:00:00Z\",\"settings\":{\"timeout\":60,\"retryPolicy\":{\"attempts\":3,\"delay\":5}},\"trigger\":{\"type\":\"manual\",\"config\":{\"inputValidation\":true}}}"}
{"level":"info","message":"[executePipeline] Executing pipeline: summ(a, b) Pipeline"}
{"level":"info","message":"[executePipeline] executionLog: {\"pipelineId\":\"math-pipeline-001\",\"timestamp\":\"2025-02-08T19:31:26.896Z\",\"status\":\"running\",\"result\":null}"}
{"level":"info","message":"template: {\"id\":\"simple-math-template-001\",\"name\":\"Simple Addition Template\",\"description\":\"Template for adding two numbers\",\"version\":\"1.0.0\",\"nodes\":[{\"id\":\"input-1\",\"type\":\"number\",\"value\":5,\"position\":{\"x\":100,\"y\":100}},{\"id\":\"input-2\",\"type\":\"number\",\"value\":3,\"position\":{\"x\":100,\"y\":200}},{\"id\":\"transform-plus\",\"type\":\"transform\",\"config\":{\"operation\":\"math\",\"method\":\"add\"},\"position\":{\"x\":300,\"y\":150}}],\"connections\":[{\"id\":\"conn-1\",\"sourceNodeId\":\"input-1\",\"targetNodeId\":\"transform-plus\",\"sourcePort\":\"output\",\"targetPort\":\"input1\"},{\"id\":\"conn-2\",\"sourceNodeId\":\"input-2\",\"targetNodeId\":\"transform-plus\",\"sourcePort\":\"output\",\"targetPort\":\"input2\"},{\"id\":\"conn-3\",\"sourceNodeId\":\"transform-plus\",\"targetNodeId\":\"return-result\",\"sourcePort\":\"output\",\"targetPort\":\"input\"}],\"validation\":{\"isValid\":true,\"errors\":[]}}"}
{"level":"info","message":"nodes: [{\"id\":\"input-1\",\"type\":\"number\",\"value\":5,\"position\":{\"x\":100,\"y\":100}},{\"id\":\"input-2\",\"type\":\"number\",\"value\":3,\"position\":{\"x\":100,\"y\":200}},{\"id\":\"transform-plus\",\"type\":\"transform\",\"config\":{\"operation\":\"math\",\"method\":\"add\"},\"position\":{\"x\":300,\"y\":150}}]"}
{"level":"info","message":"[executePipeline] Pipeline execution completed. Result: undefined"}
{"level":"info","message":"[executePipeline] pipeline: {\"id\":\"math-pipeline-001\",\"projectId\":\"math-test-project-001\",\"name\":\"summ(a, b) Pipeline\",\"description\":\"Pipeline for adding two numbers\",\"templateId\":\"simple-math-template-001\",\"mode\":\"last-result\",\"status\":\"active\",\"created\":\"2024-03-20T10:00:00Z\",\"updated\":\"2024-03-20T10:00:00Z\",\"settings\":{\"timeout\":60,\"retryPolicy\":{\"attempts\":3,\"delay\":5}},\"trigger\":{\"type\":\"manual\",\"config\":{\"inputValidation\":true}}}"}
{"level":"info","message":"[executePipeline] Executing pipeline: summ(a, b) Pipeline"}
{"level":"info","message":"[executePipeline] executionLog: {\"pipelineId\":\"math-pipeline-001\",\"timestamp\":\"2025-02-08T19:31:28.874Z\",\"status\":\"running\",\"result\":null}"}
{"level":"info","message":"template: {\"id\":\"simple-math-template-001\",\"name\":\"Simple Addition Template\",\"description\":\"Template for adding two numbers\",\"version\":\"1.0.0\",\"nodes\":[{\"id\":\"input-1\",\"type\":\"number\",\"value\":5,\"position\":{\"x\":100,\"y\":100}},{\"id\":\"input-2\",\"type\":\"number\",\"value\":3,\"position\":{\"x\":100,\"y\":200}},{\"id\":\"transform-plus\",\"type\":\"transform\",\"config\":{\"operation\":\"math\",\"method\":\"add\"},\"position\":{\"x\":300,\"y\":150}}],\"connections\":[{\"id\":\"conn-1\",\"sourceNodeId\":\"input-1\",\"targetNodeId\":\"transform-plus\",\"sourcePort\":\"output\",\"targetPort\":\"input1\"},{\"id\":\"conn-2\",\"sourceNodeId\":\"input-2\",\"targetNodeId\":\"transform-plus\",\"sourcePort\":\"output\",\"targetPort\":\"input2\"},{\"id\":\"conn-3\",\"sourceNodeId\":\"transform-plus\",\"targetNodeId\":\"return-result\",\"sourcePort\":\"output\",\"targetPort\":\"input\"}],\"validation\":{\"isValid\":true,\"errors\":[]}}"}
{"level":"info","message":"nodes: [{\"id\":\"input-1\",\"type\":\"number\",\"value\":5,\"position\":{\"x\":100,\"y\":100}},{\"id\":\"input-2\",\"type\":\"number\",\"value\":3,\"position\":{\"x\":100,\"y\":200}},{\"id\":\"transform-plus\",\"type\":\"transform\",\"config\":{\"operation\":\"math\",\"method\":\"add\"},\"position\":{\"x\":300,\"y\":150}}]"}
{"level":"info","message":"[executePipeline] Pipeline execution completed. Result: undefined"}
{"level":"info","message":"[executePipeline] pipeline: {\"id\":\"math-pipeline-001\",\"projectId\":\"math-test-project-001\",\"name\":\"summ(a, b) Pipeline\",\"description\":\"Pipeline for adding two numbers\",\"templateId\":\"simple-math-template-001\",\"mode\":\"last-result\",\"status\":\"active\",\"created\":\"2024-03-20T10:00:00Z\",\"updated\":\"2024-03-20T10:00:00Z\",\"settings\":{\"timeout\":60,\"retryPolicy\":{\"attempts\":3,\"delay\":5}},\"trigger\":{\"type\":\"manual\",\"config\":{\"inputValidation\":true}}}"}
{"level":"info","message":"[executePipeline] Executing pipeline: summ(a, b) Pipeline"}
{"level":"info","message":"[executePipeline] executionLog: {\"pipelineId\":\"math-pipeline-001\",\"timestamp\":\"2025-02-08T19:31:45.538Z\",\"status\":\"running\",\"result\":null}"}
{"level":"info","message":"template: {\"id\":\"simple-math-template-001\",\"name\":\"Simple Addition Template\",\"description\":\"Template for adding two numbers\",\"version\":\"1.0.0\",\"nodes\":[{\"id\":\"input-1\",\"type\":\"number\",\"value\":5,\"position\":{\"x\":100,\"y\":100}},{\"id\":\"input-2\",\"type\":\"number\",\"value\":3,\"position\":{\"x\":100,\"y\":200}},{\"id\":\"transform-plus\",\"type\":\"transform\",\"config\":{\"operation\":\"math\",\"method\":\"add\"},\"position\":{\"x\":300,\"y\":150}}],\"connections\":[{\"id\":\"conn-1\",\"sourceNodeId\":\"input-1\",\"targetNodeId\":\"transform-plus\",\"sourcePort\":\"output\",\"targetPort\":\"input1\"},{\"id\":\"conn-2\",\"sourceNodeId\":\"input-2\",\"targetNodeId\":\"transform-plus\",\"sourcePort\":\"output\",\"targetPort\":\"input2\"},{\"id\":\"conn-3\",\"sourceNodeId\":\"transform-plus\",\"targetNodeId\":\"return-result\",\"sourcePort\":\"output\",\"targetPort\":\"input\"}],\"validation\":{\"isValid\":true,\"errors\":[]}}"}
{"level":"info","message":"nodes: [{\"id\":\"input-1\",\"type\":\"number\",\"value\":5,\"position\":{\"x\":100,\"y\":100}},{\"id\":\"input-2\",\"type\":\"number\",\"value\":3,\"position\":{\"x\":100,\"y\":200}},{\"id\":\"transform-plus\",\"type\":\"transform\",\"config\":{\"operation\":\"math\",\"method\":\"add\"},\"position\":{\"x\":300,\"y\":150}}]"}
{"level":"info","message":"[executePipeline] Pipeline execution completed. Result: undefined"}
{"level":"info","message":"[executePipeline] pipeline: {\"id\":\"math-pipeline-001\",\"projectId\":\"math-test-project-001\",\"name\":\"summ(a, b) Pipeline\",\"description\":\"Pipeline for adding two numbers\",\"templateId\":\"simple-math-template-001\",\"mode\":\"last-result\",\"status\":\"active\",\"created\":\"2024-03-20T10:00:00Z\",\"updated\":\"2024-03-20T10:00:00Z\",\"settings\":{\"timeout\":60,\"retryPolicy\":{\"attempts\":3,\"delay\":5}},\"trigger\":{\"type\":\"manual\",\"config\":{\"inputValidation\":true}}}"}
{"level":"info","message":"[executePipeline] Executing pipeline: summ(a, b) Pipeline"}
{"level":"info","message":"[executePipeline] executionLog: {\"pipelineId\":\"math-pipeline-001\",\"timestamp\":\"2025-02-08T19:34:57.704Z\",\"status\":\"running\",\"result\":null}"}
{"level":"info","message":"template: {\"id\":\"simple-math-template-001\",\"name\":\"Simple Addition Template\",\"description\":\"Template for adding two numbers\",\"version\":\"1.0.0\",\"nodes\":[{\"id\":\"input-1\",\"type\":\"number\",\"value\":5,\"position\":{\"x\":100,\"y\":100}},{\"id\":\"input-2\",\"type\":\"number\",\"value\":3,\"position\":{\"x\":100,\"y\":200}},{\"id\":\"transform-plus\",\"type\":\"transform\",\"config\":{\"operation\":\"math\",\"method\":\"add\"},\"position\":{\"x\":300,\"y\":150}}],\"connections\":[{\"id\":\"conn-1\",\"sourceNodeId\":\"input-1\",\"targetNodeId\":\"transform-plus\",\"sourcePort\":\"output\",\"targetPort\":\"input1\"},{\"id\":\"conn-2\",\"sourceNodeId\":\"input-2\",\"targetNodeId\":\"transform-plus\",\"sourcePort\":\"output\",\"targetPort\":\"input2\"},{\"id\":\"conn-3\",\"sourceNodeId\":\"transform-plus\",\"targetNodeId\":\"return-result\",\"sourcePort\":\"output\",\"targetPort\":\"input\"}],\"validation\":{\"isValid\":true,\"errors\":[]}}"}
{"level":"info","message":"nodes: [{\"id\":\"input-1\",\"type\":\"number\",\"value\":5,\"position\":{\"x\":100,\"y\":100}},{\"id\":\"input-2\",\"type\":\"number\",\"value\":3,\"position\":{\"x\":100,\"y\":200}},{\"id\":\"transform-plus\",\"type\":\"transform\",\"config\":{\"operation\":\"math\",\"method\":\"add\"},\"position\":{\"x\":300,\"y\":150}}]"}
{"level":"info","message":"[executePipeline] Pipeline execution completed. Result: undefined"}
{"level":"info","message":"[executePipeline] pipeline: {\"id\":\"math-pipeline-001\",\"projectId\":\"math-test-project-001\",\"name\":\"summ(a, b) Pipeline\",\"description\":\"Pipeline for adding two numbers\",\"templateId\":\"simple-math-template-001\",\"mode\":\"last-result\",\"status\":\"active\",\"created\":\"2024-03-20T10:00:00Z\",\"updated\":\"2024-03-20T10:00:00Z\",\"settings\":{\"timeout\":60,\"retryPolicy\":{\"attempts\":3,\"delay\":5}},\"trigger\":{\"type\":\"manual\",\"config\":{\"inputValidation\":true}}}"}
{"level":"info","message":"[executePipeline] Executing pipeline: summ(a, b) Pipeline"}
{"level":"info","message":"[executePipeline] executionLog: {\"pipelineId\":\"math-pipeline-001\",\"timestamp\":\"2025-02-08T19:35:25.830Z\",\"status\":\"running\",\"result\":null}"}
{"level":"info","message":"template: {\"id\":\"simple-math-template-001\",\"name\":\"Simple Addition Template\",\"description\":\"Template for adding two numbers\",\"version\":\"1.0.0\",\"nodes\":[{\"id\":\"input-1\",\"type\":\"number\",\"value\":5,\"position\":{\"x\":100,\"y\":100}},{\"id\":\"input-2\",\"type\":\"number\",\"value\":3,\"position\":{\"x\":100,\"y\":200}},{\"id\":\"transform-plus\",\"type\":\"transform\",\"config\":{\"operation\":\"math\",\"method\":\"add\"},\"position\":{\"x\":300,\"y\":150}}],\"connections\":[{\"id\":\"conn-1\",\"sourceNodeId\":\"input-1\",\"targetNodeId\":\"transform-plus\",\"sourcePort\":\"output\",\"targetPort\":\"input1\"},{\"id\":\"conn-2\",\"sourceNodeId\":\"input-2\",\"targetNodeId\":\"transform-plus\",\"sourcePort\":\"output\",\"targetPort\":\"input2\"},{\"id\":\"conn-3\",\"sourceNodeId\":\"transform-plus\",\"targetNodeId\":\"return-result\",\"sourcePort\":\"output\",\"targetPort\":\"input\"}],\"validation\":{\"isValid\":true,\"errors\":[]}}"}
{"level":"info","message":"nodes: [{\"id\":\"input-1\",\"type\":\"number\",\"value\":5,\"position\":{\"x\":100,\"y\":100}},{\"id\":\"input-2\",\"type\":\"number\",\"value\":3,\"position\":{\"x\":100,\"y\":200}},{\"id\":\"transform-plus\",\"type\":\"transform\",\"config\":{\"operation\":\"math\",\"method\":\"add\"},\"position\":{\"x\":300,\"y\":150}}]"}
{"level":"info","message":"[executePipeline] Pipeline execution completed. Result: undefined"}
{"level":"info","message":"[executePipeline] pipeline: {\"id\":\"math-pipeline-001\",\"projectId\":\"math-test-project-001\",\"name\":\"summ(a, b) Pipeline\",\"description\":\"Pipeline for adding two numbers\",\"templateId\":\"simple-math-template-001\",\"mode\":\"last-result\",\"status\":\"active\",\"created\":\"2024-03-20T10:00:00Z\",\"updated\":\"2024-03-20T10:00:00Z\",\"settings\":{\"timeout\":60,\"retryPolicy\":{\"attempts\":3,\"delay\":5}},\"trigger\":{\"type\":\"manual\",\"config\":{\"inputValidation\":true}}}"}
{"level":"info","message":"[executePipeline] Executing pipeline: summ(a, b) Pipeline"}
{"level":"info","message":"[executePipeline] executionLog: {\"pipelineId\":\"math-pipeline-001\",\"timestamp\":\"2025-02-08T19:40:57.018Z\",\"status\":\"running\",\"result\":null}"}
{"level":"info","message":"template: {\"id\":\"simple-math-template-001\",\"name\":\"Simple Addition Template\",\"description\":\"Template for adding two numbers\",\"version\":\"1.0.0\",\"nodes\":[{\"id\":\"input-1\",\"type\":\"number\",\"config\":{\"value\":5},\"position\":{\"x\":100,\"y\":100}},{\"id\":\"input-2\",\"type\":\"number\",\"config\":{\"value\":3},\"position\":{\"x\":100,\"y\":200}},{\"id\":\"transform-plus\",\"type\":\"transform\",\"config\":{\"operation\":\"math\",\"method\":\"add\"},\"position\":{\"x\":300,\"y\":150}}],\"connections\":[{\"id\":\"conn-1\",\"sourceNodeId\":\"input-1\",\"targetNodeId\":\"transform-plus\",\"sourcePort\":\"output\",\"targetPort\":\"input1\"},{\"id\":\"conn-2\",\"sourceNodeId\":\"input-2\",\"targetNodeId\":\"transform-plus\",\"sourcePort\":\"output\",\"targetPort\":\"input2\"},{\"id\":\"conn-3\",\"sourceNodeId\":\"transform-plus\",\"targetNodeId\":\"return-result\",\"sourcePort\":\"output\",\"targetPort\":\"input\"}],\"validation\":{\"isValid\":true,\"errors\":[]}}"}
{"level":"info","message":"nodes: [{\"id\":\"input-1\",\"type\":\"number\",\"config\":{\"value\":5},\"position\":{\"x\":100,\"y\":100}},{\"id\":\"input-2\",\"type\":\"number\",\"config\":{\"value\":3},\"position\":{\"x\":100,\"y\":200}},{\"id\":\"transform-plus\",\"type\":\"transform\",\"config\":{\"operation\":\"math\",\"method\":\"add\"},\"position\":{\"x\":300,\"y\":150}}]"}
{"level":"info","message":"[executePipeline] Pipeline execution completed. Result: undefined"}
{"level":"info","message":"[executePipeline] pipeline: {\"id\":\"math-pipeline-001\",\"projectId\":\"math-test-project-001\",\"name\":\"summ(a, b) Pipeline\",\"description\":\"Pipeline for adding two numbers\",\"templateId\":\"simple-math-template-001\",\"mode\":\"last-result\",\"status\":\"active\",\"created\":\"2024-03-20T10:00:00Z\",\"updated\":\"2024-03-20T10:00:00Z\",\"settings\":{\"timeout\":60,\"retryPolicy\":{\"attempts\":3,\"delay\":5}},\"trigger\":{\"type\":\"manual\",\"config\":{\"inputValidation\":true}}}"}
{"level":"info","message":"[executePipeline] Executing pipeline: summ(a, b) Pipeline"}
{"level":"info","message":"[executePipeline] executionLog: {\"pipelineId\":\"math-pipeline-001\",\"timestamp\":\"2025-02-08T19:45:18.548Z\",\"status\":\"running\",\"result\":null}"}
{"level":"info","message":"template: {\"id\":\"simple-math-template-001\",\"name\":\"Simple Addition Template\",\"description\":\"Template for adding two numbers\",\"version\":\"1.0.0\",\"nodes\":[{\"id\":\"input-1\",\"type\":\"number\",\"config\":{\"value\":5},\"position\":{\"x\":100,\"y\":100}},{\"id\":\"input-2\",\"type\":\"number\",\"config\":{\"value\":3},\"position\":{\"x\":100,\"y\":200}},{\"id\":\"transform-plus\",\"type\":\"transform\",\"config\":{\"operation\":\"math\",\"method\":\"add\"},\"position\":{\"x\":300,\"y\":150}}],\"connections\":[{\"id\":\"conn-1\",\"sourceNodeId\":\"input-1\",\"targetNodeId\":\"transform-plus\",\"sourcePort\":\"output\",\"targetPort\":\"input1\"},{\"id\":\"conn-2\",\"sourceNodeId\":\"input-2\",\"targetNodeId\":\"transform-plus\",\"sourcePort\":\"output\",\"targetPort\":\"input2\"},{\"id\":\"conn-3\",\"sourceNodeId\":\"transform-plus\",\"targetNodeId\":\"return-result\",\"sourcePort\":\"output\",\"targetPort\":\"input\"}],\"validation\":{\"isValid\":true,\"errors\":[]}}"}
{"level":"info","message":"nodes: [{\"id\":\"input-1\",\"type\":\"number\",\"config\":{\"value\":5},\"position\":{\"x\":100,\"y\":100}},{\"id\":\"input-2\",\"type\":\"number\",\"config\":{\"value\":3},\"position\":{\"x\":100,\"y\":200}},{\"id\":\"transform-plus\",\"type\":\"transform\",\"config\":{\"operation\":\"math\",\"method\":\"add\"},\"position\":{\"x\":300,\"y\":150}}]"}
{"level":"info","message":"[executePipeline] Pipeline execution completed. Result: undefined"}
{"level":"info","message":"[executePipeline] pipeline: {\"id\":\"math-pipeline-001\",\"projectId\":\"math-test-project-001\",\"name\":\"summ(a, b) Pipeline\",\"description\":\"Pipeline for adding two numbers\",\"templateId\":\"simple-math-template-001\",\"mode\":\"last-result\",\"status\":\"active\",\"created\":\"2024-03-20T10:00:00Z\",\"updated\":\"2024-03-20T10:00:00Z\",\"settings\":{\"timeout\":60,\"retryPolicy\":{\"attempts\":3,\"delay\":5}},\"trigger\":{\"type\":\"manual\",\"config\":{\"inputValidation\":true}}}"}
{"level":"info","message":"[executePipeline] Executing pipeline: summ(a, b) Pipeline"}
{"level":"info","message":"[executePipeline] Pipeline execution completed. Result: undefined"}
{"level":"info","message":"[executePipeline] pipeline: {\"id\":\"math-pipeline-001\",\"projectId\":\"math-test-project-001\",\"name\":\"summ(a, b) Pipeline\",\"description\":\"Pipeline for adding two numbers\",\"templateId\":\"simple-math-template-001\",\"mode\":\"last-result\",\"status\":\"active\",\"created\":\"2024-03-20T10:00:00Z\",\"updated\":\"2024-03-20T10:00:00Z\",\"settings\":{\"timeout\":60,\"retryPolicy\":{\"attempts\":3,\"delay\":5}},\"trigger\":{\"type\":\"manual\",\"config\":{\"inputValidation\":true}}}"}
{"level":"info","message":"[executePipeline] Executing pipeline: summ(a, b) Pipeline"}
{"level":"info","message":"[executePipeline] Pipeline execution completed. Result: undefined"}
{"level":"info","message":"[executePipeline] pipeline: {\"id\":\"math-pipeline-001\",\"projectId\":\"math-test-project-001\",\"name\":\"summ(a, b) Pipeline\",\"description\":\"Pipeline for adding two numbers\",\"templateId\":\"simple-math-template-001\",\"mode\":\"last-result\",\"status\":\"active\",\"created\":\"2024-03-20T10:00:00Z\",\"updated\":\"2024-03-20T10:00:00Z\",\"settings\":{\"timeout\":60,\"retryPolicy\":{\"attempts\":3,\"delay\":5}},\"trigger\":{\"type\":\"manual\",\"config\":{\"inputValidation\":true}}}"}
{"level":"info","message":"[executePipeline] Executing pipeline: summ(a, b) Pipeline"}
{"level":"info","message":"[executePipeline] Pipeline execution completed. Result: undefined"}
{"level":"info","message":"[executePipeline] pipeline: {\"id\":\"math-pipeline-001\",\"projectId\":\"math-test-project-001\",\"name\":\"summ(a, b) Pipeline\",\"description\":\"Pipeline for adding two numbers\",\"templateId\":\"simple-math-template-001\",\"mode\":\"last-result\",\"status\":\"active\",\"created\":\"2024-03-20T10:00:00Z\",\"updated\":\"2024-03-20T10:00:00Z\",\"settings\":{\"timeout\":60,\"retryPolicy\":{\"attempts\":3,\"delay\":5}},\"trigger\":{\"type\":\"manual\",\"config\":{\"inputValidation\":true}}}"}
{"level":"info","message":"[executePipeline] Executing pipeline: summ(a, b) Pipeline"}
{"level":"info","message":"[executePipeline] Pipeline execution completed. Result: undefined"}
{"level":"info","message":"[executePipeline] pipeline: {\"id\":\"math-pipeline-001\",\"projectId\":\"math-test-project-001\",\"name\":\"summ(a, b) Pipeline\",\"description\":\"Pipeline for adding two numbers\",\"templateId\":\"simple-math-template-001\",\"mode\":\"last-result\",\"status\":\"active\",\"created\":\"2024-03-20T10:00:00Z\",\"updated\":\"2024-03-20T10:00:00Z\",\"settings\":{\"timeout\":60,\"retryPolicy\":{\"attempts\":3,\"delay\":5}},\"trigger\":{\"type\":\"manual\",\"config\":{\"inputValidation\":true}}}"}
{"level":"info","message":"[executePipeline] Executing pipeline: summ(a, b) Pipeline"}
{"level":"info","message":"[executePipeline] Pipeline execution completed. Result: undefined"}
{"level":"info","message":"[executePipeline] pipeline: {\"id\":\"math-pipeline-001\",\"projectId\":\"math-test-project-001\",\"name\":\"summ(a, b) Pipeline\",\"description\":\"Pipeline for adding two numbers\",\"templateId\":\"simple-math-template-001\",\"mode\":\"last-result\",\"status\":\"active\",\"created\":\"2024-03-20T10:00:00Z\",\"updated\":\"2024-03-20T10:00:00Z\",\"settings\":{\"timeout\":60,\"retryPolicy\":{\"attempts\":3,\"delay\":5}},\"trigger\":{\"type\":\"manual\",\"config\":{\"inputValidation\":true}}}"}
{"level":"info","message":"[executePipeline] Executing pipeline: summ(a, b) Pipeline"}
{"level":"info","message":"[executePipeline] Pipeline execution completed. Result: undefined"}
{"level":"info","message":"[executePipeline] pipeline: {\"id\":\"math-pipeline-001\",\"projectId\":\"math-test-project-001\",\"name\":\"summ(a, b) Pipeline\",\"description\":\"Pipeline for adding two numbers\",\"templateId\":\"simple-math-template-001\",\"mode\":\"last-result\",\"status\":\"active\",\"created\":\"2024-03-20T10:00:00Z\",\"updated\":\"2024-03-20T10:00:00Z\",\"settings\":{\"timeout\":60,\"retryPolicy\":{\"attempts\":3,\"delay\":5}},\"trigger\":{\"type\":\"manual\",\"config\":{\"inputValidation\":true}}}"}
{"level":"info","message":"[executePipeline] Executing pipeline: summ(a, b) Pipeline"}
{"level":"info","message":"[executePipeline] Pipeline execution completed. Result: undefined"}
{"level":"info","message":"[executePipeline] pipeline: {\"id\":\"math-pipeline-001\",\"projectId\":\"math-test-project-001\",\"name\":\"summ(a, b) Pipeline\",\"description\":\"Pipeline for adding two numbers\",\"templateId\":\"simple-math-template-001\",\"mode\":\"last-result\",\"status\":\"active\",\"created\":\"2024-03-20T10:00:00Z\",\"updated\":\"2024-03-20T10:00:00Z\",\"settings\":{\"timeout\":60,\"retryPolicy\":{\"attempts\":3,\"delay\":5}},\"trigger\":{\"type\":\"manual\",\"config\":{\"inputValidation\":true}}}"}
{"level":"info","message":"[executePipeline] Executing pipeline: summ(a, b) Pipeline"}
{"level":"info","message":"[executePipeline] Pipeline execution completed. Result: undefined"}
{"level":"info","message":"[executePipeline] pipeline: {\"id\":\"math-pipeline-001\",\"projectId\":\"math-test-project-001\",\"name\":\"summ(a, b) Pipeline\",\"description\":\"Pipeline for adding two numbers\",\"templateId\":\"simple-math-template-001\",\"mode\":\"last-result\",\"status\":\"active\",\"created\":\"2024-03-20T10:00:00Z\",\"updated\":\"2024-03-20T10:00:00Z\",\"settings\":{\"timeout\":60,\"retryPolicy\":{\"attempts\":3,\"delay\":5}},\"trigger\":{\"type\":\"manual\",\"config\":{\"inputValidation\":true}}}"}
{"level":"info","message":"[executePipeline] Executing pipeline: summ(a, b) Pipeline"}
{"level":"info","message":"[executePipeline] Pipeline execution completed. Result: undefined"}
{"level":"info","message":"[executePipeline] pipeline: {\"id\":\"math-pipeline-001\",\"projectId\":\"math-test-project-001\",\"name\":\"summ(a, b) Pipeline\",\"description\":\"Pipeline for adding two numbers\",\"templateId\":\"simple-math-template-001\",\"mode\":\"last-result\",\"status\":\"active\",\"created\":\"2024-03-20T10:00:00Z\",\"updated\":\"2024-03-20T10:00:00Z\",\"settings\":{\"timeout\":60,\"retryPolicy\":{\"attempts\":3,\"delay\":5}},\"trigger\":{\"type\":\"manual\",\"config\":{\"inputValidation\":true}}}"}
{"level":"info","message":"[executePipeline] Executing pipeline: summ(a, b) Pipeline"}
{"level":"info","message":"[executePipeline] Pipeline execution completed. Result: undefined"}
{"level":"info","message":"[executePipeline] pipeline: {\"id\":\"math-pipeline-001\",\"projectId\":\"math-test-project-001\",\"name\":\"summ(a, b) Pipeline\",\"description\":\"Pipeline for adding two numbers\",\"templateId\":\"simple-math-template-001\",\"mode\":\"last-result\",\"status\":\"active\",\"created\":\"2024-03-20T10:00:00Z\",\"updated\":\"2024-03-20T10:00:00Z\",\"settings\":{\"timeout\":60,\"retryPolicy\":{\"attempts\":3,\"delay\":5}},\"trigger\":{\"type\":\"manual\",\"config\":{\"inputValidation\":true}}}"}
{"level":"info","message":"[executePipeline] Executing pipeline: summ(a, b) Pipeline"}
{"level":"info","message":"[executePipeline] Pipeline execution completed. Result: undefined"}
{"level":"info","message":"[executePipeline] pipeline: {\"id\":\"math-pipeline-001\",\"projectId\":\"math-test-project-001\",\"name\":\"summ(a, b) Pipeline\",\"description\":\"Pipeline for adding two numbers\",\"templateId\":\"simple-math-template-001\",\"mode\":\"last-result\",\"status\":\"active\",\"created\":\"2024-03-20T10:00:00Z\",\"updated\":\"2024-03-20T10:00:00Z\",\"settings\":{\"timeout\":60,\"retryPolicy\":{\"attempts\":3,\"delay\":5}},\"trigger\":{\"type\":\"manual\",\"config\":{\"inputValidation\":true}}}"}
{"level":"info","message":"[executePipeline] Executing pipeline: summ(a, b) Pipeline"}
{"level":"info","message":"[executePipeline] Pipeline execution completed. Result: undefined"}
{"level":"info","message":"[executePipeline] pipeline: {\"id\":\"math-pipeline-001\",\"projectId\":\"math-test-project-001\",\"name\":\"summ(a, b) Pipeline\",\"description\":\"Pipeline for adding two numbers\",\"templateId\":\"simple-math-template-001\",\"mode\":\"last-result\",\"status\":\"active\",\"created\":\"2024-03-20T10:00:00Z\",\"updated\":\"2024-03-20T10:00:00Z\",\"settings\":{\"timeout\":60,\"retryPolicy\":{\"attempts\":3,\"delay\":5}},\"trigger\":{\"type\":\"manual\",\"config\":{\"inputValidation\":true}}}"}
{"level":"info","message":"[executePipeline] Executing pipeline: summ(a, b) Pipeline"}
{"level":"info","message":"[executePipeline] Pipeline execution completed. Result: undefined"}
{"level":"info","message":"[executePipeline] pipeline: {\"id\":\"math-pipeline-001\",\"projectId\":\"math-test-project-001\",\"name\":\"summ(a, b) Pipeline\",\"description\":\"Pipeline for adding two numbers\",\"templateId\":\"simple-math-template-001\",\"mode\":\"last-result\",\"status\":\"active\",\"created\":\"2024-03-20T10:00:00Z\",\"updated\":\"2024-03-20T10:00:00Z\",\"settings\":{\"timeout\":60,\"retryPolicy\":{\"attempts\":3,\"delay\":5}},\"trigger\":{\"type\":\"manual\",\"config\":{\"inputValidation\":true}}}"}
{"level":"info","message":"[executePipeline] Executing pipeline: summ(a, b) Pipeline"}
{"level":"info","message":"[executePipeline] Pipeline execution completed. Result: undefined"}
{"level":"info","message":"[executePipeline] pipeline: {\"id\":\"math-pipeline-001\",\"projectId\":\"math-test-project-001\",\"name\":\"summ(a, b) Pipeline\",\"description\":\"Pipeline for adding two numbers\",\"templateId\":\"simple-math-template-001\",\"mode\":\"last-result\",\"status\":\"active\",\"created\":\"2024-03-20T10:00:00Z\",\"updated\":\"2024-03-20T10:00:00Z\",\"settings\":{\"timeout\":60,\"retryPolicy\":{\"attempts\":3,\"delay\":5}},\"trigger\":{\"type\":\"manual\",\"config\":{\"inputValidation\":true}}}"}
{"level":"info","message":"[executePipeline] Executing pipeline: summ(a, b) Pipeline"}
{"level":"info","message":"[executePipeline] Pipeline execution completed. Result: 8"}
{"level":"info","message":"[executePipeline] pipeline: {\"id\":\"math-pipeline-001\",\"projectId\":\"math-test-project-001\",\"name\":\"summ(a, b) Pipeline\",\"description\":\"Pipeline for adding two numbers\",\"templateId\":\"simple-math-template-001\",\"mode\":\"last-result\",\"status\":\"active\",\"created\":\"2024-03-20T10:00:00Z\",\"updated\":\"2024-03-20T10:00:00Z\",\"settings\":{\"timeout\":60,\"retryPolicy\":{\"attempts\":3,\"delay\":5}},\"trigger\":{\"type\":\"manual\",\"config\":{\"inputValidation\":true}}}"}
{"level":"info","message":"[executePipeline] Executing pipeline: summ(a, b) Pipeline"}
{"level":"info","message":"[executePipeline] Pipeline execution completed. Result: 8"}
{"level":"info","message":"[executePipeline] pipeline: {\"id\":\"math-pipeline-001\",\"projectId\":\"math-test-project-001\",\"name\":\"summ(a, b) Pipeline\",\"description\":\"Pipeline for adding two numbers\",\"templateId\":\"simple-math-template-001\",\"mode\":\"last-result\",\"status\":\"active\",\"created\":\"2024-03-20T10:00:00Z\",\"updated\":\"2024-03-20T10:00:00Z\",\"settings\":{\"timeout\":60,\"retryPolicy\":{\"attempts\":3,\"delay\":5}},\"trigger\":{\"type\":\"manual\",\"config\":{\"inputValidation\":true}}}"}
{"level":"info","message":"[executePipeline] Executing pipeline: summ(a, b) Pipeline"}
{"level":"info","message":"[executePipeline] Pipeline execution completed. Result: 8"}
{"level":"info","message":"[executePipeline] pipeline: {\"id\":\"math-pipeline-001\",\"projectId\":\"math-test-project-001\",\"name\":\"summ(a, b) Pipeline\",\"description\":\"Pipeline for adding two numbers\",\"templateId\":\"simple-math-template-001\",\"mode\":\"last-result\",\"status\":\"active\",\"created\":\"2024-03-20T10:00:00Z\",\"updated\":\"2024-03-20T10:00:00Z\",\"settings\":{\"timeout\":60,\"retryPolicy\":{\"attempts\":3,\"delay\":5}},\"trigger\":{\"type\":\"manual\",\"config\":{\"inputValidation\":true}}}"}
{"level":"info","message":"[executePipeline] Executing pipeline: summ(a, b) Pipeline"}
{"level":"info","message":"[executePipeline] Pipeline execution completed. Result: 8"}
{"level":"info","message":"[executePipeline] pipeline: {\"id\":\"math-pipeline-001\",\"projectId\":\"math-test-project-001\",\"name\":\"summ(a, b) Pipeline\",\"description\":\"Pipeline for adding two numbers\",\"templateId\":\"simple-math-template-001\",\"mode\":\"last-result\",\"status\":\"active\",\"created\":\"2024-03-20T10:00:00Z\",\"updated\":\"2024-03-20T10:00:00Z\",\"settings\":{\"timeout\":60,\"retryPolicy\":{\"attempts\":3,\"delay\":5}},\"trigger\":{\"type\":\"manual\",\"config\":{\"inputValidation\":true}}}"}
{"level":"info","message":"[executePipeline] Executing pipeline: summ(a, b) Pipeline"}
{"level":"info","message":"[executePipeline] Pipeline execution completed. Result: 8"}
{"level":"info","message":"[executePipeline] pipeline: {\"id\":\"math-pipeline-001\",\"projectId\":\"math-test-project-001\",\"name\":\"summ(a, b) Pipeline\",\"description\":\"Pipeline for adding two numbers\",\"templateId\":\"simple-math-template-001\",\"mode\":\"last-result\",\"status\":\"active\",\"created\":\"2024-03-20T10:00:00Z\",\"updated\":\"2024-03-20T10:00:00Z\",\"settings\":{\"timeout\":60,\"retryPolicy\":{\"attempts\":3,\"delay\":5}},\"trigger\":{\"type\":\"manual\",\"config\":{\"inputValidation\":true}}}"}
{"level":"info","message":"[executePipeline] Executing pipeline: summ(a, b) Pipeline"}
{"level":"info","message":"[executePipeline] Pipeline execution completed. Result: 8"}
{"level":"info","message":"[executePipeline] pipeline: {\"id\":\"math-pipeline-001\",\"projectId\":\"math-test-project-001\",\"name\":\"summ(a, b) Pipeline\",\"description\":\"Pipeline for adding two numbers\",\"templateId\":\"simple-math-template-001\",\"mode\":\"last-result\",\"status\":\"active\",\"created\":\"2024-03-20T10:00:00Z\",\"updated\":\"2024-03-20T10:00:00Z\",\"settings\":{\"timeout\":60,\"retryPolicy\":{\"attempts\":3,\"delay\":5}},\"trigger\":{\"type\":\"manual\",\"config\":{\"inputValidation\":true}}}"}
{"level":"info","message":"[executePipeline] Executing pipeline: summ(a, b) Pipeline"}
{"level":"info","message":"[executePipeline] Pipeline execution completed. Result: NaN"}
{"level":"info","message":"[executePipeline] pipeline: {\"id\":\"math-pipeline-001\",\"projectId\":\"math-test-project-001\",\"name\":\"summ(a, b) Pipeline\",\"description\":\"Pipeline for adding two numbers\",\"templateId\":\"simple-math-template-001\",\"mode\":\"last-result\",\"status\":\"active\",\"created\":\"2024-03-20T10:00:00Z\",\"updated\":\"2024-03-20T10:00:00Z\",\"settings\":{\"timeout\":60,\"retryPolicy\":{\"attempts\":3,\"delay\":5}},\"trigger\":{\"type\":\"manual\",\"config\":{\"inputValidation\":true}}}"}
{"level":"info","message":"[executePipeline] Executing pipeline: summ(a, b) Pipeline"}
{"level":"info","message":"[executePipeline] Pipeline execution completed. Result: NaN"}
{"level":"info","message":"[executePipeline] pipeline: {\"id\":\"math-pipeline-001\",\"projectId\":\"math-test-project-001\",\"name\":\"summ(a, b) Pipeline\",\"description\":\"Pipeline for adding two numbers\",\"templateId\":\"simple-math-template-001\",\"mode\":\"last-result\",\"status\":\"active\",\"created\":\"2024-03-20T10:00:00Z\",\"updated\":\"2024-03-20T10:00:00Z\",\"settings\":{\"timeout\":60,\"retryPolicy\":{\"attempts\":3,\"delay\":5}},\"trigger\":{\"type\":\"manual\",\"config\":{\"inputValidation\":true}}}"}
{"level":"info","message":"[executePipeline] Executing pipeline: summ(a, b) Pipeline"}
{"level":"info","message":"[executePipeline] Pipeline execution completed. Result: NaN"}
{"level":"info","message":"[executePipeline] pipeline: {\"id\":\"math-pipeline-001\",\"projectId\":\"math-test-project-001\",\"name\":\"summ(a, b) Pipeline\",\"description\":\"Pipeline for adding two numbers\",\"templateId\":\"simple-math-template-001\",\"mode\":\"last-result\",\"status\":\"active\",\"created\":\"2024-03-20T10:00:00Z\",\"updated\":\"2024-03-20T10:00:00Z\",\"settings\":{\"timeout\":60,\"retryPolicy\":{\"attempts\":3,\"delay\":5}},\"trigger\":{\"type\":\"manual\",\"config\":{\"inputValidation\":true}}}"}
{"level":"info","message":"[executePipeline] Executing pipeline: summ(a, b) Pipeline"}
{"level":"info","message":"[executePipeline] Pipeline execution completed. Result: NaN"}
{"level":"info","message":"[executePipeline] pipeline: {\"id\":\"math-pipeline-001\",\"projectId\":\"math-test-project-001\",\"name\":\"summ(a, b) Pipeline\",\"description\":\"Pipeline for adding two numbers\",\"templateId\":\"simple-math-template-001\",\"mode\":\"last-result\",\"status\":\"active\",\"created\":\"2024-03-20T10:00:00Z\",\"updated\":\"2024-03-20T10:00:00Z\",\"settings\":{\"timeout\":60,\"retryPolicy\":{\"attempts\":3,\"delay\":5}},\"trigger\":{\"type\":\"manual\",\"config\":{\"inputValidation\":true}}}"}
{"level":"info","message":"[executePipeline] Executing pipeline: summ(a, b) Pipeline"}
{"level":"info","message":"[executePipeline] Pipeline execution completed. Result: NaN"}
{"level":"info","message":"[executePipeline] pipeline: {\"id\":\"math-pipeline-001\",\"projectId\":\"math-test-project-001\",\"name\":\"summ(a, b) Pipeline\",\"description\":\"Pipeline for adding two numbers\",\"templateId\":\"simple-math-template-001\",\"mode\":\"last-result\",\"status\":\"active\",\"created\":\"2024-03-20T10:00:00Z\",\"updated\":\"2024-03-20T10:00:00Z\",\"settings\":{\"timeout\":60,\"retryPolicy\":{\"attempts\":3,\"delay\":5}},\"trigger\":{\"type\":\"manual\",\"config\":{\"inputValidation\":true}}}"}
{"level":"info","message":"[executePipeline] Executing pipeline: summ(a, b) Pipeline"}
{"level":"info","message":"[executePipeline] pipeline: {\"id\":\"math-pipeline-001\",\"projectId\":\"math-test-project-001\",\"name\":\"summ(a, b) Pipeline\",\"description\":\"Pipeline for adding two numbers\",\"templateId\":\"simple-math-template-001\",\"mode\":\"last-result\",\"status\":\"active\",\"created\":\"2024-03-20T10:00:00Z\",\"updated\":\"2024-03-20T10:00:00Z\",\"settings\":{\"timeout\":60,\"retryPolicy\":{\"attempts\":3,\"delay\":5}},\"trigger\":{\"type\":\"manual\",\"config\":{\"inputValidation\":true}}}"}
{"level":"info","message":"[executePipeline] Executing pipeline: summ(a, b) Pipeline"}
{"level":"info","message":"[executePipeline] pipeline: {\"id\":\"math-pipeline-001\",\"projectId\":\"math-test-project-001\",\"name\":\"summ(a, b) Pipeline\",\"description\":\"Pipeline for adding two numbers\",\"templateId\":\"simple-math-template-001\",\"mode\":\"last-result\",\"status\":\"active\",\"created\":\"2024-03-20T10:00:00Z\",\"updated\":\"2024-03-20T10:00:00Z\",\"settings\":{\"timeout\":60,\"retryPolicy\":{\"attempts\":3,\"delay\":5}},\"trigger\":{\"type\":\"manual\",\"config\":{\"inputValidation\":true}}}"}
{"level":"info","message":"[executePipeline] Executing pipeline: summ(a, b) Pipeline"}
{"level":"info","message":"[executePipeline] pipeline: {\"id\":\"math-pipeline-001\",\"projectId\":\"math-test-project-001\",\"name\":\"summ(a, b) Pipeline\",\"description\":\"Pipeline for adding two numbers\",\"templateId\":\"simple-math-template-001\",\"mode\":\"last-result\",\"status\":\"active\",\"created\":\"2024-03-20T10:00:00Z\",\"updated\":\"2024-03-20T10:00:00Z\",\"settings\":{\"timeout\":60,\"retryPolicy\":{\"attempts\":3,\"delay\":5}},\"trigger\":{\"type\":\"manual\",\"config\":{\"inputValidation\":true}}}"}
{"level":"info","message":"[executePipeline] Executing pipeline: summ(a, b) Pipeline"}
{"level":"info","message":"[executePipeline] pipeline: {\"id\":\"math-pipeline-001\",\"projectId\":\"math-test-project-001\",\"name\":\"summ(a, b) Pipeline\",\"description\":\"Pipeline for adding two numbers\",\"templateId\":\"simple-math-template-001\",\"mode\":\"last-result\",\"status\":\"active\",\"created\":\"2024-03-20T10:00:00Z\",\"updated\":\"2024-03-20T10:00:00Z\",\"settings\":{\"timeout\":60,\"retryPolicy\":{\"attempts\":3,\"delay\":5}},\"trigger\":{\"type\":\"manual\",\"config\":{\"inputValidation\":true}}}"}
{"level":"info","message":"[executePipeline] Executing pipeline: summ(a, b) Pipeline"}
{"level":"info","message":"[executePipeline] pipeline: {\"id\":\"math-pipeline-001\",\"projectId\":\"math-test-project-001\",\"name\":\"summ(a, b) Pipeline\",\"description\":\"Pipeline for adding two numbers\",\"templateId\":\"simple-math-template-001\",\"mode\":\"last-result\",\"status\":\"active\",\"created\":\"2024-03-20T10:00:00Z\",\"updated\":\"2024-03-20T10:00:00Z\",\"settings\":{\"timeout\":60,\"retryPolicy\":{\"attempts\":3,\"delay\":5}},\"trigger\":{\"type\":\"manual\",\"config\":{\"inputValidation\":true}}}"}
{"level":"info","message":"[executePipeline] Executing pipeline: summ(a, b) Pipeline"}
{"level":"info","message":"[executePipeline] pipeline: {\"id\":\"math-pipeline-001\",\"projectId\":\"math-test-project-001\",\"name\":\"summ(a, b) Pipeline\",\"description\":\"Pipeline for adding two numbers\",\"templateId\":\"simple-math-template-001\",\"mode\":\"last-result\",\"status\":\"active\",\"created\":\"2024-03-20T10:00:00Z\",\"updated\":\"2024-03-20T10:00:00Z\",\"settings\":{\"timeout\":60,\"retryPolicy\":{\"attempts\":3,\"delay\":5}},\"trigger\":{\"type\":\"manual\",\"config\":{\"inputValidation\":true}}}"}
{"level":"info","message":"[executePipeline] Executing pipeline: summ(a, b) Pipeline"}
{"level":"info","message":"[executePipeline] pipeline: {\"id\":\"math-pipeline-001\",\"projectId\":\"math-test-project-001\",\"name\":\"summ(a, b) Pipeline\",\"description\":\"Pipeline for adding two numbers\",\"templateId\":\"simple-math-template-001\",\"mode\":\"last-result\",\"status\":\"active\",\"created\":\"2024-03-20T10:00:00Z\",\"updated\":\"2024-03-20T10:00:00Z\",\"settings\":{\"timeout\":60,\"retryPolicy\":{\"attempts\":3,\"delay\":5}},\"trigger\":{\"type\":\"manual\",\"config\":{\"inputValidation\":true}}}"}
{"level":"info","message":"[executePipeline] Executing pipeline: summ(a, b) Pipeline"}
{"level":"info","message":"[executePipeline] pipeline: {\"id\":\"math-pipeline-001\",\"projectId\":\"math-test-project-001\",\"name\":\"summ(a, b) Pipeline\",\"description\":\"Pipeline for adding two numbers\",\"templateId\":\"simple-math-template-001\",\"mode\":\"last-result\",\"status\":\"active\",\"created\":\"2024-03-20T10:00:00Z\",\"updated\":\"2024-03-20T10:00:00Z\",\"settings\":{\"timeout\":60,\"retryPolicy\":{\"attempts\":3,\"delay\":5}},\"trigger\":{\"type\":\"manual\",\"config\":{\"inputValidation\":true}}}"}
{"level":"info","message":"[executePipeline] Executing pipeline: summ(a, b) Pipeline"}
{"level":"info","message":"[executePipeline] Executing pipeline: summ(a, b) Pipeline"}
{"level":"info","message":"[executePipeline] Executing pipeline: summ(a, b) Pipeline"}
{"level":"info","message":"[executePipeline] Executing pipeline: summ(a, b) Pipeline"}
{"level":"info","message":"[executePipeline] Executing pipeline: summ(a, b) Pipeline"}
{"level":"info","message":"[executePipeline] Executing pipeline: summ(a, b) Pipeline"}
{"level":"info","message":"[executePipeline] Executing pipeline: summ(a, b) Pipeline"}
{"level":"info","message":"[executePipeline] Executing pipeline: summ(a, b) Pipeline"}
{"level":"info","message":"[executePipeline] Executing pipeline: summ(a, b) Pipeline"}
{"level":"info","message":"[executePipeline] Executing pipeline: summ(a, b) Pipeline"}
{"level":"info","message":"[executePipeline] Executing pipeline: summ(a, b) Pipeline"}
{"level":"info","message":"[executePipeline] Executing pipeline: summ(a, b) Pipeline"}
{"level":"info","message":"[executePipeline] Executing pipeline: summ(a, b) Pipeline"}
{"level":"info","message":"[executePipeline] Executing pipeline: summ(a, b) Pipeline"}
{"level":"info","message":"[executePipeline] Executing pipeline: summ(a, b) Pipeline"}
{"level":"info","message":"[executePipeline] Executing pipeline: summ(a, b) Pipeline"}
{"level":"info","message":"[executePipeline] Executing pipeline: summ(a, b) Pipeline"}
{"level":"info","message":"[executePipeline] Executing pipeline: summ(a, b) Pipeline"}
{"level":"info","message":"[executePipeline] Executing pipeline: summ(a, b) Pipeline"}
{"level":"info","message":"[executePipeline] Executing pipeline: summ(a, b) Pipeline"}
{"level":"info","message":"[executePipeline] Executing pipeline: summ(a, b) Pipeline"}
{"level":"info","message":"[executePipeline] Executing pipeline: summ(a, b) Pipeline"}
{"level":"info","message":"[executePipeline] Executing pipeline: summ(a, b) Pipeline"}
{"level":"info","message":"[executePipeline] Executing pipeline: summ(a, b) Pipeline"}
{"level":"info","message":"[executePipeline] Executing pipeline: summ(a, b) Pipeline"}
{"level":"info","message":"[executePipeline] Executing pipeline: summ(a, b) Pipeline"}
{"level":"info","message":"[executePipeline] Executing pipeline: summ(a, b) Pipeline"}
{"level":"info","message":"[executePipeline] Executing pipeline: summ(a, b) Pipeline"}
{"level":"info","message":"[executePipeline] Executing pipeline: summ(a, b) Pipeline"}
{"level":"info","message":"[executePipeline] Executing pipeline: summ(a, b) Pipeline"}
{"level":"info","message":"[executePipeline] Executing pipeline: summ(a, b) Pipeline"}
{"level":"info","message":"[executePipeline] Executing pipeline: summ(a, b) Pipeline"}
{"level":"info","message":"[executePipeline] Executing pipeline: summ(a, b) Pipeline"}
{"level":"info","message":"[executePipeline] Executing pipeline: summ(a, b) Pipeline"}
{"level":"info","message":"[executePipeline] Executing pipeline: summ(a, b) Pipeline"}
{"level":"info","message":"[executePipeline] Executing pipeline: summ(a, b) Pipeline"}
{"level":"info","message":"[executePipeline] Executing pipeline: summ(a, b) Pipeline"}
{"level":"info","message":"[executePipeline] Executing pipeline: summ(a, b) Pipeline"}
{"level":"info","message":"[executePipeline] Executing pipeline: summ(a, b) Pipeline"}
{"level":"info","message":"[executePipeline] Executing pipeline: summ(a, b) Pipeline"}
{"level":"info","message":"[executePipeline] Executing pipeline: summ(a, b) Pipeline"}
{"level":"info","message":"[executePipeline] Executing pipeline: summ(a, b) Pipeline"}
